ACTION_ID,OBJECT_TYPE_CODE,OBJECT_ID,ACTION_CODE,ACTION_DATE,PERFORMED_BY
1,REQ,300001,SUBMIT,2026-02-17 08:13:31,S.HASSAN
2,REQ,300001,APPROVE,2026-02-17 14:39:28,APPR.HQ_MGR
3,PO,500001,SUBMIT,2026-02-19 17:47:00,BUYER.PRIYA
4,PO,500001,APPROVE,2026-02-20 11:48:34,APPR.HQ_MGR
5,PO,500002,SUBMIT,2026-04-15 09:25:44,BUYER.SARA
6,PO,500002,APPROVE,2026-04-15 17:57:34,APPR.FM_MGR
7,PO,500002,APPROVE,2026-04-21 10:37:45,APPR.CFO
8,REQ,300003,SUBMIT,2025-08-08 15:40:43,L.NAIR
9,REQ,300003,APPROVE,2025-08-11 10:49:28,APPR.HQ_MGR
10,PO,500003,SUBMIT,2025-08-13 12:24:49,BUYER.OMAR
11,PO,500003,APPROVE,2025-08-14 08:48:55,APPR.HQ_MGR
12,PO,500003,APPROVE,2025-08-18 14:28:21,APPR.CFO
13,REQ,300004,SUBMIT,2026-05-01 13:05:45,N.SAEED
14,REQ,300004,APPROVE,2026-05-04 08:03:18,APPR.HQ_MGR
15,PO,500004,SUBMIT,2026-05-05 10:38:13,SYS_PRC_AUTOCREATE
16,PO,500004,APPROVE,2026-05-06 08:55:44,APPR.HQ_MGR
17,REQ,300005,SUBMIT,2026-06-02 08:26:23,N.SAEED
18,REQ,300005,APPROVE,2026-06-04 09:59:06,APPR.FM_MGR
19,PO,500005,SUBMIT,2026-06-08 17:44:22,SYS_PRC_AUTOCREATE
20,PO,500005,APPROVE,2026-06-09 15:28:36,APPR.FM_MGR
21,REQ,300006,SUBMIT,2025-01-06 09:39:47,A.KHAN
22,REQ,300006,APPROVE,2025-01-07 11:19:26,APPR.FM_MGR
23,PO,500006,SUBMIT,2025-01-13 14:17:29,SYS_PRC_AUTOCREATE
24,PO,500006,APPROVE,2025-01-14 09:32:37,APPR.FM_MGR
25,PO,500007,SUBMIT,2025-11-10 17:05:12,BUYER.PRIYA
26,PO,500007,APPROVE,2025-11-11 10:06:33,APPR.HQ_MGR
27,PO,500008,SUBMIT,2025-03-18 16:05:28,BUYER.SARA
28,PO,500008,APPROVE,2025-03-19 10:50:03,APPR.OPS_MGR
29,REQ,300009,SUBMIT,2025-05-06 15:47:33,R.MENON
30,REQ,300009,APPROVE,2025-05-09 10:10:42,APPR.HQ_MGR
31,PO,500009,SUBMIT,2025-05-12 13:23:04,SYS_PRC_AUTOCREATE
32,PO,500009,APPROVE,2025-05-14 13:21:47,APPR.HQ_MGR
33,REQ,300010,SUBMIT,2025-03-21 10:50:43,M.RAHMAN
34,REQ,300010,APPROVE,2025-03-24 16:24:47,APPR.OPS_DIRECTOR
35,PO,500010,SUBMIT,2025-03-26 08:54:24,SYS_PRC_AUTOCREATE
36,PO,500010,APPROVE,2025-03-27 09:48:47,APPR.OPS_MGR
37,REQ,300011,SUBMIT,2025-03-04 10:34:36,N.SAEED
38,REQ,300011,APPROVE,2025-03-04 15:04:18,APPR.HQ_MGR
39,PO,500011,SUBMIT,2025-03-05 11:19:55,SYS_PRC_AUTOCREATE
40,PO,500011,APPROVE,2025-03-07 09:42:32,APPR.HQ_MGR
41,PO,500012,SUBMIT,2024-11-25 09:11:38,BUYER.SARA
42,PO,500012,APPROVE,2024-11-27 09:39:30,APPR.HQ_MGR
43,REQ,300013,SUBMIT,2026-02-16 16:35:43,M.RAHMAN
44,REQ,300013,APPROVE,2026-03-02 10:45:24,APPR.OPS_DIRECTOR
45,PO,500013,SUBMIT,2026-03-03 14:12:53,BUYER.PRIYA
46,PO,500013,APPROVE,2026-03-04 10:23:43,APPR.OPS_MGR
47,PO,500014,SUBMIT,2026-03-31 09:23:54,BUYER.SARA
48,PO,500014,APPROVE,2026-03-31 13:58:22,APPR.HQ_MGR
49,PO,500015,SUBMIT,2026-02-20 10:37:50,BUYER.JAMES
50,PO,500015,APPROVE,2026-02-23 09:07:11,APPR.HQ_MGR
51,PO,500016,SUBMIT,2026-05-26 09:22:43,BUYER.OMAR
52,PO,500016,APPROVE,2026-05-27 08:54:13,APPR.FM_MGR
53,REQ,300017,SUBMIT,2025-03-11 09:30:36,L.NAIR
54,REQ,300017,APPROVE,2025-03-12 09:12:31,APPR.FM_MGR
55,PO,500017,SUBMIT,2025-03-14 08:26:14,BUYER.SARA
56,PO,500017,APPROVE,2025-03-17 10:31:02,APPR.FM_MGR
57,REQ,300018,SUBMIT,2026-04-13 14:38:07,F.ALI
58,REQ,300018,APPROVE,2026-04-16 15:25:45,APPR.OPS_DIRECTOR
59,PO,500018,SUBMIT,2026-04-20 08:28:05,BUYER.SARA
60,PO,500018,APPROVE,2026-04-20 17:55:58,APPR.OPS_MGR
61,PO,500018,CHANGE,2026-04-24 09:23:36,BUYER.SARA
62,PO,500018,APPROVE,2026-04-27 16:02:11,APPR.OPS_MGR
63,REQ,300019,SUBMIT,2025-03-19 17:11:18,A.KHAN
64,REQ,300019,APPROVE,2025-03-21 08:58:08,APPR.FM_MGR
65,PO,500019,SUBMIT,2025-03-24 16:00:06,BUYER.OMAR
66,PO,500019,APPROVE,2025-03-26 10:48:34,APPR.FM_MGR
67,REQ,300020,SUBMIT,2026-04-29 16:22:07,R.MENON
68,REQ,300020,APPROVE,2026-05-01 09:06:59,APPR.HQ_MGR
69,PO,500020,SUBMIT,2026-05-04 12:39:28,BUYER.JAMES
70,PO,500020,APPROVE,2026-05-07 09:41:25,APPR.HQ_MGR
71,PO,500021,SUBMIT,2025-03-04 16:01:34,BUYER.JAMES
72,PO,500021,APPROVE,2025-03-05 09:49:34,APPR.OPS_MGR
73,REQ,300022,SUBMIT,2025-09-08 13:04:46,R.MENON
74,REQ,300022,APPROVE,2025-09-10 10:20:28,APPR.FM_MGR
75,PO,500022,SUBMIT,2025-09-12 17:34:51,SYS_PRC_AUTOCREATE
76,PO,500022,APPROVE,2025-09-15 09:28:47,APPR.FM_MGR
77,REQ,300023,SUBMIT,2025-09-12 10:39:25,J.THOMAS
78,REQ,300023,APPROVE,2025-09-22 14:14:24,APPR.OPS_DIRECTOR
79,PO,500023,SUBMIT,2025-09-25 17:36:16,SYS_PRC_AUTOCREATE
80,PO,500023,APPROVE,2025-09-26 10:26:09,APPR.OPS_MGR
81,PO,500023,APPROVE,2025-09-29 12:04:24,APPR.CFO
82,PO,500023,CHANGE,2025-10-08 16:13:11,BUYER.SARA
83,PO,500023,APPROVE,2025-10-09 09:26:11,APPR.OPS_MGR
84,REQ,300024,SUBMIT,2026-03-31 10:35:45,N.SAEED
85,REQ,300024,APPROVE,2026-04-01 10:51:48,APPR.HQ_MGR
86,PO,500024,SUBMIT,2026-04-03 09:36:21,SYS_PRC_AUTOCREATE
87,PO,500024,APPROVE,2026-04-06 10:26:02,APPR.HQ_MGR
88,REQ,300025,SUBMIT,2025-11-10 12:14:18,F.ALI
89,REQ,300025,APPROVE,2025-11-11 09:13:38,APPR.HQ_MGR
90,PO,500025,SUBMIT,2025-11-12 09:04:54,SYS_PRC_AUTOCREATE
91,PO,500025,APPROVE,2025-11-14 08:39:57,APPR.HQ_MGR
92,REQ,300026,SUBMIT,2026-06-17 13:12:14,F.ALI
93,REQ,300026,APPROVE,2026-06-22 08:42:07,APPR.OPS_DIRECTOR
94,PO,500026,SUBMIT,2026-06-30 14:06:46,BUYER.JAMES
95,PO,500026,APPROVE,2026-07-01 08:21:30,APPR.OPS_MGR
96,REQ,300027,SUBMIT,2025-10-13 10:14:56,S.HASSAN
97,REQ,300027,APPROVE,2025-10-15 09:24:18,APPR.HQ_MGR
98,PO,500027,SUBMIT,2025-10-16 12:13:27,BUYER.SARA
99,PO,500027,APPROVE,2025-10-16 16:46:49,APPR.HQ_MGR
100,REQ,300028,SUBMIT,2025-07-29 08:39:08,S.HASSAN
101,REQ,300028,APPROVE,2025-07-30 08:42:37,APPR.HQ_MGR
102,PO,500028,SUBMIT,2025-08-01 14:16:47,BUYER.PRIYA
103,PO,500028,APPROVE,2025-08-04 09:47:34,APPR.HQ_MGR
104,PO,500028,CHANGE,2025-08-15 10:42:12,BUYER.PRIYA
105,PO,500028,APPROVE,2025-08-18 11:26:33,APPR.HQ_MGR
106,PO,500029,SUBMIT,2026-06-12 13:57:34,BUYER.JAMES
107,PO,500029,APPROVE,2026-06-15 10:31:59,APPR.OPS_MGR
108,REQ,300030,SUBMIT,2025-10-15 09:58:57,M.RAHMAN
109,REQ,300030,APPROVE,2025-10-16 13:40:34,APPR.FM_MGR
110,PO,500030,SUBMIT,2025-10-20 14:26:49,BUYER.OMAR
111,PO,500030,APPROVE,2025-10-21 09:42:33,APPR.FM_MGR
112,PO,500031,SUBMIT,2026-04-17 11:01:37,BUYER.OMAR
113,PO,500031,APPROVE,2026-04-20 10:57:50,APPR.HQ_MGR
114,PO,500032,SUBMIT,2025-12-29 13:40:10,BUYER.PRIYA
115,PO,500032,APPROVE,2025-12-30 09:55:20,APPR.OPS_MGR
116,PO,500032,APPROVE,2026-01-05 13:32:58,APPR.CFO
117,REQ,300033,SUBMIT,2025-08-05 13:14:08,S.HASSAN
118,REQ,300033,APPROVE,2025-08-06 10:17:33,APPR.FM_MGR
119,PO,500034,SUBMIT,2026-04-24 08:47:22,BUYER.PRIYA
120,PO,500034,APPROVE,2026-04-27 14:59:55,APPR.FM_MGR
121,REQ,300035,SUBMIT,2026-08-27 16:17:42,N.SAEED
122,REQ,300035,APPROVE,2026-08-28 09:09:57,APPR.FM_MGR
123,PO,500035,SUBMIT,2026-09-01 10:08:04,BUYER.PRIYA
124,PO,500035,APPROVE,2026-09-02 11:11:35,APPR.FM_MGR
125,REQ,300036,SUBMIT,2026-07-31 08:18:44,N.SAEED
126,REQ,300036,APPROVE,2026-07-31 12:15:42,APPR.FM_MGR
127,PO,500036,SUBMIT,2026-08-04 10:47:26,BUYER.SARA
128,PO,500036,APPROVE,2026-08-05 16:10:48,APPR.FM_MGR
129,PO,500037,SUBMIT,2025-07-14 13:01:55,BUYER.OMAR
130,PO,500037,APPROVE,2025-07-15 10:33:34,APPR.HQ_MGR
131,REQ,300038,SUBMIT,2026-08-14 16:48:13,J.THOMAS
132,REQ,300038,APPROVE,2026-08-17 10:49:22,APPR.HQ_MGR
133,PO,500038,SUBMIT,2026-08-18 11:41:40,BUYER.OMAR
134,PO,500038,APPROVE,2026-08-19 10:23:16,APPR.HQ_MGR
135,REQ,300039,SUBMIT,2024-11-11 12:18:18,A.KHAN
136,REQ,300039,REJECT,2024-11-22 16:22:31,APPR.OPS_DIRECTOR
137,REQ,300039,SUBMIT,2024-11-25 17:12:31,A.KHAN
138,REQ,300039,APPROVE,2024-11-27 08:18:09,APPR.OPS_DIRECTOR
139,PO,500039,SUBMIT,2024-11-28 17:23:17,BUYER.OMAR
140,PO,500039,APPROVE,2024-11-29 11:35:21,APPR.OPS_MGR
141,REQ,300040,SUBMIT,2025-08-18 16:01:28,R.MENON
142,REQ,300040,APPROVE,2025-08-20 09:15:06,APPR.FM_MGR
143,REQ,300041,SUBMIT,2025-11-04 09:44:58,R.MENON
144,REQ,300041,APPROVE,2025-11-05 09:11:45,APPR.HQ_MGR
145,PO,500041,SUBMIT,2025-11-10 10:26:21,BUYER.OMAR
146,PO,500041,APPROVE,2025-11-11 08:21:53,APPR.HQ_MGR
147,REQ,300042,SUBMIT,2025-04-21 13:43:58,F.ALI
148,REQ,300042,APPROVE,2025-04-23 09:58:23,APPR.FM_MGR
149,PO,500042,SUBMIT,2025-04-24 14:15:56,BUYER.SARA
150,PO,500042,APPROVE,2025-04-28 08:21:10,APPR.FM_MGR
151,PO,500042,APPROVE,2025-04-30 08:31:39,APPR.CFO
152,REQ,300043,SUBMIT,2025-03-31 17:04:42,N.SAEED
153,REQ,300043,APPROVE,2025-04-01 08:41:49,APPR.HQ_MGR
154,PO,500043,SUBMIT,2025-04-03 08:31:00,BUYER.SARA
155,PO,500043,APPROVE,2025-04-07 09:36:05,APPR.HQ_MGR
156,REQ,300044,SUBMIT,2025-11-10 14:31:38,L.NAIR
157,REQ,300044,APPROVE,2025-11-11 08:21:23,APPR.FM_MGR
158,PO,500044,SUBMIT,2025-11-14 08:22:34,BUYER.OMAR
159,PO,500044,APPROVE,2025-11-17 11:30:57,APPR.FM_MGR
160,REQ,300045,SUBMIT,2025-06-11 12:19:24,A.KHAN
161,REQ,300045,APPROVE,2025-07-03 08:36:01,APPR.OPS_DIRECTOR
162,PO,500045,SUBMIT,2025-07-08 08:27:49,SYS_PRC_AUTOCREATE
163,PO,500045,APPROVE,2025-07-09 08:23:55,APPR.OPS_MGR
164,REQ,300046,SUBMIT,2026-04-13 16:51:52,J.THOMAS
165,REQ,300046,APPROVE,2026-04-23 17:14:15,APPR.OPS_DIRECTOR
166,PO,500046,SUBMIT,2026-04-27 16:18:47,BUYER.PRIYA
167,PO,500046,APPROVE,2026-04-29 09:04:27,APPR.OPS_MGR
168,REQ,300047,SUBMIT,2025-10-07 13:38:32,L.NAIR
169,REQ,300047,APPROVE,2025-10-09 10:09:39,APPR.OPS_DIRECTOR
170,PO,500047,SUBMIT,2025-10-10 14:14:40,BUYER.JAMES
171,PO,500047,APPROVE,2025-10-13 08:19:04,APPR.OPS_MGR
172,PO,500047,CHANGE,2025-10-17 08:59:17,BUYER.JAMES
173,PO,500047,APPROVE,2025-10-20 10:27:45,APPR.OPS_MGR
174,REQ,300048,SUBMIT,2025-04-08 09:39:52,N.SAEED
175,REQ,300048,APPROVE,2025-04-09 09:58:18,APPR.FM_MGR
176,PO,500048,SUBMIT,2025-04-10 10:16:32,SYS_PRC_AUTOCREATE
177,PO,500048,APPROVE,2025-04-11 10:52:59,APPR.FM_MGR
178,PO,500049,SUBMIT,2025-11-14 10:32:24,BUYER.JAMES
179,PO,500049,APPROVE,2025-11-14 17:51:11,APPR.FM_MGR
180,REQ,300050,SUBMIT,2025-04-29 10:08:09,M.RAHMAN
181,REQ,300050,APPROVE,2025-05-01 08:45:01,APPR.HQ_MGR
182,PO,500050,SUBMIT,2025-05-02 16:05:49,SYS_PRC_AUTOCREATE
183,PO,500050,APPROVE,2025-05-05 09:58:29,APPR.HQ_MGR
184,REQ,300051,SUBMIT,2026-05-25 08:41:37,N.SAEED
185,REQ,300051,APPROVE,2026-05-26 10:57:44,APPR.OPS_MGR
186,PO,500051,SUBMIT,2026-05-27 08:45:49,BUYER.PRIYA
187,PO,500051,APPROVE,2026-05-27 15:18:12,APPR.OPS_MGR
188,PO,500051,CHANGE,2026-06-03 09:00:22,BUYER.PRIYA
189,PO,500051,APPROVE,2026-06-03 11:14:34,APPR.OPS_MGR
190,REQ,300052,SUBMIT,2026-07-06 15:34:15,N.SAEED
191,REQ,300052,APPROVE,2026-07-08 09:49:27,APPR.FM_MGR
192,PO,500052,SUBMIT,2026-07-08 16:32:59,BUYER.JAMES
193,PO,500052,APPROVE,2026-07-09 10:03:15,APPR.FM_MGR
194,REQ,300053,SUBMIT,2024-11-13 10:44:22,N.SAEED
195,REQ,300053,APPROVE,2024-11-15 09:05:20,APPR.HQ_MGR
196,PO,500053,SUBMIT,2024-11-18 16:56:30,SYS_PRC_AUTOCREATE
197,PO,500053,APPROVE,2024-11-20 08:03:37,APPR.HQ_MGR
198,REQ,300054,SUBMIT,2025-11-10 10:00:57,M.RAHMAN
199,REQ,300054,APPROVE,2025-11-24 10:26:39,APPR.OPS_DIRECTOR
200,PO,500054,SUBMIT,2025-11-25 14:57:08,BUYER.PRIYA
201,PO,500054,APPROVE,2025-11-26 08:25:00,APPR.OPS_MGR
202,PO,500054,CHANGE,2025-12-01 09:20:30,BUYER.PRIYA
203,PO,500054,APPROVE,2025-12-02 09:12:56,APPR.OPS_MGR
204,PO,500055,SUBMIT,2025-01-27 12:17:16,BUYER.SARA
205,PO,500055,APPROVE,2025-01-28 16:23:04,APPR.OPS_MGR
206,REQ,300056,SUBMIT,2026-02-23 16:55:33,A.KHAN
207,REQ,300056,APPROVE,2026-02-25 08:02:38,APPR.OPS_DIRECTOR
208,REQ,300057,SUBMIT,2025-04-07 09:07:30,L.NAIR
209,REQ,300057,APPROVE,2025-04-07 13:06:36,APPR.HQ_MGR
210,PO,500057,SUBMIT,2025-04-09 17:00:33,SYS_PRC_AUTOCREATE
211,PO,500057,APPROVE,2025-04-10 09:28:40,APPR.HQ_MGR
212,REQ,300058,SUBMIT,2024-12-03 09:22:14,J.THOMAS
213,REQ,300058,APPROVE,2024-12-04 09:38:08,APPR.FM_MGR
214,PO,500058,SUBMIT,2024-12-10 08:06:06,SYS_PRC_AUTOCREATE
215,PO,500058,APPROVE,2024-12-11 10:52:43,APPR.FM_MGR
216,REQ,300059,SUBMIT,2026-07-20 09:24:02,F.ALI
217,REQ,300059,APPROVE,2026-07-23 08:23:45,APPR.HQ_MGR
218,PO,500059,SUBMIT,2026-07-27 16:36:48,SYS_PRC_AUTOCREATE
219,PO,500059,APPROVE,2026-07-29 11:31:40,APPR.HQ_MGR
220,REQ,300060,SUBMIT,2025-05-26 12:29:29,M.RAHMAN
221,REQ,300060,APPROVE,2025-05-27 09:50:04,APPR.FM_MGR
222,PO,500060,SUBMIT,2025-05-27 15:19:43,BUYER.JAMES
223,PO,500060,APPROVE,2025-05-29 09:50:41,APPR.FM_MGR
224,REQ,300061,SUBMIT,2025-10-22 11:32:36,R.MENON
225,REQ,300061,APPROVE,2025-10-24 08:01:59,APPR.HQ_MGR
226,PO,500061,SUBMIT,2025-10-27 11:28:22,BUYER.PRIYA
227,PO,500061,APPROVE,2025-10-28 09:54:48,APPR.HQ_MGR
228,REQ,300062,SUBMIT,2026-09-08 08:05:47,N.SAEED
229,REQ,300062,APPROVE,2026-09-09 09:54:54,APPR.FM_MGR
230,PO,500062,SUBMIT,2026-09-11 12:25:08,BUYER.PRIYA
231,PO,500062,APPROVE,2026-09-14 17:31:10,APPR.FM_MGR
232,PO,500063,SUBMIT,2026-07-13 12:04:03,BUYER.JAMES
233,PO,500063,APPROVE,2026-07-14 09:49:18,APPR.OPS_MGR
234,PO,500063,APPROVE,2026-07-17 08:28:28,APPR.CFO
235,REQ,300064,SUBMIT,2025-09-29 16:23:30,R.MENON
236,REQ,300064,APPROVE,2025-10-02 10:52:45,APPR.HQ_MGR
237,PO,500064,SUBMIT,2025-10-03 13:14:36,BUYER.PRIYA
238,PO,500064,APPROVE,2025-10-06 11:50:55,APPR.HQ_MGR
239,REQ,300065,SUBMIT,2026-09-08 08:51:12,A.KHAN
240,REQ,300065,APPROVE,2026-09-11 09:42:07,APPR.OPS_MGR
241,PO,500065,SUBMIT,2026-09-14 10:07:43,SYS_PRC_AUTOCREATE
242,PO,500065,APPROVE,2026-09-15 14:30:22,APPR.OPS_MGR
243,REQ,300066,SUBMIT,2024-11-08 13:54:06,R.MENON
244,REQ,300066,REJECT,2024-11-11 08:04:00,APPR.OPS_MGR
245,REQ,300066,SUBMIT,2024-11-12 10:57:14,R.MENON
246,REQ,300066,APPROVE,2024-11-13 08:31:11,APPR.OPS_MGR
247,PO,500066,SUBMIT,2024-11-14 09:33:46,SYS_PRC_AUTOCREATE
248,PO,500066,APPROVE,2024-11-15 10:48:27,APPR.OPS_MGR
249,REQ,300067,SUBMIT,2025-10-08 10:51:36,R.MENON
250,REQ,300067,APPROVE,2025-10-08 13:32:16,APPR.HQ_MGR
251,PO,500067,SUBMIT,2025-10-14 10:03:38,BUYER.JAMES
252,PO,500067,APPROVE,2025-10-16 08:03:18,APPR.HQ_MGR
253,REQ,300068,SUBMIT,2026-08-28 17:00:23,J.THOMAS
254,REQ,300068,APPROVE,2026-08-31 08:05:14,APPR.HQ_MGR
255,PO,500068,SUBMIT,2026-09-01 09:16:44,BUYER.SARA
256,PO,500068,APPROVE,2026-09-02 08:55:31,APPR.HQ_MGR
257,PO,500068,CHANGE,2026-09-07 08:35:58,BUYER.SARA
258,PO,500068,APPROVE,2026-09-08 08:54:51,APPR.HQ_MGR
259,REQ,300069,SUBMIT,2026-07-15 10:57:10,N.SAEED
260,REQ,300069,APPROVE,2026-07-16 08:56:18,APPR.HQ_MGR
261,PO,500069,SUBMIT,2026-07-17 10:36:00,SYS_PRC_AUTOCREATE
262,PO,500069,APPROVE,2026-07-20 10:55:15,APPR.HQ_MGR
263,PO,500070,SUBMIT,2024-12-05 10:39:18,BUYER.OMAR
264,PO,500070,APPROVE,2024-12-09 10:13:21,APPR.FM_MGR
265,REQ,300071,SUBMIT,2026-06-02 14:23:39,N.SAEED
266,REQ,300071,APPROVE,2026-06-03 11:47:38,APPR.HQ_MGR
267,PO,500071,SUBMIT,2026-06-04 15:24:17,SYS_PRC_AUTOCREATE
268,PO,500071,APPROVE,2026-06-08 08:06:20,APPR.HQ_MGR
269,REQ,300072,SUBMIT,2026-02-05 10:36:39,F.ALI
270,REQ,300072,APPROVE,2026-02-09 10:18:15,APPR.FM_MGR
271,PO,500072,SUBMIT,2026-02-11 08:12:44,SYS_PRC_AUTOCREATE
272,PO,500072,APPROVE,2026-02-12 09:43:28,APPR.FM_MGR
273,PO,500072,APPROVE,2026-02-16 10:50:23,APPR.CFO
274,REQ,300073,SUBMIT,2026-07-15 10:04:08,J.THOMAS
275,REQ,300073,APPROVE,2026-07-16 10:07:29,APPR.HQ_MGR
276,PO,500073,SUBMIT,2026-07-20 09:29:57,SYS_PRC_AUTOCREATE
277,PO,500073,APPROVE,2026-07-22 08:59:35,APPR.HQ_MGR
278,REQ,300074,SUBMIT,2026-07-10 12:13:03,F.ALI
279,REQ,300074,APPROVE,2026-07-13 09:01:13,APPR.FM_MGR
280,PO,500074,SUBMIT,2026-07-17 08:49:59,SYS_PRC_AUTOCREATE
281,PO,500074,APPROVE,2026-07-20 11:02:14,APPR.FM_MGR
282,PO,500074,CHANGE,2026-07-28 10:27:34,BUYER.SARA
283,PO,500074,APPROVE,2026-08-03 10:49:37,APPR.FM_MGR
284,REQ,300075,SUBMIT,2025-08-12 09:40:10,L.NAIR
285,REQ,300075,APPROVE,2025-08-13 10:41:54,APPR.FM_MGR
286,PO,500075,SUBMIT,2025-08-15 13:49:58,BUYER.SARA
287,PO,500075,APPROVE,2025-08-18 10:22:16,APPR.FM_MGR
288,REQ,300076,SUBMIT,2025-02-18 08:00:39,L.NAIR
289,REQ,300076,APPROVE,2025-02-19 10:47:49,APPR.FM_MGR
290,PO,500076,SUBMIT,2025-02-20 15:20:59,SYS_PRC_AUTOCREATE
291,PO,500076,APPROVE,2025-02-24 16:19:32,APPR.FM_MGR
292,REQ,300077,SUBMIT,2026-01-20 09:02:12,L.NAIR
293,REQ,300077,APPROVE,2026-01-21 08:16:53,APPR.OPS_MGR
294,PO,500077,SUBMIT,2026-01-21 17:43:20,BUYER.PRIYA
295,PO,500077,APPROVE,2026-01-22 15:19:45,APPR.OPS_MGR
296,REQ,300078,SUBMIT,2025-08-11 14:29:00,L.NAIR
297,REQ,300078,APPROVE,2025-08-26 09:51:59,APPR.OPS_DIRECTOR
298,PO,500078,SUBMIT,2025-08-27 16:02:31,BUYER.PRIYA
299,PO,500078,APPROVE,2025-08-28 10:10:18,APPR.OPS_MGR
300,REQ,300079,SUBMIT,2026-03-03 11:25:07,N.SAEED
301,REQ,300079,APPROVE,2026-03-04 08:11:43,APPR.OPS_MGR
302,PO,500079,SUBMIT,2026-03-06 11:50:07,BUYER.PRIYA
303,PO,500079,APPROVE,2026-03-06 12:19:47,APPR.OPS_MGR
304,REQ,300080,SUBMIT,2026-01-13 10:30:05,A.KHAN
305,REQ,300080,APPROVE,2026-01-14 09:16:05,APPR.FM_MGR
306,PO,500080,SUBMIT,2026-01-16 12:10:22,SYS_PRC_AUTOCREATE
307,PO,500080,APPROVE,2026-01-19 12:38:23,APPR.FM_MGR
308,REQ,300081,SUBMIT,2025-08-11 15:12:13,S.HASSAN
309,REQ,300081,APPROVE,2025-08-18 08:05:07,APPR.OPS_DIRECTOR
310,PO,500081,SUBMIT,2025-08-21 16:37:41,SYS_PRC_AUTOCREATE
311,PO,500081,APPROVE,2025-08-22 10:58:47,APPR.OPS_MGR
312,PO,500082,SUBMIT,2025-03-17 14:10:40,BUYER.JAMES
313,PO,500082,APPROVE,2025-03-18 10:59:23,APPR.OPS_MGR
314,REQ,300083,SUBMIT,2024-10-09 16:12:08,A.KHAN
315,REQ,300083,APPROVE,2024-10-10 14:39:50,APPR.HQ_MGR
316,PO,500083,SUBMIT,2024-10-14 12:48:39,SYS_PRC_AUTOCREATE
317,PO,500083,APPROVE,2024-10-15 17:26:51,APPR.HQ_MGR
318,PO,500083,CHANGE,2024-10-18 13:00:47,BUYER.PRIYA
319,PO,500083,APPROVE,2024-10-21 08:51:00,APPR.HQ_MGR
320,REQ,300084,SUBMIT,2025-12-08 13:44:59,A.KHAN
321,REQ,300084,APPROVE,2025-12-10 14:43:18,APPR.HQ_MGR
322,PO,500084,SUBMIT,2025-12-15 09:26:16,BUYER.JAMES
323,PO,500084,APPROVE,2025-12-17 08:05:27,APPR.HQ_MGR
324,REQ,300085,SUBMIT,2024-11-15 16:03:40,N.SAEED
325,REQ,300085,APPROVE,2024-11-18 09:19:00,APPR.FM_MGR
326,REQ,300086,SUBMIT,2024-10-21 13:00:19,R.MENON
327,REQ,300086,APPROVE,2024-10-22 10:47:22,APPR.FM_MGR
328,PO,500086,SUBMIT,2024-10-24 13:54:23,SYS_PRC_AUTOCREATE
329,PO,500086,APPROVE,2024-10-28 09:26:48,APPR.FM_MGR
330,REQ,300087,SUBMIT,2025-07-23 16:02:10,R.MENON
331,REQ,300087,APPROVE,2025-07-24 10:01:38,APPR.FM_MGR
332,PO,500087,SUBMIT,2025-07-25 12:53:36,BUYER.JAMES
333,PO,500087,APPROVE,2025-07-28 12:32:25,APPR.FM_MGR
334,REQ,300088,SUBMIT,2025-01-22 14:22:06,M.RAHMAN
335,REQ,300088,APPROVE,2025-01-23 10:13:12,APPR.FM_MGR
336,PO,500088,SUBMIT,2025-01-24 14:01:11,BUYER.JAMES
337,PO,500088,APPROVE,2025-01-27 10:50:37,APPR.FM_MGR
338,REQ,300089,SUBMIT,2025-04-30 10:58:11,F.ALI
339,REQ,300089,APPROVE,2025-05-01 12:45:42,APPR.HQ_MGR
340,PO,500089,SUBMIT,2025-05-06 08:20:12,SYS_PRC_AUTOCREATE
341,PO,500089,APPROVE,2025-05-08 10:52:30,APPR.HQ_MGR
342,REQ,300090,SUBMIT,2025-02-27 15:29:14,S.HASSAN
343,REQ,300090,APPROVE,2025-02-28 11:12:58,APPR.HQ_MGR
344,PO,500090,SUBMIT,2025-03-03 10:51:03,BUYER.JAMES
345,PO,500090,APPROVE,2025-03-04 12:40:27,APPR.HQ_MGR
346,REQ,300091,SUBMIT,2025-11-10 09:38:05,A.KHAN
347,REQ,300091,APPROVE,2025-11-11 10:52:24,APPR.OPS_MGR
348,PO,500091,SUBMIT,2025-11-13 14:32:19,SYS_PRC_AUTOCREATE
349,PO,500091,APPROVE,2025-11-14 08:14:20,APPR.OPS_MGR
350,REQ,300092,SUBMIT,2025-01-15 12:52:39,A.KHAN
351,REQ,300092,APPROVE,2025-01-17 09:35:35,APPR.FM_MGR
352,PO,500092,SUBMIT,2025-01-20 16:14:43,BUYER.OMAR
353,PO,500092,APPROVE,2025-01-21 12:38:39,APPR.FM_MGR
354,REQ,300093,SUBMIT,2026-02-09 13:40:15,J.THOMAS
355,REQ,300093,APPROVE,2026-02-10 16:32:37,APPR.HQ_MGR
356,PO,500093,SUBMIT,2026-02-13 14:43:46,BUYER.PRIYA
357,PO,500093,APPROVE,2026-02-16 10:39:09,APPR.HQ_MGR
358,REQ,300094,SUBMIT,2026-01-14 09:58:08,J.THOMAS
359,REQ,300094,APPROVE,2026-01-15 16:41:40,APPR.HQ_MGR
360,PO,500094,SUBMIT,2026-01-19 12:31:10,SYS_PRC_AUTOCREATE
361,PO,500094,APPROVE,2026-01-23 09:58:21,APPR.HQ_MGR
362,REQ,300095,SUBMIT,2026-04-13 15:28:52,F.ALI
363,REQ,300095,APPROVE,2026-04-14 08:59:51,APPR.FM_MGR
364,PO,500095,SUBMIT,2026-04-16 11:13:34,BUYER.PRIYA
365,PO,500095,APPROVE,2026-04-17 08:27:36,APPR.FM_MGR
366,REQ,300096,SUBMIT,2026-04-08 10:32:56,L.NAIR
367,REQ,300096,APPROVE,2026-04-08 17:51:37,APPR.HQ_MGR
368,PO,500096,SUBMIT,2026-04-13 11:19:44,BUYER.SARA
369,PO,500096,APPROVE,2026-04-15 09:05:26,APPR.HQ_MGR
370,REQ,300097,SUBMIT,2024-10-07 15:46:02,R.MENON
371,REQ,300097,APPROVE,2024-10-08 08:41:39,APPR.HQ_MGR
372,PO,500097,SUBMIT,2024-10-10 11:23:57,SYS_PRC_AUTOCREATE
373,PO,500097,APPROVE,2024-10-11 10:44:56,APPR.HQ_MGR
374,REQ,300098,SUBMIT,2026-06-01 14:16:50,R.MENON
375,REQ,300098,APPROVE,2026-06-03 08:00:29,APPR.FM_MGR
376,PO,500098,SUBMIT,2026-06-05 09:26:45,BUYER.SARA
377,PO,500098,APPROVE,2026-06-05 13:35:10,APPR.FM_MGR
378,PO,500098,APPROVE,2026-06-10 09:50:39,APPR.CFO
379,PO,500098,CHANGE,2026-06-15 11:28:35,BUYER.SARA
380,PO,500098,APPROVE,2026-06-16 11:36:01,APPR.FM_MGR
381,REQ,300099,SUBMIT,2026-04-13 10:15:19,A.KHAN
382,REQ,300099,APPROVE,2026-04-14 09:13:32,APPR.FM_MGR
383,PO,500099,SUBMIT,2026-04-15 10:07:04,SYS_PRC_AUTOCREATE
384,PO,500099,APPROVE,2026-04-17 15:21:49,APPR.FM_MGR
385,REQ,300100,SUBMIT,2024-10-14 12:17:02,F.ALI
386,REQ,300100,APPROVE,2024-10-15 08:19:36,APPR.OPS_MGR
387,PO,500100,SUBMIT,2024-10-16 13:16:46,SYS_PRC_AUTOCREATE
388,PO,500100,APPROVE,2024-10-17 09:30:21,APPR.OPS_MGR
389,REQ,300101,SUBMIT,2025-02-10 14:53:21,S.HASSAN
390,REQ,300101,APPROVE,2025-02-11 12:49:50,APPR.HQ_MGR
391,PO,500101,SUBMIT,2025-02-14 09:35:34,SYS_PRC_AUTOCREATE
392,PO,500101,APPROVE,2025-02-17 10:29:21,APPR.HQ_MGR
393,REQ,300102,SUBMIT,2026-04-07 10:51:24,M.RAHMAN
394,REQ,300102,APPROVE,2026-04-09 15:33:57,APPR.OPS_DIRECTOR
395,PO,500102,SUBMIT,2026-04-13 13:48:24,BUYER.PRIYA
396,PO,500102,APPROVE,2026-04-14 09:57:55,APPR.OPS_MGR
397,PO,500103,SUBMIT,2025-01-15 16:30:20,BUYER.PRIYA
398,PO,500103,APPROVE,2025-01-17 08:29:42,APPR.FM_MGR
399,REQ,300104,SUBMIT,2024-11-26 16:20:58,M.RAHMAN
400,REQ,300104,APPROVE,2024-11-28 09:32:31,APPR.FM_MGR
401,PO,500104,SUBMIT,2024-12-02 11:45:14,SYS_PRC_AUTOCREATE
402,PO,500104,APPROVE,2024-12-03 17:54:44,APPR.FM_MGR
403,PO,500104,APPROVE,2024-12-09 10:03:32,APPR.CFO
404,REQ,300105,SUBMIT,2025-03-20 16:30:26,F.ALI
405,REQ,300105,APPROVE,2025-03-24 13:05:10,APPR.OPS_DIRECTOR
406,PO,500105,SUBMIT,2025-03-25 16:25:00,BUYER.OMAR
407,PO,500105,APPROVE,2025-03-27 08:10:19,APPR.OPS_MGR
408,PO,500105,APPROVE,2025-03-28 10:02:16,APPR.CFO
409,PO,500105,CHANGE,2025-04-07 10:02:48,BUYER.OMAR
410,PO,500105,APPROVE,2025-04-08 09:54:57,APPR.OPS_MGR
411,REQ,300106,SUBMIT,2026-01-13 13:30:51,L.NAIR
412,REQ,300106,APPROVE,2026-01-14 09:49:28,APPR.HQ_MGR
413,PO,500106,SUBMIT,2026-01-16 09:03:14,SYS_PRC_AUTOCREATE
414,PO,500106,APPROVE,2026-01-19 08:28:18,APPR.HQ_MGR
415,PO,500106,CHANGE,2026-01-23 08:09:11,BUYER.JAMES
416,PO,500106,APPROVE,2026-01-26 10:41:11,APPR.HQ_MGR
417,REQ,300107,SUBMIT,2025-08-26 09:57:51,S.HASSAN
418,REQ,300107,APPROVE,2025-08-26 17:00:16,APPR.OPS_MGR
419,PO,500107,SUBMIT,2025-08-28 09:34:53,SYS_PRC_AUTOCREATE
420,PO,500107,APPROVE,2025-08-29 10:02:56,APPR.OPS_MGR
421,PO,500108,SUBMIT,2026-04-30 13:15:13,BUYER.JAMES
422,PO,500108,APPROVE,2026-05-01 09:09:49,APPR.HQ_MGR
423,REQ,300109,SUBMIT,2025-09-23 11:34:13,F.ALI
424,REQ,300109,APPROVE,2025-09-25 10:32:26,APPR.OPS_DIRECTOR
425,PO,500109,SUBMIT,2025-09-29 13:02:54,SYS_PRC_AUTOCREATE
426,PO,500109,APPROVE,2025-10-01 09:31:23,APPR.OPS_MGR
427,REQ,300110,SUBMIT,2025-09-12 12:07:11,R.MENON
428,REQ,300110,APPROVE,2025-09-15 09:12:04,APPR.HQ_MGR
429,PO,500110,SUBMIT,2025-09-15 15:40:58,SYS_PRC_AUTOCREATE
430,PO,500110,APPROVE,2025-09-16 11:31:07,APPR.HQ_MGR
431,REQ,300111,SUBMIT,2026-05-04 13:46:40,S.HASSAN
432,REQ,300111,APPROVE,2026-05-05 09:10:16,APPR.HQ_MGR
433,PO,500111,SUBMIT,2026-05-12 10:25:31,SYS_PRC_AUTOCREATE
434,PO,500111,APPROVE,2026-05-13 10:29:07,APPR.HQ_MGR
435,REQ,300112,SUBMIT,2025-12-15 15:48:14,F.ALI
436,REQ,300112,APPROVE,2025-12-16 09:11:35,APPR.FM_MGR
437,PO,500112,SUBMIT,2025-12-18 17:07:19,BUYER.OMAR
438,PO,500112,APPROVE,2025-12-19 09:16:24,APPR.FM_MGR
439,PO,500112,APPROVE,2025-12-23 15:57:17,APPR.CFO
440,REQ,300113,SUBMIT,2026-06-19 10:01:42,L.NAIR
441,REQ,300113,APPROVE,2026-06-22 08:53:05,APPR.HQ_MGR
442,PO,500113,SUBMIT,2026-06-25 10:42:20,SYS_PRC_AUTOCREATE
443,PO,500113,APPROVE,2026-06-29 09:29:52,APPR.HQ_MGR
444,REQ,300114,SUBMIT,2025-11-07 10:31:32,L.NAIR
445,REQ,300114,APPROVE,2025-11-10 13:13:58,APPR.OPS_MGR
446,PO,500114,SUBMIT,2025-11-12 10:09:17,BUYER.JAMES
447,PO,500114,APPROVE,2025-11-14 15:30:22,APPR.OPS_MGR
448,REQ,300115,SUBMIT,2026-07-13 16:30:16,F.ALI
449,REQ,300115,APPROVE,2026-07-20 10:05:40,APPR.OPS_DIRECTOR
450,PO,500115,SUBMIT,2026-07-27 13:08:05,SYS_PRC_AUTOCREATE
451,PO,500115,APPROVE,2026-07-29 10:57:20,APPR.OPS_MGR
452,PO,500115,APPROVE,2026-08-03 10:05:45,APPR.CFO
453,REQ,300116,SUBMIT,2026-01-05 13:42:53,F.ALI
454,REQ,300116,APPROVE,2026-01-13 16:32:43,APPR.OPS_DIRECTOR
455,PO,500116,SUBMIT,2026-01-14 13:08:06,BUYER.SARA
456,PO,500116,APPROVE,2026-01-15 09:23:03,APPR.OPS_MGR
457,PO,500116,APPROVE,2026-01-19 09:03:26,APPR.CFO
458,REQ,300117,SUBMIT,2025-03-10 13:13:17,M.RAHMAN
459,REQ,300117,APPROVE,2025-03-13 09:22:44,APPR.OPS_MGR
460,PO,500117,SUBMIT,2025-03-14 17:24:07,BUYER.SARA
461,PO,500117,APPROVE,2025-03-17 09:51:09,APPR.OPS_MGR
462,PO,500117,CHANGE,2025-03-20 08:05:04,BUYER.SARA
463,PO,500117,APPROVE,2025-03-21 14:18:20,APPR.OPS_MGR
464,REQ,300118,SUBMIT,2025-09-25 08:57:07,S.HASSAN
465,REQ,300118,APPROVE,2025-09-29 10:54:50,APPR.FM_MGR
466,PO,500118,SUBMIT,2025-09-30 16:33:27,SYS_PRC_AUTOCREATE
467,PO,500118,APPROVE,2025-10-01 08:48:32,APPR.FM_MGR
468,REQ,300119,SUBMIT,2025-09-17 14:23:46,M.RAHMAN
469,REQ,300119,APPROVE,2025-09-19 08:04:52,APPR.HQ_MGR
470,PO,500119,SUBMIT,2025-09-22 13:09:34,SYS_PRC_AUTOCREATE
471,PO,500119,APPROVE,2025-09-24 12:34:22,APPR.HQ_MGR
472,REQ,300120,SUBMIT,2025-04-07 14:08:07,S.HASSAN
473,REQ,300120,APPROVE,2025-04-08 11:08:29,APPR.HQ_MGR
474,PO,500120,SUBMIT,2025-04-10 17:44:05,BUYER.SARA
475,PO,500120,APPROVE,2025-04-11 08:57:24,APPR.HQ_MGR
476,REQ,300121,SUBMIT,2026-06-10 14:08:07,S.HASSAN
477,REQ,300121,APPROVE,2026-06-12 08:44:45,APPR.HQ_MGR
478,PO,500121,SUBMIT,2026-06-15 12:18:26,BUYER.JAMES
479,PO,500121,APPROVE,2026-06-16 09:40:04,APPR.HQ_MGR
480,REQ,300122,SUBMIT,2026-02-03 12:45:02,M.RAHMAN
481,REQ,300122,APPROVE,2026-02-05 08:07:17,APPR.FM_MGR
482,PO,500122,SUBMIT,2026-02-05 17:22:36,SYS_PRC_AUTOCREATE
483,PO,500122,APPROVE,2026-02-06 13:23:30,APPR.FM_MGR
484,REQ,300123,SUBMIT,2025-03-03 12:32:53,F.ALI
485,REQ,300123,APPROVE,2025-03-05 08:23:19,APPR.FM_MGR
486,PO,500123,SUBMIT,2025-03-07 08:44:57,BUYER.OMAR
487,PO,500123,APPROVE,2025-03-10 10:44:38,APPR.FM_MGR
488,REQ,300124,SUBMIT,2026-05-25 15:14:08,L.NAIR
489,REQ,300124,APPROVE,2026-05-27 10:20:15,APPR.HQ_MGR
490,PO,500124,SUBMIT,2026-05-29 14:22:28,BUYER.JAMES
491,PO,500124,APPROVE,2026-06-01 08:07:13,APPR.HQ_MGR
492,REQ,300125,SUBMIT,2025-01-30 16:48:56,R.MENON
493,REQ,300125,APPROVE,2025-01-31 09:18:38,APPR.HQ_MGR
494,PO,500125,SUBMIT,2025-02-03 14:51:44,SYS_PRC_AUTOCREATE
495,PO,500125,APPROVE,2025-02-05 09:04:25,APPR.HQ_MGR
496,REQ,300126,SUBMIT,2026-03-20 09:38:00,N.SAEED
497,REQ,300126,APPROVE,2026-03-20 13:31:44,APPR.HQ_MGR
498,PO,500126,SUBMIT,2026-03-23 17:11:36,SYS_PRC_AUTOCREATE
499,PO,500126,APPROVE,2026-03-24 08:31:47,APPR.HQ_MGR
500,PO,500126,APPROVE,2026-04-02 10:09:43,APPR.CFO
501,REQ,300127,SUBMIT,2025-01-29 14:49:32,S.HASSAN
502,REQ,300127,APPROVE,2025-01-31 14:46:04,APPR.HQ_MGR
503,PO,500127,SUBMIT,2025-02-03 16:03:07,SYS_PRC_AUTOCREATE
504,PO,500127,APPROVE,2025-02-04 10:30:35,APPR.HQ_MGR
505,REQ,300128,SUBMIT,2025-12-08 16:31:23,J.THOMAS
506,REQ,300128,APPROVE,2025-12-09 08:48:41,APPR.HQ_MGR
507,PO,500128,SUBMIT,2025-12-10 12:27:37,BUYER.SARA
508,PO,500128,APPROVE,2025-12-12 09:33:49,APPR.HQ_MGR
509,REQ,300129,SUBMIT,2025-08-19 10:16:44,L.NAIR
510,REQ,300129,APPROVE,2025-08-26 08:00:47,APPR.OPS_DIRECTOR
511,PO,500129,SUBMIT,2025-08-28 15:26:51,BUYER.PRIYA
512,PO,500129,APPROVE,2025-09-01 09:51:55,APPR.OPS_MGR
513,PO,500129,APPROVE,2025-09-03 08:12:58,APPR.CFO
514,REQ,300130,SUBMIT,2025-08-08 15:52:43,A.KHAN
515,REQ,300130,APPROVE,2025-08-11 10:44:40,APPR.HQ_MGR
516,PO,500130,SUBMIT,2025-08-13 12:31:25,SYS_PRC_AUTOCREATE
517,PO,500130,APPROVE,2025-08-14 08:40:21,APPR.HQ_MGR
518,REQ,300131,SUBMIT,2026-01-06 13:54:11,R.MENON
519,REQ,300131,APPROVE,2026-01-08 10:54:02,APPR.FM_MGR
520,PO,500131,SUBMIT,2026-01-13 10:41:06,SYS_PRC_AUTOCREATE
521,PO,500131,APPROVE,2026-01-15 08:39:00,APPR.FM_MGR
522,REQ,300132,SUBMIT,2025-11-10 10:42:25,A.KHAN
523,REQ,300132,APPROVE,2025-11-11 17:45:11,APPR.HQ_MGR
524,PO,500132,SUBMIT,2025-11-13 12:52:31,SYS_PRC_AUTOCREATE
525,PO,500132,APPROVE,2025-11-14 10:28:45,APPR.HQ_MGR
526,REQ,300133,SUBMIT,2026-04-27 14:10:06,F.ALI
527,REQ,300133,APPROVE,2026-04-29 08:05:28,APPR.HQ_MGR
528,PO,500133,SUBMIT,2026-04-30 16:25:39,SYS_PRC_AUTOCREATE
529,PO,500133,APPROVE,2026-05-04 10:51:26,APPR.HQ_MGR
530,REQ,300134,SUBMIT,2025-07-07 15:43:13,J.THOMAS
531,REQ,300134,REJECT,2025-07-08 08:06:51,APPR.OPS_MGR
532,REQ,300134,SUBMIT,2025-07-09 09:46:03,J.THOMAS
533,REQ,300134,APPROVE,2025-07-10 10:03:01,APPR.OPS_MGR
534,PO,500134,SUBMIT,2025-07-14 13:23:37,SYS_PRC_AUTOCREATE
535,PO,500134,APPROVE,2025-07-16 10:03:56,APPR.OPS_MGR
536,REQ,300135,SUBMIT,2026-06-29 15:03:43,N.SAEED
537,REQ,300135,APPROVE,2026-06-30 10:50:12,APPR.FM_MGR
538,PO,500135,SUBMIT,2026-07-02 12:02:41,BUYER.JAMES
539,PO,500135,APPROVE,2026-07-03 10:36:40,APPR.FM_MGR
540,REQ,300136,SUBMIT,2025-12-30 12:07:09,N.SAEED
541,REQ,300136,APPROVE,2025-12-31 14:30:29,APPR.OPS_MGR
542,PO,500136,SUBMIT,2026-01-05 15:17:23,SYS_PRC_AUTOCREATE
543,PO,500136,APPROVE,2026-01-06 10:35:50,APPR.OPS_MGR
544,PO,500136,CHANGE,2026-01-16 10:12:11,BUYER.SARA
545,PO,500136,APPROVE,2026-01-19 08:07:15,APPR.OPS_MGR
546,REQ,300137,SUBMIT,2025-05-08 12:17:44,F.ALI
547,REQ,300137,APPROVE,2025-05-09 09:52:42,APPR.OPS_MGR
548,PO,500137,SUBMIT,2025-05-12 10:24:39,BUYER.PRIYA
549,PO,500137,APPROVE,2025-05-13 08:30:26,APPR.OPS_MGR
550,PO,500137,CHANGE,2025-05-20 08:17:48,BUYER.PRIYA
551,PO,500137,APPROVE,2025-05-22 08:15:19,APPR.OPS_MGR
552,REQ,300138,SUBMIT,2025-07-01 09:05:35,S.HASSAN
553,REQ,300138,APPROVE,2025-07-02 08:46:12,APPR.HQ_MGR
554,PO,500138,SUBMIT,2025-07-03 13:37:54,BUYER.PRIYA
555,PO,500138,APPROVE,2025-07-04 10:28:26,APPR.HQ_MGR
556,PO,500139,SUBMIT,2025-07-08 10:19:50,BUYER.JAMES
557,PO,500139,APPROVE,2025-07-08 13:58:28,APPR.OPS_MGR
558,PO,500140,SUBMIT,2025-11-07 16:32:18,BUYER.JAMES
559,PO,500140,APPROVE,2025-11-10 09:49:06,APPR.OPS_MGR
560,PO,500141,SUBMIT,2024-11-25 15:03:12,BUYER.OMAR
561,PO,500141,APPROVE,2024-11-28 13:02:46,APPR.FM_MGR
562,REQ,300142,SUBMIT,2024-12-31 14:55:30,L.NAIR
563,REQ,300142,APPROVE,2025-01-01 10:37:47,APPR.OPS_MGR
564,PO,500142,SUBMIT,2025-01-02 14:13:05,SYS_PRC_AUTOCREATE
565,PO,500142,APPROVE,2025-01-06 08:21:15,APPR.OPS_MGR
566,PO,500143,SUBMIT,2026-03-17 14:32:09,BUYER.OMAR
567,PO,500143,APPROVE,2026-03-18 09:46:52,APPR.HQ_MGR
568,REQ,300144,SUBMIT,2025-12-30 11:20:10,L.NAIR
569,REQ,300144,APPROVE,2025-12-31 10:37:05,APPR.FM_MGR
570,PO,500144,SUBMIT,2026-01-01 10:52:18,BUYER.JAMES
571,PO,500144,APPROVE,2026-01-05 08:18:39,APPR.FM_MGR
572,PO,500145,SUBMIT,2025-10-14 15:35:38,BUYER.SARA
573,PO,500145,APPROVE,2025-10-15 12:33:26,APPR.OPS_MGR
574,PO,500145,CHANGE,2025-10-20 13:02:50,BUYER.SARA
575,PO,500145,APPROVE,2025-10-21 08:06:30,APPR.OPS_MGR
576,REQ,300146,SUBMIT,2025-11-03 08:28:29,J.THOMAS
577,REQ,300146,APPROVE,2025-11-04 09:08:52,APPR.FM_MGR
578,PO,500146,SUBMIT,2025-11-05 12:30:07,BUYER.SARA
579,PO,500146,APPROVE,2025-11-06 10:19:49,APPR.FM_MGR
580,REQ,300147,SUBMIT,2026-07-16 12:59:10,M.RAHMAN
581,REQ,300147,APPROVE,2026-07-17 17:11:42,APPR.HQ_MGR
582,PO,500147,SUBMIT,2026-07-20 17:47:30,SYS_PRC_AUTOCREATE
583,PO,500147,APPROVE,2026-07-21 09:18:11,APPR.HQ_MGR
584,REQ,300148,SUBMIT,2025-08-18 10:05:53,F.ALI
585,REQ,300148,APPROVE,2025-08-19 09:22:35,APPR.FM_MGR
586,PO,500148,SUBMIT,2025-08-22 12:50:13,BUYER.SARA
587,PO,500148,APPROVE,2025-08-25 10:36:17,APPR.FM_MGR
588,REQ,300149,SUBMIT,2026-01-27 11:57:29,S.HASSAN
589,REQ,300149,APPROVE,2026-01-28 09:31:50,APPR.HQ_MGR
590,PO,500149,SUBMIT,2026-01-30 08:53:59,SYS_PRC_AUTOCREATE
591,PO,500149,APPROVE,2026-02-02 09:10:42,APPR.HQ_MGR
592,PO,500149,CHANGE,2026-02-12 08:28:54,BUYER.OMAR
593,PO,500149,APPROVE,2026-02-13 10:10:58,APPR.HQ_MGR
594,REQ,300150,SUBMIT,2026-05-05 08:23:44,A.KHAN
595,REQ,300150,APPROVE,2026-05-05 10:30:04,APPR.FM_MGR
596,PO,500150,SUBMIT,2026-05-06 15:58:15,BUYER.SARA
597,PO,500150,APPROVE,2026-05-07 09:20:46,APPR.FM_MGR
598,REQ,300151,SUBMIT,2026-01-29 10:37:48,F.ALI
599,REQ,300151,APPROVE,2026-01-29 13:15:25,APPR.FM_MGR
600,PO,500151,SUBMIT,2026-01-30 10:18:50,SYS_PRC_AUTOCREATE
601,PO,500151,APPROVE,2026-02-02 10:02:19,APPR.FM_MGR
602,REQ,300152,SUBMIT,2024-12-06 08:46:03,J.THOMAS
603,REQ,300152,APPROVE,2024-12-09 10:15:05,APPR.HQ_MGR
604,PO,500152,SUBMIT,2024-12-11 12:53:21,BUYER.OMAR
605,PO,500152,APPROVE,2024-12-12 09:28:15,APPR.HQ_MGR
606,REQ,300153,SUBMIT,2026-08-27 10:22:47,N.SAEED
607,REQ,300153,APPROVE,2026-08-28 10:55:06,APPR.HQ_MGR
608,PO,500153,SUBMIT,2026-08-31 14:21:32,SYS_PRC_AUTOCREATE
609,PO,500153,APPROVE,2026-09-01 08:44:11,APPR.HQ_MGR
610,REQ,300154,SUBMIT,2026-07-24 17:07:26,L.NAIR
611,REQ,300154,APPROVE,2026-07-27 12:01:20,APPR.OPS_MGR
612,PO,500154,SUBMIT,2026-07-29 09:11:48,BUYER.JAMES
613,PO,500154,APPROVE,2026-07-31 08:32:49,APPR.OPS_MGR
614,REQ,300155,SUBMIT,2025-06-13 08:23:50,N.SAEED
615,REQ,300155,APPROVE,2025-06-16 09:32:03,APPR.OPS_MGR
616,PO,500155,SUBMIT,2025-06-18 10:20:26,BUYER.PRIYA
617,PO,500155,APPROVE,2025-06-20 09:25:26,APPR.OPS_MGR
618,REQ,300156,SUBMIT,2026-01-16 09:57:25,L.NAIR
619,REQ,300156,APPROVE,2026-01-26 11:02:04,APPR.OPS_DIRECTOR
620,PO,500156,SUBMIT,2026-01-28 15:37:47,BUYER.JAMES
621,PO,500156,APPROVE,2026-01-30 08:41:18,APPR.OPS_MGR
622,REQ,300157,SUBMIT,2025-05-16 10:02:50,A.KHAN
623,REQ,300157,APPROVE,2025-05-19 16:17:46,APPR.HQ_MGR
624,PO,500157,SUBMIT,2025-05-21 10:24:57,BUYER.PRIYA
625,PO,500157,APPROVE,2025-05-21 15:15:25,APPR.HQ_MGR
626,REQ,300158,SUBMIT,2026-04-20 16:38:49,L.NAIR
627,REQ,300158,APPROVE,2026-04-23 10:12:02,APPR.OPS_DIRECTOR
628,PO,500158,SUBMIT,2026-04-24 08:24:24,BUYER.SARA
629,PO,500158,APPROVE,2026-04-27 08:22:21,APPR.OPS_MGR
630,PO,500158,APPROVE,2026-04-28 10:21:05,APPR.CFO
631,REQ,300159,SUBMIT,2026-02-09 14:30:10,N.SAEED
632,REQ,300159,APPROVE,2026-02-10 10:11:40,APPR.FM_MGR
633,PO,500159,SUBMIT,2026-02-13 15:31:17,BUYER.JAMES
634,PO,500159,APPROVE,2026-02-16 10:07:50,APPR.FM_MGR
635,REQ,300160,SUBMIT,2026-06-05 09:15:27,L.NAIR
636,REQ,300160,APPROVE,2026-06-08 09:29:39,APPR.FM_MGR
637,PO,500160,SUBMIT,2026-06-09 11:14:54,BUYER.SARA
638,PO,500160,APPROVE,2026-06-10 10:41:28,APPR.FM_MGR
639,REQ,300161,SUBMIT,2025-10-30 11:46:52,N.SAEED
640,REQ,300161,APPROVE,2025-11-07 09:37:37,APPR.OPS_DIRECTOR
641,PO,500161,SUBMIT,2025-11-07 13:39:35,SYS_PRC_AUTOCREATE
642,PO,500161,APPROVE,2025-11-10 10:49:49,APPR.OPS_MGR
643,PO,500161,APPROVE,2025-11-12 10:29:31,APPR.CFO
644,REQ,300162,SUBMIT,2025-07-31 11:24:07,M.RAHMAN
645,REQ,300162,APPROVE,2025-08-01 09:15:27,APPR.HQ_MGR
646,PO,500162,SUBMIT,2025-08-04 15:00:31,BUYER.SARA
647,PO,500162,APPROVE,2025-08-05 10:57:32,APPR.HQ_MGR
648,PO,500162,APPROVE,2025-08-07 08:32:20,APPR.CFO
649,REQ,300163,SUBMIT,2025-06-11 13:05:43,M.RAHMAN
650,REQ,300163,APPROVE,2025-06-17 17:56:17,APPR.OPS_DIRECTOR
651,PO,500163,SUBMIT,2025-06-19 14:01:44,SYS_PRC_AUTOCREATE
652,PO,500163,APPROVE,2025-06-20 10:20:42,APPR.OPS_MGR
653,REQ,300164,SUBMIT,2026-02-24 08:08:51,N.SAEED
654,REQ,300164,APPROVE,2026-02-26 14:22:06,APPR.OPS_DIRECTOR
655,PO,500164,SUBMIT,2026-02-27 12:47:21,SYS_PRC_AUTOCREATE
656,PO,500164,APPROVE,2026-03-02 12:01:18,APPR.OPS_MGR
657,REQ,300165,SUBMIT,2026-07-27 16:51:34,N.SAEED
658,REQ,300165,APPROVE,2026-07-28 08:32:09,APPR.HQ_MGR
659,PO,500165,SUBMIT,2026-07-28 17:45:57,SYS_PRC_AUTOCREATE
660,PO,500165,APPROVE,2026-07-30 09:30:13,APPR.HQ_MGR
661,PO,500166,SUBMIT,2026-06-26 10:40:12,BUYER.JAMES
662,PO,500166,APPROVE,2026-06-29 10:22:48,APPR.HQ_MGR
663,PO,500166,APPROVE,2026-07-06 13:38:32,APPR.CFO
664,PO,500166,CHANGE,2026-07-10 17:00:18,BUYER.JAMES
665,PO,500166,APPROVE,2026-07-13 10:17:42,APPR.HQ_MGR
666,PO,500167,SUBMIT,2025-04-30 08:34:40,BUYER.PRIYA
667,PO,500167,APPROVE,2025-04-30 16:00:56,APPR.OPS_MGR
668,REQ,300168,SUBMIT,2025-04-11 14:11:53,J.THOMAS
669,REQ,300168,APPROVE,2025-04-14 08:52:20,APPR.FM_MGR
670,PO,500168,SUBMIT,2025-04-15 10:42:51,BUYER.SARA
671,PO,500168,APPROVE,2025-04-16 10:12:32,APPR.FM_MGR
672,PO,500168,APPROVE,2025-04-18 09:06:03,APPR.CFO
673,REQ,300169,SUBMIT,2026-08-17 15:30:50,M.RAHMAN
674,REQ,300169,APPROVE,2026-08-18 17:15:59,APPR.OPS_MGR
675,PO,500169,SUBMIT,2026-08-19 12:59:51,BUYER.OMAR
676,PO,500169,APPROVE,2026-08-19 13:41:44,APPR.OPS_MGR
677,REQ,300170,SUBMIT,2025-10-29 15:41:12,M.RAHMAN
678,REQ,300170,REJECT,2025-10-30 08:54:29,APPR.OPS_MGR
679,REQ,300170,SUBMIT,2025-11-03 08:03:45,M.RAHMAN
680,REQ,300170,APPROVE,2025-11-06 08:18:58,APPR.OPS_MGR
681,PO,500170,SUBMIT,2025-11-10 10:08:08,BUYER.SARA
682,PO,500170,APPROVE,2025-11-10 17:37:02,APPR.OPS_MGR
683,REQ,300171,SUBMIT,2025-02-03 16:02:15,R.MENON
684,REQ,300171,APPROVE,2025-02-04 10:24:27,APPR.OPS_MGR
685,PO,500171,SUBMIT,2025-02-05 12:05:00,SYS_PRC_AUTOCREATE
686,PO,500171,APPROVE,2025-02-06 15:37:23,APPR.OPS_MGR
687,REQ,300172,SUBMIT,2025-06-13 13:17:51,F.ALI
688,REQ,300172,APPROVE,2025-06-16 08:01:26,APPR.HQ_MGR
689,PO,500172,SUBMIT,2025-06-17 14:09:52,BUYER.PRIYA
690,PO,500172,APPROVE,2025-06-18 12:12:03,APPR.HQ_MGR
691,PO,500172,CHANGE,2025-06-27 10:41:18,BUYER.PRIYA
692,PO,500172,APPROVE,2025-06-30 10:33:46,APPR.HQ_MGR
693,REQ,300173,SUBMIT,2025-08-22 10:04:30,F.ALI
694,REQ,300173,APPROVE,2025-08-25 09:48:26,APPR.HQ_MGR
695,PO,500173,SUBMIT,2025-08-28 09:25:34,SYS_PRC_AUTOCREATE
696,PO,500173,APPROVE,2025-08-29 10:08:58,APPR.HQ_MGR
697,REQ,300174,SUBMIT,2025-06-03 15:50:58,R.MENON
698,REQ,300174,APPROVE,2025-06-04 10:02:10,APPR.OPS_MGR
699,PO,500174,SUBMIT,2025-06-10 10:27:29,SYS_PRC_AUTOCREATE
700,PO,500174,APPROVE,2025-06-11 08:09:02,APPR.OPS_MGR
701,PO,500174,CHANGE,2025-06-16 08:16:02,BUYER.OMAR
702,PO,500174,APPROVE,2025-06-19 10:13:41,APPR.OPS_MGR
703,REQ,300175,SUBMIT,2026-07-06 13:33:38,N.SAEED
704,REQ,300175,APPROVE,2026-07-07 10:57:47,APPR.FM_MGR
705,PO,500175,SUBMIT,2026-07-09 13:22:55,SYS_PRC_AUTOCREATE
706,PO,500175,APPROVE,2026-07-10 08:43:53,APPR.FM_MGR
707,REQ,300176,SUBMIT,2025-06-09 15:13:36,F.ALI
708,REQ,300176,APPROVE,2025-06-12 09:54:18,APPR.OPS_DIRECTOR
709,PO,500176,SUBMIT,2025-06-17 08:05:09,BUYER.OMAR
710,PO,500176,APPROVE,2025-06-19 09:06:49,APPR.OPS_MGR
711,PO,500176,APPROVE,2025-06-23 08:31:06,APPR.CFO
712,REQ,300177,SUBMIT,2024-10-22 15:35:24,F.ALI
713,REQ,300177,APPROVE,2024-10-23 08:39:53,APPR.OPS_MGR
714,PO,500177,SUBMIT,2024-10-28 17:05:21,SYS_PRC_AUTOCREATE
715,PO,500177,APPROVE,2024-10-29 10:10:35,APPR.OPS_MGR
716,REQ,300178,SUBMIT,2025-12-29 17:29:44,J.THOMAS
717,REQ,300178,APPROVE,2025-12-31 11:39:31,APPR.FM_MGR
718,PO,500178,SUBMIT,2026-01-01 09:32:14,SYS_PRC_AUTOCREATE
719,PO,500178,APPROVE,2026-01-02 08:05:33,APPR.FM_MGR
720,PO,500178,CHANGE,2026-01-15 15:01:18,BUYER.JAMES
721,PO,500178,APPROVE,2026-01-16 08:26:23,APPR.FM_MGR
722,REQ,300179,SUBMIT,2025-02-04 09:10:07,N.SAEED
723,REQ,300179,APPROVE,2025-02-06 13:29:18,APPR.FM_MGR
724,PO,500179,SUBMIT,2025-02-10 14:56:27,BUYER.OMAR
725,PO,500179,APPROVE,2025-02-12 10:52:34,APPR.FM_MGR
726,PO,500179,CHANGE,2025-02-17 14:03:56,BUYER.OMAR
727,PO,500179,APPROVE,2025-02-18 11:44:35,APPR.FM_MGR
728,REQ,300180,SUBMIT,2025-05-19 09:36:11,N.SAEED
729,REQ,300180,APPROVE,2025-05-20 10:01:08,APPR.FM_MGR
730,PO,500180,SUBMIT,2025-05-23 08:21:34,BUYER.OMAR
731,PO,500180,APPROVE,2025-05-26 08:53:11,APPR.FM_MGR
732,PO,500180,APPROVE,2025-06-02 09:20:11,APPR.CFO
733,PO,500181,SUBMIT,2026-03-26 09:17:03,BUYER.SARA
734,PO,500181,APPROVE,2026-03-27 08:05:40,APPR.HQ_MGR
735,REQ,300182,SUBMIT,2025-06-18 13:56:25,M.RAHMAN
736,REQ,300182,APPROVE,2025-06-20 08:47:23,APPR.OPS_DIRECTOR
737,PO,500182,SUBMIT,2025-06-20 16:44:34,SYS_PRC_AUTOCREATE
738,PO,500182,APPROVE,2025-06-23 09:36:50,APPR.OPS_MGR
739,REQ,300183,SUBMIT,2025-03-07 15:08:09,A.KHAN
740,REQ,300183,APPROVE,2025-03-13 10:15:19,APPR.OPS_DIRECTOR
741,PO,500183,SUBMIT,2025-03-17 14:01:26,BUYER.JAMES
742,PO,500183,APPROVE,2025-03-18 08:38:37,APPR.OPS_MGR
743,REQ,300184,SUBMIT,2026-01-20 08:42:20,A.KHAN
744,REQ,300184,APPROVE,2026-01-21 10:27:17,APPR.OPS_DIRECTOR
745,PO,500184,SUBMIT,2026-01-26 12:24:50,SYS_PRC_AUTOCREATE
746,PO,500184,APPROVE,2026-01-27 15:02:41,APPR.OPS_MGR
747,REQ,300185,SUBMIT,2026-05-14 10:36:56,S.HASSAN
748,REQ,300185,APPROVE,2026-05-15 10:49:29,APPR.HQ_MGR
749,PO,500185,SUBMIT,2026-05-18 12:29:32,BUYER.OMAR
750,PO,500185,APPROVE,2026-05-20 09:57:53,APPR.HQ_MGR
751,PO,500185,CHANGE,2026-05-25 09:11:53,BUYER.OMAR
752,PO,500185,APPROVE,2026-05-27 09:51:25,APPR.HQ_MGR
753,PO,500186,SUBMIT,2025-07-23 15:45:08,BUYER.SARA
754,PO,500186,APPROVE,2025-07-25 09:03:39,APPR.OPS_MGR
755,REQ,300187,SUBMIT,2026-03-16 16:10:34,L.NAIR
756,REQ,300187,APPROVE,2026-03-18 08:00:10,APPR.FM_MGR
757,PO,500187,SUBMIT,2026-03-19 12:36:38,BUYER.JAMES
758,PO,500187,APPROVE,2026-03-20 08:52:21,APPR.FM_MGR
759,REQ,300188,SUBMIT,2025-07-07 12:17:08,R.MENON
760,REQ,300188,APPROVE,2025-07-08 10:04:48,APPR.OPS_MGR
761,PO,500188,SUBMIT,2025-07-10 13:28:09,BUYER.OMAR
762,PO,500188,APPROVE,2025-07-11 10:46:13,APPR.OPS_MGR
763,REQ,300189,SUBMIT,2026-04-07 09:38:53,N.SAEED
764,REQ,300189,APPROVE,2026-04-08 09:24:56,APPR.HQ_MGR
765,PO,500189,SUBMIT,2026-04-10 15:58:36,SYS_PRC_AUTOCREATE
766,PO,500189,APPROVE,2026-04-13 09:52:52,APPR.HQ_MGR
767,REQ,300190,SUBMIT,2026-06-18 10:59:10,R.MENON
768,REQ,300190,APPROVE,2026-06-18 13:42:32,APPR.FM_MGR
769,PO,500190,SUBMIT,2026-06-22 08:54:43,SYS_PRC_AUTOCREATE
770,PO,500190,APPROVE,2026-06-23 09:55:02,APPR.FM_MGR
771,REQ,300191,SUBMIT,2026-07-10 08:56:11,M.RAHMAN
772,REQ,300191,APPROVE,2026-07-13 11:58:28,APPR.HQ_MGR
773,REQ,300192,SUBMIT,2025-08-05 13:24:15,S.HASSAN
774,REQ,300192,APPROVE,2025-08-06 09:43:07,APPR.HQ_MGR
775,PO,500192,SUBMIT,2025-08-06 16:54:02,SYS_PRC_AUTOCREATE
776,PO,500192,APPROVE,2025-08-08 08:11:19,APPR.HQ_MGR
777,REQ,300193,SUBMIT,2026-08-03 16:39:07,J.THOMAS
778,REQ,300193,APPROVE,2026-08-06 10:15:31,APPR.OPS_MGR
779,PO,500193,SUBMIT,2026-08-07 16:29:56,SYS_PRC_AUTOCREATE
780,PO,500193,APPROVE,2026-08-10 10:14:01,APPR.OPS_MGR
781,REQ,300194,SUBMIT,2026-05-18 15:21:48,S.HASSAN
782,REQ,300194,APPROVE,2026-05-19 11:27:53,APPR.FM_MGR
783,PO,500194,SUBMIT,2026-05-20 12:14:16,BUYER.OMAR
784,PO,500194,APPROVE,2026-05-21 09:05:41,APPR.FM_MGR
785,PO,500195,SUBMIT,2025-01-20 12:42:59,BUYER.OMAR
786,PO,500195,APPROVE,2025-01-21 09:16:59,APPR.OPS_MGR
787,PO,500195,CHANGE,2025-02-03 16:38:39,BUYER.OMAR
788,PO,500195,APPROVE,2025-02-05 08:10:35,APPR.OPS_MGR
789,REQ,300196,SUBMIT,2025-04-28 14:47:40,F.ALI
790,REQ,300196,APPROVE,2025-04-29 10:05:49,APPR.OPS_MGR
791,PO,500196,SUBMIT,2025-05-09 08:54:29,BUYER.JAMES
792,PO,500196,APPROVE,2025-05-12 12:06:19,APPR.OPS_MGR
793,REQ,300197,SUBMIT,2026-09-08 08:05:22,L.NAIR
794,REQ,300197,APPROVE,2026-09-09 08:36:17,APPR.FM_MGR
795,PO,500197,SUBMIT,2026-09-10 17:37:13,SYS_PRC_AUTOCREATE
796,PO,500197,APPROVE,2026-09-11 16:00:17,APPR.FM_MGR
797,REQ,300198,SUBMIT,2026-03-09 13:24:47,M.RAHMAN
798,REQ,300198,APPROVE,2026-03-10 10:46:35,APPR.HQ_MGR
799,PO,500198,SUBMIT,2026-03-11 11:49:03,BUYER.PRIYA
800,PO,500198,APPROVE,2026-03-12 10:56:20,APPR.HQ_MGR
801,PO,500198,APPROVE,2026-03-16 14:11:37,APPR.CFO
802,REQ,300199,SUBMIT,2025-08-21 11:53:49,S.HASSAN
803,REQ,300199,APPROVE,2025-08-22 13:06:27,APPR.HQ_MGR
804,PO,500199,SUBMIT,2025-08-26 16:25:23,BUYER.SARA
805,PO,500199,APPROVE,2025-08-28 08:43:42,APPR.HQ_MGR
806,REQ,300200,SUBMIT,2025-10-27 09:20:22,A.KHAN
807,REQ,300200,APPROVE,2025-10-29 09:45:37,APPR.OPS_MGR
808,PO,500200,SUBMIT,2025-11-03 12:04:20,SYS_PRC_AUTOCREATE
809,PO,500200,APPROVE,2025-11-04 12:29:28,APPR.OPS_MGR
810,REQ,300201,SUBMIT,2025-01-21 14:21:12,F.ALI
811,REQ,300201,APPROVE,2025-01-24 10:06:52,APPR.OPS_MGR
812,PO,500201,SUBMIT,2025-01-28 09:41:08,SYS_PRC_AUTOCREATE
813,PO,500201,APPROVE,2025-01-29 09:55:39,APPR.OPS_MGR
814,PO,500201,CHANGE,2025-01-30 13:48:07,BUYER.JAMES
815,PO,500201,APPROVE,2025-02-03 12:22:17,APPR.OPS_MGR
816,REQ,300202,SUBMIT,2025-02-17 13:38:59,S.HASSAN
817,REQ,300202,APPROVE,2025-02-18 09:24:18,APPR.FM_MGR
818,PO,500202,SUBMIT,2025-02-19 15:03:32,BUYER.JAMES
819,PO,500202,APPROVE,2025-02-20 08:49:46,APPR.FM_MGR
820,PO,500203,SUBMIT,2026-05-25 15:31:00,BUYER.OMAR
821,PO,500203,APPROVE,2026-05-26 13:27:52,APPR.HQ_MGR
822,REQ,300204,SUBMIT,2026-06-22 11:32:43,L.NAIR
823,REQ,300204,APPROVE,2026-07-06 09:33:00,APPR.OPS_DIRECTOR
824,PO,500204,SUBMIT,2026-07-08 11:51:42,BUYER.PRIYA
825,PO,500204,APPROVE,2026-07-09 10:27:18,APPR.OPS_MGR
826,REQ,300205,SUBMIT,2025-04-07 14:26:48,F.ALI
827,REQ,300205,APPROVE,2025-04-08 10:09:52,APPR.HQ_MGR
828,PO,500205,SUBMIT,2025-04-09 12:35:06,BUYER.JAMES
829,PO,500205,APPROVE,2025-04-10 08:35:13,APPR.HQ_MGR
830,PO,500206,SUBMIT,2025-08-01 16:47:54,BUYER.SARA
831,PO,500206,APPROVE,2025-08-04 09:58:34,APPR.OPS_MGR
832,REQ,300207,SUBMIT,2026-06-03 08:12:02,F.ALI
833,REQ,300207,APPROVE,2026-06-08 10:17:42,APPR.HQ_MGR
834,PO,500207,SUBMIT,2026-06-10 10:53:37,SYS_PRC_AUTOCREATE
835,PO,500207,APPROVE,2026-06-11 09:29:29,APPR.HQ_MGR
836,REQ,300208,SUBMIT,2025-11-19 11:38:05,L.NAIR
837,REQ,300208,APPROVE,2025-11-21 09:13:01,APPR.HQ_MGR
838,PO,500208,SUBMIT,2025-11-24 13:07:28,SYS_PRC_AUTOCREATE
839,PO,500208,APPROVE,2025-11-26 09:37:52,APPR.HQ_MGR
840,REQ,300209,SUBMIT,2026-01-29 13:04:29,M.RAHMAN
841,REQ,300209,APPROVE,2026-01-30 17:49:10,APPR.FM_MGR
842,PO,500209,SUBMIT,2026-02-02 15:47:46,BUYER.SARA
843,PO,500209,APPROVE,2026-02-03 08:05:34,APPR.FM_MGR
844,REQ,300210,SUBMIT,2025-07-14 13:16:58,N.SAEED
845,REQ,300210,REJECT,2025-07-15 10:52:48,APPR.HQ_MGR
846,REQ,300210,SUBMIT,2025-07-17 08:17:06,N.SAEED
847,REQ,300210,APPROVE,2025-07-17 14:01:04,APPR.HQ_MGR
848,PO,500210,SUBMIT,2025-07-21 13:07:04,SYS_PRC_AUTOCREATE
849,PO,500210,APPROVE,2025-07-22 10:52:50,APPR.HQ_MGR
850,PO,500211,SUBMIT,2026-06-24 09:29:22,BUYER.PRIYA
851,PO,500211,APPROVE,2026-06-25 10:23:50,APPR.OPS_MGR
852,PO,500211,APPROVE,2026-06-29 09:49:13,APPR.CFO
853,REQ,300212,SUBMIT,2026-08-12 09:39:19,N.SAEED
854,REQ,300212,APPROVE,2026-08-13 10:26:47,APPR.HQ_MGR
855,PO,500212,SUBMIT,2026-08-17 13:22:28,BUYER.OMAR
856,PO,500212,APPROVE,2026-08-19 14:55:52,APPR.HQ_MGR
857,REQ,300213,SUBMIT,2025-11-04 09:16:04,L.NAIR
858,REQ,300213,APPROVE,2025-11-10 10:05:13,APPR.OPS_DIRECTOR
859,PO,500213,SUBMIT,2025-11-12 12:19:01,BUYER.SARA
860,PO,500213,APPROVE,2025-11-13 08:09:24,APPR.OPS_MGR
861,REQ,300214,SUBMIT,2025-04-18 11:55:37,F.ALI
862,REQ,300214,APPROVE,2025-04-21 10:09:13,APPR.HQ_MGR
863,PO,500214,SUBMIT,2025-04-23 10:11:38,SYS_PRC_AUTOCREATE
864,PO,500214,APPROVE,2025-04-25 10:41:45,APPR.HQ_MGR
865,PO,500214,APPROVE,2025-04-28 08:40:08,APPR.CFO
866,PO,500214,CHANGE,2025-05-01 10:05:16,BUYER.SARA
867,PO,500214,APPROVE,2025-05-05 08:20:10,APPR.HQ_MGR
868,REQ,300215,SUBMIT,2026-08-27 15:50:38,F.ALI
869,REQ,300215,APPROVE,2026-08-28 10:43:36,APPR.HQ_MGR
870,PO,500215,SUBMIT,2026-08-31 14:18:33,BUYER.PRIYA
871,PO,500215,APPROVE,2026-09-02 10:01:15,APPR.HQ_MGR
872,REQ,300216,SUBMIT,2026-03-26 15:17:19,A.KHAN
873,REQ,300216,APPROVE,2026-03-30 08:56:42,APPR.OPS_DIRECTOR
874,PO,500216,SUBMIT,2026-03-31 12:46:32,BUYER.JAMES
875,PO,500216,APPROVE,2026-04-01 11:26:35,APPR.OPS_MGR
876,REQ,300217,SUBMIT,2025-06-30 16:22:25,J.THOMAS
877,REQ,300217,APPROVE,2025-07-01 10:58:04,APPR.FM_MGR
878,PO,500217,SUBMIT,2025-07-02 10:12:53,BUYER.PRIYA
879,PO,500217,APPROVE,2025-07-03 10:06:07,APPR.FM_MGR
880,PO,500218,SUBMIT,2026-03-10 09:06:44,BUYER.JAMES
881,PO,500218,APPROVE,2026-03-11 11:15:11,APPR.FM_MGR
882,PO,500219,SUBMIT,2025-09-30 16:44:57,BUYER.JAMES
883,PO,500219,APPROVE,2025-10-01 16:04:14,APPR.HQ_MGR
884,REQ,300220,SUBMIT,2025-07-11 10:38:04,R.MENON
885,REQ,300220,APPROVE,2025-07-14 09:19:25,APPR.FM_MGR
886,PO,500220,SUBMIT,2025-07-15 17:12:19,BUYER.SARA
887,PO,500220,APPROVE,2025-07-16 10:08:50,APPR.FM_MGR
888,PO,500221,SUBMIT,2025-12-03 13:36:56,BUYER.JAMES
889,PO,500221,APPROVE,2025-12-04 10:26:42,APPR.FM_MGR
890,REQ,300222,SUBMIT,2025-05-27 17:28:59,L.NAIR
891,REQ,300222,APPROVE,2025-05-30 10:03:45,APPR.HQ_MGR
892,PO,500222,SUBMIT,2025-06-02 14:17:51,BUYER.OMAR
893,PO,500222,APPROVE,2025-06-03 08:36:59,APPR.HQ_MGR
894,PO,500222,CHANGE,2025-06-09 08:51:34,BUYER.OMAR
895,PO,500222,APPROVE,2025-06-11 10:59:59,APPR.HQ_MGR
896,REQ,300223,SUBMIT,2025-07-07 15:10:28,F.ALI
897,REQ,300223,APPROVE,2025-07-10 10:55:11,APPR.HQ_MGR
898,PO,500223,SUBMIT,2025-07-11 14:22:26,SYS_PRC_AUTOCREATE
899,PO,500223,APPROVE,2025-07-14 09:04:25,APPR.HQ_MGR
900,REQ,300224,SUBMIT,2025-09-16 08:29:33,J.THOMAS
901,REQ,300224,APPROVE,2025-09-16 10:43:47,APPR.FM_MGR
902,PO,500224,SUBMIT,2025-09-17 14:57:51,SYS_PRC_AUTOCREATE
903,PO,500224,APPROVE,2025-09-19 09:01:45,APPR.FM_MGR
904,PO,500224,APPROVE,2025-09-23 15:16:30,APPR.CFO
905,REQ,300225,SUBMIT,2024-10-14 10:28:53,M.RAHMAN
906,REQ,300225,APPROVE,2024-10-16 11:36:40,APPR.OPS_DIRECTOR
907,PO,500225,SUBMIT,2024-10-17 11:58:04,BUYER.SARA
908,PO,500225,APPROVE,2024-10-18 10:06:34,APPR.OPS_MGR
909,PO,500225,APPROVE,2024-10-21 10:12:26,APPR.CFO
910,PO,500226,SUBMIT,2025-04-14 12:07:45,BUYER.SARA
911,PO,500226,APPROVE,2025-04-16 08:41:35,APPR.OPS_MGR
912,REQ,300227,SUBMIT,2025-02-20 15:38:29,S.HASSAN
913,REQ,300227,APPROVE,2025-02-21 10:40:20,APPR.OPS_MGR
914,PO,500227,SUBMIT,2025-02-24 13:51:44,BUYER.JAMES
915,PO,500227,APPROVE,2025-02-25 09:50:29,APPR.OPS_MGR
916,PO,500228,SUBMIT,2026-03-26 12:50:10,BUYER.SARA
917,PO,500228,APPROVE,2026-03-27 08:46:34,APPR.FM_MGR
918,REQ,300229,SUBMIT,2026-01-20 09:36:30,N.SAEED
919,REQ,300229,APPROVE,2026-01-23 08:36:49,APPR.OPS_MGR
920,PO,500229,SUBMIT,2026-01-26 17:14:45,BUYER.SARA
921,PO,500229,APPROVE,2026-01-27 15:09:42,APPR.OPS_MGR
922,PO,500229,CHANGE,2026-02-02 13:49:03,BUYER.SARA
923,PO,500229,APPROVE,2026-02-05 08:32:49,APPR.OPS_MGR
924,REQ,300230,SUBMIT,2025-07-15 16:08:41,F.ALI
925,REQ,300230,APPROVE,2025-07-17 09:46:42,APPR.HQ_MGR
926,PO,500230,SUBMIT,2025-07-21 17:12:11,SYS_PRC_AUTOCREATE
927,PO,500230,APPROVE,2025-07-24 08:10:55,APPR.HQ_MGR
928,PO,500231,SUBMIT,2025-08-14 17:32:19,BUYER.JAMES
929,PO,500231,APPROVE,2025-08-15 08:07:26,APPR.FM_MGR
930,REQ,300232,SUBMIT,2025-06-09 15:04:25,A.KHAN
931,REQ,300232,APPROVE,2025-06-11 08:01:40,APPR.HQ_MGR
932,PO,500232,SUBMIT,2025-06-13 11:15:18,BUYER.OMAR
933,PO,500232,APPROVE,2025-06-13 16:25:26,APPR.HQ_MGR
934,REQ,300233,SUBMIT,2026-04-07 10:08:59,M.RAHMAN
935,REQ,300233,APPROVE,2026-04-08 14:39:31,APPR.HQ_MGR
936,PO,500233,SUBMIT,2026-04-10 10:12:52,SYS_PRC_AUTOCREATE
937,PO,500233,APPROVE,2026-04-13 09:05:12,APPR.HQ_MGR
938,REQ,300234,SUBMIT,2025-05-12 11:12:48,M.RAHMAN
939,REQ,300234,APPROVE,2025-05-14 09:59:38,APPR.HQ_MGR
940,PO,500234,SUBMIT,2025-05-19 11:58:05,BUYER.SARA
941,PO,500234,APPROVE,2025-05-20 08:50:59,APPR.HQ_MGR
942,REQ,300235,SUBMIT,2025-10-20 13:13:03,N.SAEED
943,REQ,300235,APPROVE,2025-10-20 17:18:55,APPR.FM_MGR
944,PO,500235,SUBMIT,2025-10-21 16:47:27,SYS_PRC_AUTOCREATE
945,PO,500235,APPROVE,2025-10-23 08:59:30,APPR.FM_MGR
946,PO,500235,APPROVE,2025-10-27 15:27:46,APPR.CFO
947,REQ,300236,SUBMIT,2025-04-07 10:00:15,R.MENON
948,REQ,300236,APPROVE,2025-04-08 08:20:30,APPR.OPS_MGR
949,PO,500236,SUBMIT,2025-04-11 12:37:13,BUYER.PRIYA
950,PO,500236,APPROVE,2025-04-14 10:49:59,APPR.OPS_MGR
951,REQ,300237,SUBMIT,2025-01-30 12:42:35,M.RAHMAN
952,REQ,300237,APPROVE,2025-02-06 12:56:48,APPR.OPS_DIRECTOR
953,PO,500237,SUBMIT,2025-02-07 13:13:52,BUYER.PRIYA
954,PO,500237,APPROVE,2025-02-10 09:28:30,APPR.OPS_MGR
955,REQ,300238,SUBMIT,2025-06-02 10:42:43,J.THOMAS
956,REQ,300238,APPROVE,2025-06-16 09:35:05,APPR.OPS_DIRECTOR
957,PO,500238,SUBMIT,2025-06-20 10:41:27,SYS_PRC_AUTOCREATE
958,PO,500238,APPROVE,2025-06-23 08:10:53,APPR.OPS_MGR
959,REQ,300239,SUBMIT,2025-12-15 10:59:22,M.RAHMAN
960,REQ,300239,APPROVE,2025-12-15 15:31:10,APPR.FM_MGR
961,PO,500239,SUBMIT,2025-12-16 11:27:56,BUYER.OMAR
962,PO,500239,APPROVE,2025-12-17 08:40:19,APPR.FM_MGR
963,REQ,300240,SUBMIT,2025-11-11 08:40:37,A.KHAN
964,REQ,300240,APPROVE,2025-11-12 08:22:14,APPR.FM_MGR
965,PO,500240,SUBMIT,2025-11-13 13:34:32,SYS_PRC_AUTOCREATE
966,PO,500240,APPROVE,2025-11-14 13:00:23,APPR.FM_MGR
967,PO,500240,APPROVE,2025-11-17 09:16:46,APPR.CFO
968,REQ,300241,SUBMIT,2024-10-17 11:50:14,L.NAIR
969,REQ,300241,APPROVE,2024-10-18 08:00:16,APPR.HQ_MGR
970,PO,500241,SUBMIT,2024-10-21 16:32:11,SYS_PRC_AUTOCREATE
971,PO,500241,APPROVE,2024-10-22 14:27:12,APPR.HQ_MGR
972,PO,500241,APPROVE,2024-10-23 13:29:23,APPR.CFO
973,REQ,300242,SUBMIT,2025-03-13 13:43:40,A.KHAN
974,REQ,300242,APPROVE,2025-03-17 09:02:10,APPR.FM_MGR
975,PO,500242,SUBMIT,2025-03-18 08:43:40,BUYER.PRIYA
976,PO,500242,APPROVE,2025-03-20 08:04:59,APPR.FM_MGR
977,PO,500242,CHANGE,2025-03-26 11:29:19,BUYER.PRIYA
978,PO,500242,APPROVE,2025-03-27 13:24:33,APPR.FM_MGR
979,REQ,300243,SUBMIT,2025-07-04 10:57:26,N.SAEED
980,REQ,300243,APPROVE,2025-07-07 08:13:36,APPR.OPS_DIRECTOR
981,PO,500243,SUBMIT,2025-07-08 12:39:09,SYS_PRC_AUTOCREATE
982,PO,500243,APPROVE,2025-07-09 10:17:37,APPR.OPS_MGR
983,REQ,300244,SUBMIT,2025-05-22 14:25:19,R.MENON
984,REQ,300244,APPROVE,2025-05-23 08:20:42,APPR.HQ_MGR
985,PO,500244,SUBMIT,2025-05-26 16:10:40,BUYER.JAMES
986,PO,500244,APPROVE,2025-05-27 09:48:26,APPR.HQ_MGR
987,REQ,300245,SUBMIT,2026-01-06 13:10:23,J.THOMAS
988,REQ,300245,APPROVE,2026-01-16 08:27:12,APPR.OPS_DIRECTOR
989,PO,500245,SUBMIT,2026-01-19 12:41:04,BUYER.JAMES
990,PO,500245,APPROVE,2026-01-21 13:49:40,APPR.OPS_MGR
991,REQ,300246,SUBMIT,2025-10-02 12:08:06,L.NAIR
992,REQ,300246,APPROVE,2025-10-03 08:26:54,APPR.FM_MGR
993,PO,500246,SUBMIT,2025-10-06 10:09:12,SYS_PRC_AUTOCREATE
994,PO,500246,APPROVE,2025-10-07 12:58:55,APPR.FM_MGR
995,REQ,300247,SUBMIT,2025-09-17 11:47:43,L.NAIR
996,REQ,300247,APPROVE,2025-09-18 10:24:51,APPR.HQ_MGR
997,PO,500247,SUBMIT,2025-09-19 11:50:11,SYS_PRC_AUTOCREATE
998,PO,500247,APPROVE,2025-09-22 10:49:50,APPR.HQ_MGR
999,PO,500248,SUBMIT,2025-01-08 12:33:33,BUYER.OMAR
1000,PO,500248,APPROVE,2025-01-09 09:47:29,APPR.OPS_MGR
1001,REQ,300249,SUBMIT,2025-04-15 09:35:25,S.HASSAN
1002,REQ,300249,APPROVE,2025-04-16 08:18:45,APPR.HQ_MGR
1003,PO,500249,SUBMIT,2025-04-18 16:35:35,SYS_PRC_AUTOCREATE
1004,PO,500249,APPROVE,2025-04-21 10:40:20,APPR.HQ_MGR
1005,PO,500249,APPROVE,2025-04-23 12:37:33,APPR.CFO
1006,REQ,300250,SUBMIT,2025-06-10 08:45:23,R.MENON
1007,REQ,300250,APPROVE,2025-06-10 10:44:12,APPR.OPS_DIRECTOR
1008,PO,500250,SUBMIT,2025-06-11 11:13:41,BUYER.PRIYA
1009,PO,500250,APPROVE,2025-06-16 08:52:58,APPR.OPS_MGR
1010,PO,500250,APPROVE,2025-06-18 10:04:01,APPR.CFO
1011,PO,500250,CHANGE,2025-06-23 09:42:20,BUYER.PRIYA
1012,PO,500250,APPROVE,2025-06-24 14:23:53,APPR.OPS_MGR
1013,REQ,300251,SUBMIT,2025-05-13 10:28:19,N.SAEED
1014,REQ,300251,APPROVE,2025-05-13 15:49:09,APPR.OPS_MGR
1015,PO,500251,SUBMIT,2025-05-16 08:44:30,BUYER.OMAR
1016,PO,500251,APPROVE,2025-05-19 09:41:16,APPR.OPS_MGR
1017,REQ,300252,SUBMIT,2026-03-16 09:01:52,F.ALI
1018,REQ,300252,APPROVE,2026-03-18 08:26:06,APPR.FM_MGR
1019,PO,500252,SUBMIT,2026-03-19 11:43:01,SYS_PRC_AUTOCREATE
1020,PO,500252,APPROVE,2026-03-20 08:58:55,APPR.FM_MGR
1021,REQ,300253,SUBMIT,2026-05-04 14:32:11,R.MENON
1022,REQ,300253,APPROVE,2026-05-05 08:58:40,APPR.FM_MGR
1023,PO,500253,SUBMIT,2026-05-06 11:01:35,BUYER.SARA
1024,PO,500253,APPROVE,2026-05-07 08:48:29,APPR.FM_MGR
1025,REQ,300254,SUBMIT,2025-08-29 12:59:51,R.MENON
1026,REQ,300254,APPROVE,2025-09-01 10:38:50,APPR.FM_MGR
1027,PO,500254,SUBMIT,2025-09-02 16:11:13,BUYER.SARA
1028,PO,500254,APPROVE,2025-09-03 09:55:03,APPR.FM_MGR
1029,REQ,300255,SUBMIT,2025-02-04 09:15:30,F.ALI
1030,REQ,300255,APPROVE,2025-02-05 10:29:10,APPR.HQ_MGR
1031,PO,500255,SUBMIT,2025-02-07 08:04:32,BUYER.PRIYA
1032,PO,500255,APPROVE,2025-02-10 09:29:27,APPR.HQ_MGR
1033,PO,500255,APPROVE,2025-02-17 15:04:36,APPR.CFO
1034,REQ,300256,SUBMIT,2025-05-16 09:51:10,J.THOMAS
1035,REQ,300256,APPROVE,2025-05-19 09:06:10,APPR.FM_MGR
1036,PO,500256,SUBMIT,2025-05-20 11:16:35,SYS_PRC_AUTOCREATE
1037,PO,500256,APPROVE,2025-05-21 10:55:54,APPR.FM_MGR
1038,REQ,300257,SUBMIT,2025-06-25 08:45:13,N.SAEED
1039,REQ,300257,APPROVE,2025-06-26 10:56:34,APPR.HQ_MGR
1040,PO,500257,SUBMIT,2025-06-27 08:24:14,SYS_PRC_AUTOCREATE
1041,PO,500257,APPROVE,2025-06-30 12:45:19,APPR.HQ_MGR
1042,PO,500257,CHANGE,2025-07-07 09:05:15,BUYER.PRIYA
1043,PO,500257,APPROVE,2025-07-08 16:12:55,APPR.HQ_MGR
1044,REQ,300258,SUBMIT,2024-11-19 08:15:22,L.NAIR
1045,REQ,300258,APPROVE,2024-11-19 10:34:36,APPR.OPS_MGR
1046,PO,500258,SUBMIT,2024-11-20 15:04:09,BUYER.JAMES
1047,PO,500258,APPROVE,2024-11-22 08:09:04,APPR.OPS_MGR
1048,PO,500259,SUBMIT,2024-12-03 10:29:32,BUYER.SARA
1049,PO,500259,APPROVE,2024-12-04 10:53:53,APPR.HQ_MGR
1050,PO,500259,APPROVE,2024-12-10 10:59:33,APPR.CFO
1051,PO,500260,SUBMIT,2025-05-12 08:29:35,BUYER.SARA
1052,PO,500260,APPROVE,2025-05-12 16:31:08,APPR.HQ_MGR
1053,REQ,300261,SUBMIT,2025-03-06 15:10:52,R.MENON
1054,REQ,300261,APPROVE,2025-03-07 08:56:51,APPR.HQ_MGR
1055,PO,500261,SUBMIT,2025-03-10 17:11:54,BUYER.JAMES
1056,PO,500261,APPROVE,2025-03-11 09:21:30,APPR.HQ_MGR
1057,REQ,300262,SUBMIT,2025-01-28 09:36:56,F.ALI
1058,REQ,300262,APPROVE,2025-01-29 13:06:31,APPR.HQ_MGR
1059,PO,500262,SUBMIT,2025-01-31 10:33:49,BUYER.JAMES
1060,PO,500262,APPROVE,2025-02-03 08:14:26,APPR.HQ_MGR
1061,REQ,300263,SUBMIT,2024-11-18 13:59:27,N.SAEED
1062,REQ,300263,APPROVE,2024-11-19 09:15:40,APPR.HQ_MGR
1063,PO,500263,SUBMIT,2024-11-20 15:55:37,SYS_PRC_AUTOCREATE
1064,PO,500263,APPROVE,2024-11-22 08:06:38,APPR.HQ_MGR
1065,PO,500263,CHANGE,2024-11-28 08:59:47,BUYER.PRIYA
1066,PO,500263,APPROVE,2024-12-02 12:11:54,APPR.HQ_MGR
1067,REQ,300264,SUBMIT,2026-07-20 13:30:15,L.NAIR
1068,REQ,300264,APPROVE,2026-07-22 10:00:04,APPR.HQ_MGR
1069,PO,500264,SUBMIT,2026-07-23 11:16:58,BUYER.JAMES
1070,PO,500264,APPROVE,2026-07-27 10:18:06,APPR.HQ_MGR
1071,PO,500265,SUBMIT,2026-06-22 11:14:30,BUYER.PRIYA
1072,PO,500265,APPROVE,2026-06-23 09:07:57,APPR.HQ_MGR
1073,REQ,300266,SUBMIT,2026-03-02 11:54:33,F.ALI
1074,REQ,300266,APPROVE,2026-03-04 12:22:19,APPR.HQ_MGR
1075,PO,500266,SUBMIT,2026-03-05 15:57:11,BUYER.JAMES
1076,PO,500266,APPROVE,2026-03-09 10:51:37,APPR.HQ_MGR
1077,PO,500266,CHANGE,2026-03-12 10:27:34,BUYER.JAMES
1078,PO,500266,APPROVE,2026-03-16 08:26:20,APPR.HQ_MGR
1079,REQ,300267,SUBMIT,2024-11-25 14:47:36,N.SAEED
1080,REQ,300267,APPROVE,2024-11-28 09:49:40,APPR.OPS_MGR
1081,PO,500267,SUBMIT,2024-11-29 08:54:46,SYS_PRC_AUTOCREATE
1082,PO,500267,APPROVE,2024-12-02 10:46:51,APPR.OPS_MGR
1083,PO,500268,SUBMIT,2025-01-22 09:32:05,BUYER.JAMES
1084,PO,500268,APPROVE,2025-01-22 17:13:06,APPR.OPS_MGR
1085,REQ,300269,SUBMIT,2026-01-05 10:13:58,S.HASSAN
1086,REQ,300269,REJECT,2026-01-06 10:53:41,APPR.FM_MGR
1087,REQ,300269,SUBMIT,2026-01-07 09:53:38,S.HASSAN
1088,REQ,300269,APPROVE,2026-01-08 10:35:09,APPR.FM_MGR
1089,PO,500269,SUBMIT,2026-01-12 15:26:27,BUYER.JAMES
1090,PO,500269,APPROVE,2026-01-15 10:20:57,APPR.FM_MGR
1091,PO,500269,APPROVE,2026-01-19 09:18:59,APPR.CFO
1092,PO,500269,CHANGE,2026-01-21 10:08:36,BUYER.JAMES
1093,PO,500269,APPROVE,2026-01-26 08:17:16,APPR.FM_MGR
1094,REQ,300270,SUBMIT,2024-12-10 08:16:40,S.HASSAN
1095,REQ,300270,APPROVE,2024-12-10 17:26:39,APPR.HQ_MGR
1096,PO,500270,SUBMIT,2024-12-11 13:46:35,SYS_PRC_AUTOCREATE
1097,PO,500270,APPROVE,2024-12-12 12:11:04,APPR.HQ_MGR
1098,REQ,300271,SUBMIT,2025-02-17 08:13:43,M.RAHMAN
1099,REQ,300271,APPROVE,2025-02-21 08:41:41,APPR.OPS_DIRECTOR
1100,PO,500271,SUBMIT,2025-02-24 13:21:22,SYS_PRC_AUTOCREATE
1101,PO,500271,APPROVE,2025-02-26 09:20:24,APPR.OPS_MGR
1102,REQ,300272,SUBMIT,2026-06-23 11:38:37,M.RAHMAN
1103,REQ,300272,APPROVE,2026-06-24 08:59:07,APPR.FM_MGR
1104,REQ,300273,SUBMIT,2026-07-10 11:30:53,L.NAIR
1105,REQ,300273,APPROVE,2026-07-13 10:33:52,APPR.OPS_MGR
1106,PO,500273,SUBMIT,2026-07-16 10:59:07,SYS_PRC_AUTOCREATE
1107,PO,500273,APPROVE,2026-07-17 14:18:39,APPR.OPS_MGR
1108,PO,500274,SUBMIT,2025-02-26 11:54:02,BUYER.JAMES
1109,PO,500274,APPROVE,2025-02-27 15:49:19,APPR.FM_MGR
1110,PO,500275,SUBMIT,2026-02-02 12:55:36,BUYER.PRIYA
1111,PO,500275,APPROVE,2026-02-04 09:35:03,APPR.OPS_MGR
1112,REQ,300276,SUBMIT,2026-05-05 11:34:49,F.ALI
1113,REQ,300276,APPROVE,2026-05-06 13:28:28,APPR.HQ_MGR
1114,PO,500276,SUBMIT,2026-05-08 15:26:36,SYS_PRC_AUTOCREATE
1115,PO,500276,APPROVE,2026-05-11 08:25:04,APPR.HQ_MGR
1116,REQ,300277,SUBMIT,2025-10-27 08:02:08,M.RAHMAN
1117,REQ,300277,APPROVE,2025-10-28 08:08:19,APPR.HQ_MGR
1118,PO,500277,SUBMIT,2025-10-29 11:14:46,BUYER.JAMES
1119,PO,500277,APPROVE,2025-10-30 13:59:21,APPR.HQ_MGR
1120,REQ,300278,SUBMIT,2025-01-15 12:34:44,M.RAHMAN
1121,REQ,300278,APPROVE,2025-01-16 12:39:27,APPR.FM_MGR
1122,PO,500278,SUBMIT,2025-01-20 09:53:19,SYS_PRC_AUTOCREATE
1123,PO,500278,APPROVE,2025-01-22 10:33:02,APPR.FM_MGR
1124,REQ,300279,SUBMIT,2026-04-27 12:50:56,M.RAHMAN
1125,REQ,300279,APPROVE,2026-05-04 08:33:21,APPR.OPS_DIRECTOR
1126,PO,500279,SUBMIT,2026-05-07 12:33:19,SYS_PRC_AUTOCREATE
1127,PO,500279,APPROVE,2026-05-08 10:18:51,APPR.OPS_MGR
1128,REQ,300280,SUBMIT,2025-09-02 17:58:40,S.HASSAN
1129,REQ,300280,APPROVE,2025-09-04 08:53:43,APPR.OPS_MGR
1130,PO,500280,SUBMIT,2025-09-08 10:16:01,BUYER.PRIYA
1131,PO,500280,APPROVE,2025-09-09 15:40:36,APPR.OPS_MGR
1132,REQ,300281,SUBMIT,2024-10-28 09:23:50,F.ALI
1133,REQ,300281,APPROVE,2024-10-31 10:55:12,APPR.FM_MGR
1134,PO,500281,SUBMIT,2024-10-31 13:48:30,SYS_PRC_AUTOCREATE
1135,PO,500281,APPROVE,2024-11-04 09:07:45,APPR.FM_MGR
1136,REQ,300282,SUBMIT,2026-05-04 14:26:51,J.THOMAS
1137,REQ,300282,APPROVE,2026-05-07 09:12:57,APPR.OPS_MGR
1138,PO,500282,SUBMIT,2026-05-11 11:45:37,BUYER.PRIYA
1139,PO,500282,APPROVE,2026-05-12 08:16:21,APPR.OPS_MGR
1140,PO,500283,SUBMIT,2026-02-03 13:14:59,BUYER.OMAR
1141,PO,500283,APPROVE,2026-02-04 16:12:58,APPR.HQ_MGR
1142,REQ,300284,SUBMIT,2025-08-22 10:41:08,N.SAEED
1143,REQ,300284,APPROVE,2025-08-25 17:21:31,APPR.HQ_MGR
1144,PO,500284,SUBMIT,2025-08-28 11:59:30,BUYER.SARA
1145,PO,500284,APPROVE,2025-08-29 10:15:34,APPR.HQ_MGR
1146,REQ,300285,SUBMIT,2025-05-12 17:13:25,F.ALI
1147,REQ,300285,REJECT,2025-05-13 09:52:09,APPR.HQ_MGR
1148,REQ,300285,SUBMIT,2025-05-14 10:42:44,F.ALI
1149,REQ,300285,APPROVE,2025-05-16 10:36:16,APPR.HQ_MGR
1150,PO,500285,SUBMIT,2025-05-19 15:08:35,BUYER.PRIYA
1151,PO,500285,APPROVE,2025-05-21 09:05:33,APPR.HQ_MGR
1152,REQ,300286,SUBMIT,2025-03-10 10:52:32,N.SAEED
1153,REQ,300286,APPROVE,2025-03-11 08:03:46,APPR.OPS_MGR
1154,PO,500286,SUBMIT,2025-03-12 12:03:12,BUYER.OMAR
1155,PO,500286,APPROVE,2025-03-12 17:35:38,APPR.OPS_MGR
1156,PO,500286,CHANGE,2025-03-17 10:33:20,BUYER.OMAR
1157,PO,500286,APPROVE,2025-03-18 09:41:10,APPR.OPS_MGR
1158,REQ,300287,SUBMIT,2026-04-10 10:36:34,J.THOMAS
1159,REQ,300287,APPROVE,2026-05-11 09:22:00,APPR.OPS_DIRECTOR
1160,PO,500287,SUBMIT,2026-05-12 11:17:47,BUYER.PRIYA
1161,PO,500287,APPROVE,2026-05-12 17:05:26,APPR.OPS_MGR
1162,REQ,300288,SUBMIT,2024-12-13 08:04:39,R.MENON
1163,REQ,300288,APPROVE,2024-12-13 14:29:21,APPR.OPS_MGR
1164,PO,500288,SUBMIT,2024-12-16 15:53:11,SYS_PRC_AUTOCREATE
1165,PO,500288,APPROVE,2024-12-19 10:38:29,APPR.OPS_MGR
1166,REQ,300289,SUBMIT,2026-01-26 12:16:34,F.ALI
1167,REQ,300289,APPROVE,2026-01-26 17:48:10,APPR.FM_MGR
1168,REQ,300290,SUBMIT,2026-03-26 08:08:47,N.SAEED
1169,REQ,300290,APPROVE,2026-03-27 10:44:44,APPR.HQ_MGR
1170,PO,500290,SUBMIT,2026-03-31 10:18:58,BUYER.JAMES
1171,PO,500290,APPROVE,2026-04-02 10:21:07,APPR.HQ_MGR
1172,REQ,300291,SUBMIT,2025-12-15 15:57:43,R.MENON
1173,REQ,300291,APPROVE,2025-12-17 09:45:38,APPR.FM_MGR
1174,PO,500291,SUBMIT,2025-12-19 15:12:48,BUYER.SARA
1175,PO,500291,APPROVE,2025-12-19 15:33:42,APPR.FM_MGR
1176,REQ,300292,SUBMIT,2025-02-19 08:55:53,L.NAIR
1177,REQ,300292,APPROVE,2025-02-19 15:48:54,APPR.OPS_MGR
1178,PO,500292,SUBMIT,2025-02-24 16:54:55,BUYER.JAMES
1179,PO,500292,APPROVE,2025-02-25 09:10:59,APPR.OPS_MGR
1180,REQ,300293,SUBMIT,2025-04-24 14:44:44,M.RAHMAN
1181,REQ,300293,APPROVE,2025-04-25 16:02:50,APPR.OPS_DIRECTOR
1182,PO,500293,SUBMIT,2025-04-28 14:37:49,SYS_PRC_AUTOCREATE
1183,PO,500293,APPROVE,2025-04-29 12:11:19,APPR.OPS_MGR
1184,REQ,300294,SUBMIT,2026-05-21 10:52:26,F.ALI
1185,REQ,300294,REJECT,2026-05-22 09:26:24,APPR.FM_MGR
1186,REQ,300294,SUBMIT,2026-05-25 09:00:47,F.ALI
1187,REQ,300294,APPROVE,2026-05-26 09:22:22,APPR.FM_MGR
1188,PO,500294,SUBMIT,2026-05-28 09:32:14,SYS_PRC_AUTOCREATE
1189,PO,500294,APPROVE,2026-05-29 10:17:14,APPR.FM_MGR
1190,REQ,300295,SUBMIT,2026-01-07 08:18:44,M.RAHMAN
1191,REQ,300295,APPROVE,2026-01-07 11:46:30,APPR.HQ_MGR
1192,PO,500295,SUBMIT,2026-01-09 11:57:11,SYS_PRC_AUTOCREATE
1193,PO,500295,APPROVE,2026-01-12 11:55:48,APPR.HQ_MGR
1194,REQ,300296,SUBMIT,2026-06-22 15:01:48,S.HASSAN
1195,REQ,300296,APPROVE,2026-06-23 14:27:26,APPR.HQ_MGR
1196,PO,500296,SUBMIT,2026-06-25 10:29:21,BUYER.OMAR
1197,PO,500296,APPROVE,2026-06-26 09:30:10,APPR.HQ_MGR
1198,PO,500297,SUBMIT,2026-01-13 17:15:21,BUYER.JAMES
1199,PO,500297,APPROVE,2026-01-19 10:27:49,APPR.HQ_MGR
1200,REQ,300298,SUBMIT,2025-11-14 08:11:24,M.RAHMAN
1201,REQ,300298,APPROVE,2025-11-17 12:30:02,APPR.HQ_MGR
1202,PO,500298,SUBMIT,2025-11-19 10:07:09,BUYER.PRIYA
1203,PO,500298,APPROVE,2025-11-20 09:08:09,APPR.HQ_MGR
1204,PO,500299,SUBMIT,2026-08-12 12:34:03,BUYER.PRIYA
1205,PO,500299,APPROVE,2026-08-17 08:49:54,APPR.FM_MGR
1206,PO,500300,SUBMIT,2025-01-23 14:17:03,BUYER.SARA
1207,PO,500300,APPROVE,2025-01-24 09:06:40,APPR.HQ_MGR
1208,PO,500301,SUBMIT,2024-12-16 14:10:13,BUYER.PRIYA
1209,PO,500301,APPROVE,2024-12-16 16:29:07,APPR.OPS_MGR
1210,REQ,300302,SUBMIT,2026-07-23 17:52:25,L.NAIR
1211,REQ,300302,APPROVE,2026-07-24 10:10:32,APPR.FM_MGR
1212,PO,500302,SUBMIT,2026-07-27 12:51:18,BUYER.OMAR
1213,PO,500302,APPROVE,2026-07-28 10:01:31,APPR.FM_MGR
1214,REQ,300303,SUBMIT,2026-01-29 08:07:08,A.KHAN
1215,REQ,300303,APPROVE,2026-01-29 15:39:13,APPR.OPS_MGR
1216,PO,500303,SUBMIT,2026-01-30 12:09:31,BUYER.SARA
1217,PO,500303,APPROVE,2026-02-02 09:29:58,APPR.OPS_MGR
1218,REQ,300304,SUBMIT,2025-07-14 13:56:18,N.SAEED
1219,REQ,300304,APPROVE,2025-07-16 10:27:11,APPR.HQ_MGR
1220,REQ,300305,SUBMIT,2026-09-17 09:52:27,R.MENON
1221,REQ,300305,APPROVE,2026-09-18 08:33:48,APPR.OPS_MGR
1222,PO,500305,SUBMIT,2026-09-21 10:42:58,SYS_PRC_AUTOCREATE
1223,PO,500305,APPROVE,2026-09-21 17:28:23,APPR.OPS_MGR
1224,PO,500306,SUBMIT,2025-01-08 17:01:55,BUYER.PRIYA
1225,PO,500306,APPROVE,2025-01-13 12:48:27,APPR.HQ_MGR
1226,REQ,300307,SUBMIT,2025-01-16 09:11:47,J.THOMAS
1227,REQ,300307,APPROVE,2025-01-17 10:42:05,APPR.FM_MGR
1228,PO,500307,SUBMIT,2025-01-20 14:20:18,SYS_PRC_AUTOCREATE
1229,PO,500307,APPROVE,2025-01-21 09:10:03,APPR.FM_MGR
1230,REQ,300308,SUBMIT,2024-12-02 10:59:11,A.KHAN
1231,REQ,300308,APPROVE,2024-12-03 10:08:54,APPR.FM_MGR
1232,PO,500308,SUBMIT,2024-12-04 13:44:18,BUYER.OMAR
1233,PO,500308,APPROVE,2024-12-05 10:30:18,APPR.FM_MGR
1234,REQ,300309,SUBMIT,2026-02-23 10:45:48,F.ALI
1235,REQ,300309,APPROVE,2026-03-04 09:43:37,APPR.OPS_DIRECTOR
1236,PO,500309,SUBMIT,2026-03-09 11:11:07,SYS_PRC_AUTOCREATE
1237,PO,500309,APPROVE,2026-03-10 16:10:22,APPR.OPS_MGR
1238,REQ,300310,SUBMIT,2025-07-21 10:14:14,J.THOMAS
1239,REQ,300310,APPROVE,2025-07-29 08:16:43,APPR.OPS_DIRECTOR
1240,PO,500310,SUBMIT,2025-07-30 11:35:51,BUYER.JAMES
1241,PO,500310,APPROVE,2025-07-31 10:15:58,APPR.OPS_MGR
1242,REQ,300311,SUBMIT,2026-05-28 17:38:42,M.RAHMAN
1243,REQ,300311,APPROVE,2026-06-01 08:34:08,APPR.HQ_MGR
1244,PO,500311,SUBMIT,2026-06-02 15:49:07,SYS_PRC_AUTOCREATE
1245,PO,500311,APPROVE,2026-06-03 11:26:32,APPR.HQ_MGR
1246,REQ,300312,SUBMIT,2026-01-16 08:56:51,S.HASSAN
1247,REQ,300312,APPROVE,2026-01-19 10:03:22,APPR.OPS_MGR
1248,PO,500312,SUBMIT,2026-01-21 14:50:47,SYS_PRC_AUTOCREATE
1249,PO,500312,APPROVE,2026-01-22 09:23:47,APPR.OPS_MGR
1250,REQ,300313,SUBMIT,2025-05-13 09:14:12,S.HASSAN
1251,REQ,300313,APPROVE,2025-05-14 10:01:59,APPR.OPS_MGR
1252,PO,500313,SUBMIT,2025-05-15 13:28:52,SYS_PRC_AUTOCREATE
1253,PO,500313,APPROVE,2025-05-19 09:44:06,APPR.OPS_MGR
1254,REQ,300314,SUBMIT,2025-12-15 15:19:08,M.RAHMAN
1255,REQ,300314,APPROVE,2025-12-22 16:26:27,APPR.OPS_DIRECTOR
1256,PO,500314,SUBMIT,2025-12-24 12:31:54,BUYER.OMAR
1257,PO,500314,APPROVE,2025-12-25 10:08:39,APPR.OPS_MGR
1258,REQ,300315,SUBMIT,2026-02-11 13:55:46,F.ALI
1259,REQ,300315,APPROVE,2026-02-12 14:43:17,APPR.OPS_MGR
1260,PO,500315,SUBMIT,2026-02-16 13:48:05,BUYER.PRIYA
1261,PO,500315,APPROVE,2026-02-18 09:41:48,APPR.OPS_MGR
1262,REQ,300316,SUBMIT,2026-05-19 17:21:10,F.ALI
1263,REQ,300316,APPROVE,2026-05-22 09:45:16,APPR.HQ_MGR
1264,PO,500316,SUBMIT,2026-05-25 10:27:04,BUYER.OMAR
1265,PO,500316,APPROVE,2026-05-27 08:17:26,APPR.HQ_MGR
1266,PO,500317,SUBMIT,2025-09-02 10:42:46,BUYER.PRIYA
1267,PO,500317,APPROVE,2025-09-03 09:51:16,APPR.FM_MGR
1268,REQ,300318,SUBMIT,2026-05-19 08:41:27,J.THOMAS
1269,REQ,300318,APPROVE,2026-05-21 09:58:49,APPR.FM_MGR
1270,PO,500318,SUBMIT,2026-05-25 12:29:36,BUYER.PRIYA
1271,PO,500318,APPROVE,2026-05-26 08:04:25,APPR.FM_MGR
1272,REQ,300319,SUBMIT,2025-03-24 14:29:46,R.MENON
1273,REQ,300319,APPROVE,2025-03-27 09:43:44,APPR.FM_MGR
1274,PO,500319,SUBMIT,2025-03-31 08:00:43,BUYER.JAMES
1275,PO,500319,APPROVE,2025-04-01 08:29:08,APPR.FM_MGR
1276,REQ,300320,SUBMIT,2025-05-20 15:26:41,A.KHAN
1277,REQ,300320,APPROVE,2025-05-21 08:58:37,APPR.FM_MGR
1278,PO,500320,SUBMIT,2025-05-23 10:39:02,BUYER.SARA
1279,PO,500320,APPROVE,2025-05-26 09:50:58,APPR.FM_MGR
1280,PO,500320,CHANGE,2025-05-29 10:33:35,BUYER.SARA
1281,PO,500320,APPROVE,2025-06-02 10:41:27,APPR.FM_MGR
1282,PO,500321,SUBMIT,2026-06-05 14:59:57,BUYER.JAMES
1283,PO,500321,APPROVE,2026-06-08 09:24:47,APPR.HQ_MGR
1284,REQ,300322,SUBMIT,2025-11-03 10:28:06,N.SAEED
1285,REQ,300322,APPROVE,2025-11-05 09:37:04,APPR.OPS_DIRECTOR
1286,REQ,300323,SUBMIT,2025-07-14 13:53:45,S.HASSAN
1287,REQ,300323,APPROVE,2025-07-15 08:32:46,APPR.HQ_MGR
1288,PO,500323,SUBMIT,2025-07-17 15:58:09,BUYER.SARA
1289,PO,500323,APPROVE,2025-07-21 08:05:34,APPR.HQ_MGR
1290,REQ,300324,SUBMIT,2026-06-22 11:28:26,S.HASSAN
1291,REQ,300324,APPROVE,2026-06-24 08:56:20,APPR.OPS_MGR
1292,PO,500324,SUBMIT,2026-06-29 15:54:59,SYS_PRC_AUTOCREATE
1293,PO,500324,APPROVE,2026-06-30 09:26:55,APPR.OPS_MGR
1294,REQ,300325,SUBMIT,2025-11-06 13:15:44,R.MENON
1295,REQ,300325,APPROVE,2025-11-10 16:57:19,APPR.HQ_MGR
1296,PO,500325,SUBMIT,2025-11-13 16:51:40,SYS_PRC_AUTOCREATE
1297,PO,500325,APPROVE,2025-11-17 13:28:31,APPR.HQ_MGR
1298,REQ,300326,SUBMIT,2025-07-14 10:00:43,F.ALI
1299,REQ,300326,APPROVE,2025-07-16 10:38:17,APPR.OPS_MGR
1300,PO,500326,SUBMIT,2025-07-17 11:40:36,BUYER.JAMES
1301,PO,500326,APPROVE,2025-07-17 16:16:15,APPR.OPS_MGR
1302,REQ,300327,SUBMIT,2026-09-15 10:58:30,F.ALI
1303,REQ,300327,APPROVE,2026-09-15 15:24:02,APPR.FM_MGR
1304,PO,500327,SUBMIT,2026-09-21 17:23:59,BUYER.JAMES
1305,PO,500327,APPROVE,2026-09-23 08:28:07,APPR.FM_MGR
1306,REQ,300328,SUBMIT,2025-12-15 17:47:56,L.NAIR
1307,REQ,300328,REJECT,2025-12-22 09:04:10,APPR.OPS_DIRECTOR
1308,REQ,300328,SUBMIT,2025-12-23 14:04:36,L.NAIR
1309,REQ,300328,APPROVE,2025-12-24 10:03:56,APPR.OPS_DIRECTOR
1310,PO,500328,SUBMIT,2025-12-26 09:32:28,SYS_PRC_AUTOCREATE
1311,PO,500328,APPROVE,2025-12-29 10:56:23,APPR.OPS_MGR
1312,PO,500329,SUBMIT,2024-11-26 08:09:55,BUYER.SARA
1313,PO,500329,APPROVE,2024-11-27 08:39:07,APPR.HQ_MGR
1314,PO,500330,SUBMIT,2025-06-11 10:02:45,BUYER.PRIYA
1315,PO,500330,APPROVE,2025-06-12 10:00:34,APPR.OPS_MGR
1316,REQ,300331,SUBMIT,2025-06-26 13:42:51,L.NAIR
1317,REQ,300331,APPROVE,2025-06-30 12:16:55,APPR.FM_MGR
1318,PO,500331,SUBMIT,2025-07-01 11:09:15,SYS_PRC_AUTOCREATE
1319,PO,500331,APPROVE,2025-07-02 08:08:56,APPR.FM_MGR
1320,PO,500331,APPROVE,2025-07-07 09:05:24,APPR.CFO
1321,PO,500332,SUBMIT,2026-05-19 10:32:30,BUYER.PRIYA
1322,PO,500332,APPROVE,2026-05-20 10:47:34,APPR.HQ_MGR
1323,PO,500332,CHANGE,2026-05-25 12:04:20,BUYER.PRIYA
1324,PO,500332,APPROVE,2026-05-25 17:53:40,APPR.HQ_MGR
1325,REQ,300333,SUBMIT,2026-07-29 09:41:07,A.KHAN
1326,REQ,300333,APPROVE,2026-07-30 09:12:41,APPR.OPS_DIRECTOR
1327,PO,500333,SUBMIT,2026-08-03 08:54:45,SYS_PRC_AUTOCREATE
1328,PO,500333,APPROVE,2026-08-04 08:54:03,APPR.OPS_MGR
1329,REQ,300334,SUBMIT,2025-01-14 14:04:38,M.RAHMAN
1330,REQ,300334,APPROVE,2025-01-15 08:46:33,APPR.HQ_MGR
1331,PO,500334,SUBMIT,2025-01-16 13:18:58,BUYER.SARA
1332,PO,500334,APPROVE,2025-01-17 10:15:09,APPR.HQ_MGR
1333,PO,500334,CHANGE,2025-01-27 17:28:14,BUYER.SARA
1334,PO,500334,APPROVE,2025-01-30 08:23:16,APPR.HQ_MGR
1335,REQ,300335,SUBMIT,2025-08-06 09:32:16,S.HASSAN
1336,REQ,300335,APPROVE,2025-08-08 09:38:36,APPR.OPS_DIRECTOR
1337,PO,500335,SUBMIT,2025-08-11 17:02:21,SYS_PRC_AUTOCREATE
1338,PO,500335,APPROVE,2025-08-12 08:29:12,APPR.OPS_MGR
1339,REQ,300336,SUBMIT,2026-07-09 10:16:26,F.ALI
1340,REQ,300336,APPROVE,2026-07-10 08:58:11,APPR.FM_MGR
1341,PO,500336,SUBMIT,2026-07-13 12:38:59,BUYER.PRIYA
1342,PO,500336,APPROVE,2026-07-14 09:11:14,APPR.FM_MGR
1343,PO,500337,SUBMIT,2025-10-10 16:34:12,BUYER.SARA
1344,PO,500337,APPROVE,2025-10-13 10:50:50,APPR.HQ_MGR
1345,PO,500337,APPROVE,2025-10-14 10:03:43,APPR.CFO
1346,REQ,300338,SUBMIT,2025-03-10 13:42:54,F.ALI
1347,REQ,300338,APPROVE,2025-03-11 08:32:37,APPR.HQ_MGR
1348,PO,500338,SUBMIT,2025-03-13 10:38:32,BUYER.OMAR
1349,PO,500338,APPROVE,2025-03-14 09:07:01,APPR.HQ_MGR
1350,REQ,300339,SUBMIT,2026-09-10 08:24:55,L.NAIR
1351,REQ,300339,APPROVE,2026-09-11 09:13:03,APPR.FM_MGR
1352,PO,500339,SUBMIT,2026-09-14 08:04:16,BUYER.PRIYA
1353,PO,500339,APPROVE,2026-09-14 12:44:22,APPR.FM_MGR
1354,REQ,300340,SUBMIT,2025-08-19 09:13:29,S.HASSAN
1355,REQ,300340,APPROVE,2025-08-19 14:40:07,APPR.FM_MGR
1356,PO,500340,SUBMIT,2025-08-20 10:29:55,SYS_PRC_AUTOCREATE
1357,PO,500340,APPROVE,2025-08-22 10:25:02,APPR.FM_MGR
1358,PO,500340,APPROVE,2025-08-25 09:25:23,APPR.CFO
1359,PO,500340,CHANGE,2025-08-26 13:22:08,BUYER.PRIYA
1360,PO,500340,APPROVE,2025-09-01 08:08:47,APPR.FM_MGR
1361,REQ,300341,SUBMIT,2024-12-26 15:57:46,R.MENON
1362,REQ,300341,REJECT,2024-12-30 09:30:34,APPR.HQ_MGR
1363,REQ,300341,SUBMIT,2024-12-30 16:04:54,R.MENON
1364,REQ,300341,APPROVE,2024-12-31 09:31:49,APPR.HQ_MGR
1365,PO,500341,SUBMIT,2025-01-01 15:19:57,BUYER.SARA
1366,PO,500341,APPROVE,2025-01-02 09:40:31,APPR.HQ_MGR
1367,REQ,300342,SUBMIT,2025-03-10 09:05:03,A.KHAN
1368,REQ,300342,APPROVE,2025-03-12 10:22:37,APPR.OPS_DIRECTOR
1369,PO,500342,SUBMIT,2025-03-17 14:02:02,BUYER.SARA
1370,PO,500342,APPROVE,2025-03-18 08:33:16,APPR.OPS_MGR
1371,REQ,300343,SUBMIT,2025-05-07 11:10:53,J.THOMAS
1372,REQ,300343,REJECT,2025-05-08 09:16:18,APPR.FM_MGR
1373,REQ,300343,SUBMIT,2025-05-12 10:35:10,J.THOMAS
1374,REQ,300343,APPROVE,2025-05-13 10:21:48,APPR.FM_MGR
1375,PO,500343,SUBMIT,2025-05-15 12:48:19,BUYER.JAMES
1376,PO,500343,APPROVE,2025-05-19 10:37:48,APPR.FM_MGR
1377,REQ,300344,SUBMIT,2025-05-06 08:49:14,J.THOMAS
1378,REQ,300344,APPROVE,2025-05-06 16:12:01,APPR.FM_MGR
1379,PO,500344,SUBMIT,2025-05-12 12:50:37,BUYER.OMAR
1380,PO,500344,APPROVE,2025-05-14 08:35:58,APPR.FM_MGR
1381,REQ,300345,SUBMIT,2025-08-25 16:25:34,J.THOMAS
1382,REQ,300345,APPROVE,2025-08-27 12:31:09,APPR.FM_MGR
1383,PO,500346,SUBMIT,2025-04-24 09:16:10,BUYER.OMAR
1384,PO,500346,APPROVE,2025-04-25 08:14:14,APPR.FM_MGR
1385,REQ,300347,SUBMIT,2026-02-09 15:31:48,S.HASSAN
1386,REQ,300347,APPROVE,2026-02-11 12:54:45,APPR.HQ_MGR
1387,PO,500347,SUBMIT,2026-02-12 11:37:24,SYS_PRC_AUTOCREATE
1388,PO,500347,APPROVE,2026-02-16 11:46:22,APPR.HQ_MGR
1389,REQ,300348,SUBMIT,2024-11-19 08:42:12,S.HASSAN
1390,REQ,300348,APPROVE,2024-12-03 10:48:13,APPR.OPS_DIRECTOR
1391,PO,500348,SUBMIT,2024-12-04 11:08:08,BUYER.OMAR
1392,PO,500348,APPROVE,2024-12-06 09:52:35,APPR.OPS_MGR
1393,PO,500349,SUBMIT,2025-04-03 13:25:55,BUYER.PRIYA
1394,PO,500349,APPROVE,2025-04-04 15:12:38,APPR.FM_MGR
1395,PO,500349,CHANGE,2025-04-14 17:16:03,BUYER.PRIYA
1396,PO,500349,APPROVE,2025-04-16 09:57:16,APPR.FM_MGR
1397,REQ,300350,SUBMIT,2026-03-20 09:57:08,A.KHAN
1398,REQ,300350,APPROVE,2026-03-25 09:37:16,APPR.OPS_DIRECTOR
1399,REQ,300351,SUBMIT,2025-02-18 14:12:38,A.KHAN
1400,REQ,300351,APPROVE,2025-02-19 08:51:51,APPR.OPS_MGR
1401,PO,500351,SUBMIT,2025-02-25 10:49:47,SYS_PRC_AUTOCREATE
1402,PO,500351,APPROVE,2025-02-27 10:44:03,APPR.OPS_MGR
1403,PO,500352,SUBMIT,2025-05-20 16:55:42,BUYER.PRIYA
1404,PO,500352,APPROVE,2025-05-21 10:46:32,APPR.FM_MGR
1405,REQ,300353,SUBMIT,2026-05-19 10:26:56,M.RAHMAN
1406,REQ,300353,APPROVE,2026-05-20 12:31:13,APPR.HQ_MGR
1407,PO,500353,SUBMIT,2026-05-20 17:58:43,SYS_PRC_AUTOCREATE
1408,PO,500353,APPROVE,2026-05-21 09:48:12,APPR.HQ_MGR
1409,REQ,300354,SUBMIT,2025-12-11 14:27:40,M.RAHMAN
1410,REQ,300354,APPROVE,2025-12-12 10:16:32,APPR.FM_MGR
1411,PO,500354,SUBMIT,2025-12-15 17:01:34,BUYER.PRIYA
1412,PO,500354,APPROVE,2025-12-16 08:41:47,APPR.FM_MGR
1413,REQ,300355,SUBMIT,2026-02-06 09:10:20,S.HASSAN
1414,REQ,300355,APPROVE,2026-02-23 08:54:18,APPR.OPS_DIRECTOR
1415,PO,500355,SUBMIT,2026-02-27 11:55:11,SYS_PRC_AUTOCREATE
1416,PO,500355,APPROVE,2026-03-02 11:01:49,APPR.OPS_MGR
1417,PO,500355,CHANGE,2026-03-06 10:34:29,BUYER.OMAR
1418,PO,500355,APPROVE,2026-03-09 10:19:10,APPR.OPS_MGR
1419,REQ,300356,SUBMIT,2026-07-07 09:38:13,A.KHAN
1420,REQ,300356,APPROVE,2026-07-08 09:58:36,APPR.FM_MGR
1421,PO,500356,SUBMIT,2026-07-09 16:21:54,BUYER.PRIYA
1422,PO,500356,APPROVE,2026-07-10 08:47:09,APPR.FM_MGR
1423,REQ,300357,SUBMIT,2025-12-24 09:31:59,A.KHAN
1424,REQ,300357,APPROVE,2025-12-26 11:40:59,APPR.FM_MGR
1425,PO,500357,SUBMIT,2025-12-29 13:28:09,BUYER.OMAR
1426,PO,500357,APPROVE,2025-12-31 09:07:39,APPR.FM_MGR
1427,REQ,300358,SUBMIT,2026-06-22 17:45:32,R.MENON
1428,REQ,300358,APPROVE,2026-06-23 09:16:36,APPR.FM_MGR
1429,REQ,300359,SUBMIT,2026-07-24 17:37:45,S.HASSAN
1430,REQ,300359,APPROVE,2026-07-27 12:11:01,APPR.FM_MGR
1431,REQ,300360,SUBMIT,2025-06-13 17:52:18,J.THOMAS
1432,REQ,300360,APPROVE,2025-06-16 16:44:10,APPR.FM_MGR
1433,PO,500360,SUBMIT,2025-06-19 14:59:21,BUYER.SARA
1434,PO,500360,APPROVE,2025-06-20 08:44:36,APPR.FM_MGR
1435,PO,500360,CHANGE,2025-06-23 09:08:34,BUYER.SARA
1436,PO,500360,APPROVE,2025-06-25 09:30:52,APPR.FM_MGR
1437,REQ,300361,SUBMIT,2025-05-09 09:10:57,F.ALI
1438,REQ,300361,APPROVE,2025-05-09 15:46:30,APPR.FM_MGR
1439,PO,500361,SUBMIT,2025-05-14 08:44:06,SYS_PRC_AUTOCREATE
1440,PO,500361,APPROVE,2025-05-19 08:00:00,APPR.FM_MGR
1441,REQ,300362,SUBMIT,2026-01-22 10:12:44,M.RAHMAN
1442,REQ,300362,APPROVE,2026-01-23 09:37:26,APPR.FM_MGR
1443,PO,500362,SUBMIT,2026-01-26 10:05:37,BUYER.SARA
1444,PO,500362,APPROVE,2026-01-27 09:30:54,APPR.FM_MGR
1445,REQ,300363,SUBMIT,2025-03-06 09:32:25,J.THOMAS
1446,REQ,300363,APPROVE,2025-03-07 11:33:40,APPR.HQ_MGR
1447,PO,500363,SUBMIT,2025-03-10 09:54:24,BUYER.PRIYA
1448,PO,500363,APPROVE,2025-03-11 08:20:01,APPR.HQ_MGR
1449,REQ,300364,SUBMIT,2026-07-13 09:31:18,S.HASSAN
1450,REQ,300364,APPROVE,2026-07-14 08:34:52,APPR.HQ_MGR
1451,REQ,300365,SUBMIT,2025-07-21 16:40:14,A.KHAN
1452,REQ,300365,APPROVE,2025-07-24 09:37:09,APPR.FM_MGR
1453,PO,500365,SUBMIT,2025-07-25 14:33:56,BUYER.JAMES
1454,PO,500365,APPROVE,2025-07-28 08:33:28,APPR.FM_MGR
1455,REQ,300366,SUBMIT,2026-05-04 11:51:25,L.NAIR
1456,REQ,300366,APPROVE,2026-05-04 15:03:45,APPR.OPS_MGR
1457,PO,500366,SUBMIT,2026-05-06 13:51:35,SYS_PRC_AUTOCREATE
1458,PO,500366,APPROVE,2026-05-11 10:36:57,APPR.OPS_MGR
1459,REQ,300367,SUBMIT,2024-12-27 11:50:46,L.NAIR
1460,REQ,300367,REJECT,2024-12-30 10:27:41,APPR.OPS_MGR
1461,REQ,300367,SUBMIT,2024-12-30 17:44:35,L.NAIR
1462,REQ,300367,APPROVE,2025-01-02 10:45:45,APPR.OPS_MGR
1463,PO,500367,SUBMIT,2025-01-03 11:11:45,SYS_PRC_AUTOCREATE
1464,PO,500367,APPROVE,2025-01-06 10:50:28,APPR.OPS_MGR
1465,REQ,300368,SUBMIT,2025-06-09 09:31:00,S.HASSAN
1466,REQ,300368,APPROVE,2025-06-10 10:24:02,APPR.OPS_MGR
1467,PO,500368,SUBMIT,2025-06-11 12:20:10,SYS_PRC_AUTOCREATE
1468,PO,500368,APPROVE,2025-06-12 10:26:57,APPR.OPS_MGR
1469,PO,500368,CHANGE,2025-06-20 12:20:09,BUYER.PRIYA
1470,PO,500368,APPROVE,2025-06-23 11:50:21,APPR.OPS_MGR
1471,REQ,300369,SUBMIT,2026-04-24 11:28:16,S.HASSAN
1472,REQ,300369,APPROVE,2026-04-27 10:29:07,APPR.FM_MGR
1473,PO,500369,SUBMIT,2026-05-04 11:34:36,BUYER.PRIYA
1474,PO,500369,APPROVE,2026-05-05 09:08:59,APPR.FM_MGR
1475,REQ,300370,SUBMIT,2026-08-19 16:54:29,R.MENON
1476,REQ,300370,APPROVE,2026-08-20 09:12:48,APPR.FM_MGR
1477,PO,500370,SUBMIT,2026-08-24 16:20:19,SYS_PRC_AUTOCREATE
1478,PO,500370,APPROVE,2026-08-25 09:04:13,APPR.FM_MGR
1479,REQ,300371,SUBMIT,2026-07-23 10:41:40,S.HASSAN
1480,REQ,300371,APPROVE,2026-07-24 09:13:53,APPR.FM_MGR
1481,PO,500371,SUBMIT,2026-07-27 12:19:44,BUYER.SARA
1482,PO,500371,APPROVE,2026-07-29 08:26:30,APPR.FM_MGR
1483,PO,500371,CHANGE,2026-08-04 08:12:48,BUYER.SARA
1484,PO,500371,APPROVE,2026-08-05 08:44:09,APPR.FM_MGR
1485,REQ,300372,SUBMIT,2025-01-07 08:41:27,R.MENON
1486,REQ,300372,APPROVE,2025-01-08 08:13:19,APPR.OPS_MGR
1487,PO,500373,SUBMIT,2025-03-07 08:31:05,BUYER.JAMES
1488,PO,500373,APPROVE,2025-03-07 15:44:10,APPR.OPS_MGR
1489,REQ,300374,SUBMIT,2025-12-16 09:53:41,M.RAHMAN
1490,REQ,300374,APPROVE,2025-12-19 08:43:23,APPR.OPS_MGR
1491,PO,500374,SUBMIT,2025-12-22 16:12:14,SYS_PRC_AUTOCREATE
1492,PO,500374,APPROVE,2025-12-25 09:48:14,APPR.OPS_MGR
1493,PO,500375,SUBMIT,2025-08-19 08:17:48,BUYER.PRIYA
1494,PO,500375,APPROVE,2025-08-20 10:38:42,APPR.FM_MGR
1495,REQ,300376,SUBMIT,2025-03-28 09:58:07,M.RAHMAN
1496,REQ,300376,APPROVE,2025-03-31 09:53:23,APPR.HQ_MGR
1497,PO,500376,SUBMIT,2025-04-01 13:38:26,BUYER.OMAR
1498,PO,500376,APPROVE,2025-04-02 10:31:49,APPR.HQ_MGR
1499,PO,500377,SUBMIT,2025-03-26 08:48:38,BUYER.JAMES
1500,PO,500377,APPROVE,2025-03-27 13:16:28,APPR.FM_MGR
1501,REQ,300378,SUBMIT,2026-03-30 15:14:54,A.KHAN
1502,REQ,300378,REJECT,2026-03-31 10:46:37,APPR.FM_MGR
1503,REQ,300378,SUBMIT,2026-04-01 08:44:20,A.KHAN
1504,REQ,300378,APPROVE,2026-04-02 09:07:47,APPR.FM_MGR
1505,PO,500378,SUBMIT,2026-04-07 08:57:27,BUYER.JAMES
1506,PO,500378,APPROVE,2026-04-08 09:32:37,APPR.FM_MGR
1507,REQ,300379,SUBMIT,2025-07-28 14:00:07,F.ALI
1508,REQ,300379,APPROVE,2025-07-30 09:27:01,APPR.FM_MGR
1509,PO,500379,SUBMIT,2025-07-31 08:46:08,SYS_PRC_AUTOCREATE
1510,PO,500379,APPROVE,2025-08-04 12:10:12,APPR.FM_MGR
1511,REQ,300380,SUBMIT,2024-10-21 14:48:21,J.THOMAS
1512,REQ,300380,APPROVE,2024-10-22 09:05:33,APPR.HQ_MGR
1513,PO,500380,SUBMIT,2024-10-24 08:52:15,BUYER.JAMES
1514,PO,500380,APPROVE,2024-10-25 09:28:25,APPR.HQ_MGR
1515,PO,500380,APPROVE,2024-11-04 11:07:02,APPR.CFO
1516,REQ,300381,SUBMIT,2025-02-28 10:05:32,L.NAIR
1517,REQ,300381,APPROVE,2025-03-03 10:47:53,APPR.HQ_MGR
1518,PO,500381,SUBMIT,2025-03-04 15:03:18,BUYER.OMAR
1519,PO,500381,APPROVE,2025-03-05 08:06:21,APPR.HQ_MGR
1520,REQ,300382,SUBMIT,2026-09-11 11:53:42,A.KHAN
1521,REQ,300382,REJECT,2026-09-22 14:28:44,APPR.OPS_DIRECTOR
1522,REQ,300382,SUBMIT,2026-09-23 10:24:04,A.KHAN
1523,REQ,300382,APPROVE,2026-09-28 08:06:51,APPR.OPS_DIRECTOR
1524,PO,500382,SUBMIT,2026-09-30 11:03:47,BUYER.OMAR
1527,REQ,300383,SUBMIT,2026-01-27 14:08:03,L.NAIR
1528,REQ,300383,APPROVE,2026-01-28 09:06:07,APPR.FM_MGR
1529,REQ,300384,SUBMIT,2026-05-21 13:33:01,N.SAEED
1530,REQ,300384,APPROVE,2026-05-22 15:36:11,APPR.FM_MGR
1531,PO,500384,SUBMIT,2026-05-26 09:29:28,SYS_PRC_AUTOCREATE
1532,PO,500384,APPROVE,2026-05-26 11:36:41,APPR.FM_MGR
1533,PO,500384,APPROVE,2026-06-01 08:13:02,APPR.CFO
1534,REQ,300385,SUBMIT,2025-06-18 16:55:31,J.THOMAS
1535,REQ,300385,APPROVE,2025-06-20 09:32:50,APPR.OPS_MGR
1536,PO,500385,SUBMIT,2025-06-20 17:46:27,SYS_PRC_AUTOCREATE
1537,PO,500385,APPROVE,2025-06-23 09:30:51,APPR.OPS_MGR
1538,REQ,300386,SUBMIT,2025-05-30 12:08:15,M.RAHMAN
1539,REQ,300386,APPROVE,2025-06-02 10:06:51,APPR.FM_MGR
1540,PO,500386,SUBMIT,2025-06-04 08:46:46,BUYER.SARA
1541,PO,500386,APPROVE,2025-06-05 09:27:09,APPR.FM_MGR
1542,REQ,300387,SUBMIT,2025-05-09 10:54:33,R.MENON
1543,REQ,300387,REJECT,2025-05-12 08:24:08,APPR.HQ_MGR
1544,REQ,300387,SUBMIT,2025-05-14 09:43:09,R.MENON
1545,REQ,300387,APPROVE,2025-05-15 11:19:43,APPR.HQ_MGR
1546,PO,500387,SUBMIT,2025-05-19 15:22:37,SYS_PRC_AUTOCREATE
1547,PO,500387,APPROVE,2025-05-20 08:55:27,APPR.HQ_MGR
1548,REQ,300388,SUBMIT,2026-04-10 11:09:47,L.NAIR
1549,REQ,300388,APPROVE,2026-04-10 17:11:45,APPR.OPS_MGR
1550,PO,500388,SUBMIT,2026-04-13 15:18:58,SYS_PRC_AUTOCREATE
1551,PO,500388,APPROVE,2026-04-14 12:42:07,APPR.OPS_MGR
1552,PO,500389,SUBMIT,2025-08-07 14:04:18,BUYER.OMAR
1553,PO,500389,APPROVE,2025-08-08 10:26:08,APPR.FM_MGR
1554,REQ,300390,SUBMIT,2026-06-29 12:20:39,L.NAIR
1555,REQ,300390,APPROVE,2026-06-30 08:58:07,APPR.HQ_MGR
1556,PO,500390,SUBMIT,2026-07-02 10:36:02,SYS_PRC_AUTOCREATE
1557,PO,500390,APPROVE,2026-07-06 10:20:12,APPR.HQ_MGR
1558,REQ,300391,SUBMIT,2025-02-03 10:23:52,J.THOMAS
1559,REQ,300391,APPROVE,2025-02-03 13:10:52,APPR.FM_MGR
1560,PO,500391,SUBMIT,2025-02-05 14:26:04,BUYER.SARA
1561,PO,500391,APPROVE,2025-02-07 14:54:35,APPR.FM_MGR
1562,REQ,300392,SUBMIT,2026-02-02 14:40:20,A.KHAN
1563,REQ,300392,APPROVE,2026-02-03 09:54:40,APPR.FM_MGR
1564,PO,500392,SUBMIT,2026-02-04 17:10:15,BUYER.PRIYA
1565,PO,500392,APPROVE,2026-02-05 09:48:11,APPR.FM_MGR
1566,REQ,300393,SUBMIT,2025-07-02 15:32:27,J.THOMAS
1567,REQ,300393,APPROVE,2025-07-03 09:28:40,APPR.FM_MGR
1568,PO,500393,SUBMIT,2025-07-04 11:30:45,SYS_PRC_AUTOCREATE
1569,PO,500393,APPROVE,2025-07-07 09:16:36,APPR.FM_MGR
1570,PO,500394,SUBMIT,2025-05-08 16:03:51,BUYER.SARA
1571,PO,500394,APPROVE,2025-05-09 10:34:33,APPR.OPS_MGR
1572,REQ,300395,SUBMIT,2024-12-09 12:47:40,A.KHAN
1573,REQ,300395,APPROVE,2024-12-10 09:47:16,APPR.HQ_MGR
1574,PO,500395,SUBMIT,2024-12-11 12:58:45,SYS_PRC_AUTOCREATE
1575,PO,500395,APPROVE,2024-12-12 08:47:26,APPR.HQ_MGR
1576,REQ,300396,SUBMIT,2025-10-31 11:21:37,M.RAHMAN
1577,REQ,300396,APPROVE,2025-11-07 14:10:13,APPR.OPS_DIRECTOR
1578,PO,500396,SUBMIT,2025-11-10 13:54:32,SYS_PRC_AUTOCREATE
1579,PO,500396,APPROVE,2025-11-11 09:52:08,APPR.OPS_MGR
1580,REQ,300397,SUBMIT,2025-10-14 13:14:17,M.RAHMAN
1581,REQ,300397,REJECT,2025-10-15 14:42:30,APPR.FM_MGR
1582,REQ,300397,SUBMIT,2025-10-17 09:18:53,M.RAHMAN
1583,REQ,300397,APPROVE,2025-10-20 08:28:32,APPR.FM_MGR
1584,PO,500397,SUBMIT,2025-10-24 15:28:09,SYS_PRC_AUTOCREATE
1585,PO,500397,APPROVE,2025-10-27 09:19:57,APPR.FM_MGR
1586,REQ,300398,SUBMIT,2025-03-07 09:50:00,R.MENON
1587,REQ,300398,APPROVE,2025-03-10 10:16:54,APPR.OPS_DIRECTOR
1588,PO,500398,SUBMIT,2025-03-12 08:26:40,BUYER.PRIYA
1589,PO,500398,APPROVE,2025-03-13 11:59:31,APPR.OPS_MGR
1590,REQ,300399,SUBMIT,2024-11-06 10:16:59,M.RAHMAN
1591,REQ,300399,APPROVE,2024-11-07 09:46:43,APPR.HQ_MGR
1592,PO,500399,SUBMIT,2024-11-11 14:51:07,SYS_PRC_AUTOCREATE
1593,PO,500399,APPROVE,2024-11-14 17:23:20,APPR.HQ_MGR
1594,PO,500399,APPROVE,2024-11-18 08:23:47,APPR.CFO
1595,REQ,300400,SUBMIT,2025-09-30 12:30:34,S.HASSAN
1596,REQ,300400,APPROVE,2025-10-01 09:26:53,APPR.FM_MGR
1597,PO,500400,SUBMIT,2025-10-03 10:16:13,SYS_PRC_AUTOCREATE
1598,PO,500400,APPROVE,2025-10-06 10:43:22,APPR.FM_MGR
1599,REQ,300401,SUBMIT,2026-01-07 11:06:23,N.SAEED
1600,REQ,300401,APPROVE,2026-01-12 08:25:18,APPR.OPS_DIRECTOR
1601,PO,500401,SUBMIT,2026-01-15 10:53:56,SYS_PRC_AUTOCREATE
1602,PO,500401,APPROVE,2026-01-19 10:52:20,APPR.OPS_MGR
1603,PO,500402,SUBMIT,2026-04-10 12:26:48,BUYER.OMAR
1604,PO,500402,APPROVE,2026-04-13 08:35:19,APPR.HQ_MGR
1605,PO,500402,APPROVE,2026-04-15 08:44:44,APPR.CFO
1606,REQ,300403,SUBMIT,2025-07-23 13:21:25,S.HASSAN
1607,REQ,300403,APPROVE,2025-07-24 15:00:11,APPR.HQ_MGR
1608,PO,500404,SUBMIT,2025-10-09 09:54:20,BUYER.SARA
1609,PO,500404,APPROVE,2025-10-09 17:05:27,APPR.HQ_MGR
1610,REQ,300405,SUBMIT,2024-10-14 14:24:19,S.HASSAN
1611,REQ,300405,APPROVE,2024-10-15 11:50:50,APPR.HQ_MGR
1612,PO,500405,SUBMIT,2024-10-16 12:25:30,SYS_PRC_AUTOCREATE
1613,PO,500405,APPROVE,2024-10-17 10:19:02,APPR.HQ_MGR
1614,PO,500405,CHANGE,2024-10-21 09:16:40,BUYER.PRIYA
1615,PO,500405,APPROVE,2024-10-23 10:52:49,APPR.HQ_MGR
1616,REQ,300406,SUBMIT,2025-09-12 16:50:49,L.NAIR
1617,REQ,300406,APPROVE,2025-09-15 09:04:25,APPR.FM_MGR
1618,PO,500406,SUBMIT,2025-09-17 10:42:34,SYS_PRC_AUTOCREATE
1619,PO,500406,APPROVE,2025-09-22 10:38:46,APPR.FM_MGR
1620,REQ,300407,SUBMIT,2026-03-18 11:00:59,L.NAIR
1621,REQ,300407,APPROVE,2026-03-20 09:59:04,APPR.FM_MGR
1622,PO,500407,SUBMIT,2026-03-24 15:44:17,SYS_PRC_AUTOCREATE
1623,PO,500407,APPROVE,2026-03-25 10:04:55,APPR.FM_MGR
1624,REQ,300408,SUBMIT,2025-04-08 08:05:05,S.HASSAN
1625,REQ,300408,REJECT,2025-04-14 10:59:27,APPR.OPS_DIRECTOR
1626,REQ,300408,SUBMIT,2025-04-16 10:14:54,S.HASSAN
1627,REQ,300408,APPROVE,2025-04-21 10:43:27,APPR.OPS_DIRECTOR
1628,PO,500408,SUBMIT,2025-04-24 10:51:32,BUYER.JAMES
1629,PO,500408,APPROVE,2025-04-25 10:12:27,APPR.OPS_MGR
1630,PO,500409,SUBMIT,2025-05-05 13:37:06,BUYER.SARA
1631,PO,500409,APPROVE,2025-05-06 08:59:22,APPR.FM_MGR
1632,PO,500410,SUBMIT,2024-11-29 11:19:42,BUYER.OMAR
1633,PO,500410,APPROVE,2024-12-02 10:52:10,APPR.OPS_MGR
1634,PO,500410,CHANGE,2024-12-13 09:06:10,BUYER.OMAR
1635,PO,500410,APPROVE,2024-12-16 09:55:21,APPR.OPS_MGR
1636,PO,500411,SUBMIT,2026-06-03 12:19:44,BUYER.JAMES
1637,PO,500411,APPROVE,2026-06-04 14:38:03,APPR.OPS_MGR
1638,REQ,300412,SUBMIT,2026-02-12 17:18:03,J.THOMAS
1639,REQ,300412,APPROVE,2026-02-13 13:06:13,APPR.FM_MGR
1640,PO,500412,SUBMIT,2026-02-16 11:39:26,SYS_PRC_AUTOCREATE
1641,PO,500412,APPROVE,2026-02-17 11:58:09,APPR.FM_MGR
1642,REQ,300413,SUBMIT,2026-01-27 09:45:25,R.MENON
1643,REQ,300413,REJECT,2026-01-28 10:50:36,APPR.HQ_MGR
1644,REQ,300413,SUBMIT,2026-01-30 08:58:33,R.MENON
1645,REQ,300413,APPROVE,2026-02-02 09:48:49,APPR.HQ_MGR
1646,PO,500413,SUBMIT,2026-02-03 08:36:30,SYS_PRC_AUTOCREATE
1647,PO,500413,APPROVE,2026-02-04 09:51:52,APPR.HQ_MGR
1648,REQ,300414,SUBMIT,2025-11-28 16:28:18,S.HASSAN
1649,REQ,300414,APPROVE,2025-12-02 08:49:08,APPR.OPS_DIRECTOR
1650,PO,500414,SUBMIT,2025-12-08 08:25:03,SYS_PRC_AUTOCREATE
1651,PO,500414,APPROVE,2025-12-08 12:20:37,APPR.OPS_MGR
1652,REQ,300415,SUBMIT,2025-04-22 09:39:59,N.SAEED
1653,REQ,300415,APPROVE,2025-04-23 09:23:35,APPR.FM_MGR
1654,PO,500415,SUBMIT,2025-04-24 09:34:47,SYS_PRC_AUTOCREATE
1655,PO,500415,APPROVE,2025-04-25 09:28:38,APPR.FM_MGR
1656,REQ,300416,SUBMIT,2025-05-19 11:23:58,N.SAEED
1657,REQ,300416,APPROVE,2025-05-20 10:31:38,APPR.HQ_MGR
1658,PO,500416,SUBMIT,2025-05-22 17:03:45,BUYER.SARA
1659,PO,500416,APPROVE,2025-05-23 08:47:11,APPR.HQ_MGR
1660,PO,500416,APPROVE,2025-05-28 10:05:40,APPR.CFO
1661,REQ,300417,SUBMIT,2025-10-20 16:54:08,L.NAIR
1662,REQ,300417,APPROVE,2025-10-28 14:28:08,APPR.OPS_DIRECTOR
1663,PO,500417,SUBMIT,2025-10-30 09:24:53,BUYER.OMAR
1664,PO,500417,APPROVE,2025-10-31 10:30:17,APPR.OPS_MGR
1665,REQ,300418,SUBMIT,2026-03-09 12:35:52,S.HASSAN
1666,REQ,300418,APPROVE,2026-03-11 10:50:05,APPR.HQ_MGR
1667,PO,500418,SUBMIT,2026-03-16 09:46:08,BUYER.PRIYA
1668,PO,500418,APPROVE,2026-03-16 14:20:43,APPR.HQ_MGR
1669,PO,500418,APPROVE,2026-03-18 09:30:12,APPR.CFO
1670,REQ,300419,SUBMIT,2025-12-03 09:52:06,N.SAEED
1671,REQ,300419,APPROVE,2025-12-04 10:44:10,APPR.HQ_MGR
1672,PO,500419,SUBMIT,2025-12-05 10:55:42,SYS_PRC_AUTOCREATE
1673,PO,500419,APPROVE,2025-12-08 16:34:28,APPR.HQ_MGR
1674,REQ,300420,SUBMIT,2026-02-11 10:41:03,L.NAIR
1675,REQ,300420,APPROVE,2026-02-12 09:45:51,APPR.HQ_MGR
1676,PO,500420,SUBMIT,2026-02-16 17:07:56,SYS_PRC_AUTOCREATE
1677,PO,500420,APPROVE,2026-02-17 10:47:11,APPR.HQ_MGR
1678,PO,500420,APPROVE,2026-02-23 10:55:20,APPR.CFO
1679,REQ,300421,SUBMIT,2026-07-28 08:16:30,F.ALI
1680,REQ,300421,APPROVE,2026-08-03 08:03:22,APPR.OPS_DIRECTOR
1681,PO,500421,SUBMIT,2026-08-05 09:43:10,BUYER.SARA
1682,PO,500421,APPROVE,2026-08-06 08:09:36,APPR.OPS_MGR
1683,PO,500421,APPROVE,2026-08-07 13:35:14,APPR.CFO
1684,PO,500422,SUBMIT,2026-04-29 15:27:58,BUYER.OMAR
1685,PO,500422,APPROVE,2026-04-30 12:01:08,APPR.OPS_MGR
1686,REQ,300423,SUBMIT,2026-01-14 15:46:12,A.KHAN
1687,REQ,300423,APPROVE,2026-01-15 08:22:39,APPR.HQ_MGR
1688,PO,500423,SUBMIT,2026-01-19 11:38:42,SYS_PRC_AUTOCREATE
1689,PO,500423,APPROVE,2026-01-21 08:05:34,APPR.HQ_MGR
1690,REQ,300424,SUBMIT,2025-07-28 17:08:09,R.MENON
1691,REQ,300424,APPROVE,2025-07-31 10:41:25,APPR.OPS_DIRECTOR
1692,PO,500424,SUBMIT,2025-08-04 10:09:14,BUYER.PRIYA
1693,PO,500424,APPROVE,2025-08-05 09:52:47,APPR.OPS_MGR
1694,REQ,300425,SUBMIT,2025-09-01 14:23:07,R.MENON
1695,REQ,300425,APPROVE,2025-09-09 10:34:11,APPR.OPS_DIRECTOR
1696,PO,500425,SUBMIT,2025-09-10 08:20:31,SYS_PRC_AUTOCREATE
1697,PO,500425,APPROVE,2025-09-11 08:01:04,APPR.OPS_MGR
1698,REQ,300426,SUBMIT,2025-10-22 17:15:31,L.NAIR
1699,REQ,300426,REJECT,2025-11-03 09:46:58,APPR.OPS_DIRECTOR
1700,REQ,300426,SUBMIT,2025-11-04 08:14:46,L.NAIR
1701,REQ,300426,APPROVE,2025-11-10 10:09:35,APPR.OPS_DIRECTOR
1702,PO,500426,SUBMIT,2025-11-11 16:32:52,SYS_PRC_AUTOCREATE
1703,PO,500426,APPROVE,2025-11-13 10:19:50,APPR.OPS_MGR
1704,PO,500426,APPROVE,2025-11-17 08:15:38,APPR.CFO
1705,REQ,300427,SUBMIT,2026-03-13 15:20:07,S.HASSAN
1706,REQ,300427,APPROVE,2026-03-16 10:10:09,APPR.OPS_DIRECTOR
1707,PO,500427,SUBMIT,2026-03-17 10:32:45,SYS_PRC_AUTOCREATE
1708,PO,500427,APPROVE,2026-03-19 08:12:53,APPR.OPS_MGR
1709,PO,500428,SUBMIT,2024-10-18 10:42:15,BUYER.SARA
1710,PO,500428,APPROVE,2024-10-21 08:32:45,APPR.HQ_MGR
1711,REQ,300429,SUBMIT,2025-07-08 10:07:56,A.KHAN
1712,REQ,300429,APPROVE,2025-07-09 09:00:28,APPR.HQ_MGR
1713,PO,500429,SUBMIT,2025-07-14 08:14:39,BUYER.OMAR
1714,PO,500429,APPROVE,2025-07-16 11:24:51,APPR.HQ_MGR
1715,REQ,300430,SUBMIT,2026-03-19 08:50:32,S.HASSAN
1716,REQ,300430,APPROVE,2026-03-23 09:39:59,APPR.HQ_MGR
1717,PO,500430,SUBMIT,2026-03-24 08:57:03,SYS_PRC_AUTOCREATE
1718,PO,500430,APPROVE,2026-03-25 10:01:59,APPR.HQ_MGR
1719,PO,500430,CHANGE,2026-04-09 09:09:55,BUYER.PRIYA
1720,PO,500430,APPROVE,2026-04-13 10:48:32,APPR.HQ_MGR
1721,REQ,300431,SUBMIT,2026-03-27 13:07:21,A.KHAN
1722,REQ,300431,REJECT,2026-03-30 10:20:14,APPR.FM_MGR
1723,REQ,300431,SUBMIT,2026-03-31 09:04:22,A.KHAN
1724,REQ,300431,APPROVE,2026-04-02 09:49:07,APPR.FM_MGR
1725,PO,500431,SUBMIT,2026-04-03 12:26:14,BUYER.OMAR
1726,PO,500431,APPROVE,2026-04-06 10:46:04,APPR.FM_MGR
1727,REQ,300432,SUBMIT,2025-03-24 13:20:18,A.KHAN
1728,REQ,300432,APPROVE,2025-03-25 08:31:44,APPR.FM_MGR
1729,PO,500432,SUBMIT,2025-03-26 09:27:11,SYS_PRC_AUTOCREATE
1730,PO,500432,APPROVE,2025-03-27 09:53:59,APPR.FM_MGR
1731,PO,500432,CHANGE,2025-04-03 10:09:21,BUYER.PRIYA
1732,PO,500432,APPROVE,2025-04-03 11:14:10,APPR.FM_MGR
1733,REQ,300433,SUBMIT,2024-11-25 11:26:13,N.SAEED
1734,REQ,300433,APPROVE,2024-11-25 15:06:51,APPR.HQ_MGR
1735,PO,500433,SUBMIT,2024-11-27 17:58:07,BUYER.SARA
1736,PO,500433,APPROVE,2024-11-28 10:19:34,APPR.HQ_MGR
1737,PO,500434,SUBMIT,2025-02-07 09:42:12,BUYER.SARA
1738,PO,500434,APPROVE,2025-02-10 14:08:05,APPR.HQ_MGR
1739,REQ,300435,SUBMIT,2025-03-17 10:46:12,L.NAIR
1740,REQ,300435,APPROVE,2025-03-19 08:43:48,APPR.OPS_MGR
1741,PO,500435,SUBMIT,2025-03-20 13:27:00,SYS_PRC_AUTOCREATE
1742,PO,500435,APPROVE,2025-03-25 10:40:05,APPR.OPS_MGR
1743,REQ,300436,SUBMIT,2025-09-23 14:50:41,J.THOMAS
1744,REQ,300436,APPROVE,2025-09-24 14:41:05,APPR.FM_MGR
1745,PO,500436,SUBMIT,2025-09-25 14:22:25,SYS_PRC_AUTOCREATE
1746,PO,500436,APPROVE,2025-09-25 16:50:35,APPR.FM_MGR
1747,REQ,300437,SUBMIT,2025-11-26 11:01:22,M.RAHMAN
1748,REQ,300437,APPROVE,2025-11-27 15:04:32,APPR.HQ_MGR
1749,PO,500437,SUBMIT,2025-12-01 09:48:02,SYS_PRC_AUTOCREATE
1750,PO,500437,APPROVE,2025-12-02 10:01:17,APPR.HQ_MGR
1751,REQ,300438,SUBMIT,2026-06-11 13:46:50,A.KHAN
1752,REQ,300438,APPROVE,2026-06-15 08:03:54,APPR.FM_MGR
1753,PO,500438,SUBMIT,2026-06-17 13:05:44,BUYER.OMAR
1754,PO,500438,APPROVE,2026-06-18 08:52:25,APPR.FM_MGR
1755,REQ,300439,SUBMIT,2024-11-28 08:37:25,M.RAHMAN
1756,REQ,300439,APPROVE,2024-12-02 08:08:32,APPR.OPS_MGR
1757,PO,500439,SUBMIT,2024-12-04 08:08:50,SYS_PRC_AUTOCREATE
1758,PO,500439,APPROVE,2024-12-05 16:56:33,APPR.OPS_MGR
1759,PO,500440,SUBMIT,2024-11-26 09:04:43,BUYER.JAMES
1760,PO,500440,APPROVE,2024-11-27 09:21:08,APPR.OPS_MGR
1761,PO,500441,SUBMIT,2026-01-21 09:07:26,BUYER.OMAR
1762,PO,500441,APPROVE,2026-01-26 09:55:05,APPR.HQ_MGR
1763,REQ,300442,SUBMIT,2024-12-20 10:09:49,J.THOMAS
1764,REQ,300442,APPROVE,2024-12-23 09:20:54,APPR.HQ_MGR
1765,PO,500442,SUBMIT,2024-12-25 11:17:56,BUYER.PRIYA
1766,PO,500442,APPROVE,2024-12-25 15:04:23,APPR.HQ_MGR
1767,REQ,300443,SUBMIT,2025-10-13 14:32:54,A.KHAN
1768,REQ,300443,APPROVE,2025-10-15 09:04:16,APPR.FM_MGR
1769,PO,500443,SUBMIT,2025-10-20 11:50:29,BUYER.OMAR
1770,PO,500443,APPROVE,2025-10-21 12:23:56,APPR.FM_MGR
1771,REQ,300444,SUBMIT,2026-09-15 10:57:48,L.NAIR
1772,REQ,300444,APPROVE,2026-09-17 08:52:54,APPR.HQ_MGR
1773,PO,500444,SUBMIT,2026-09-21 13:31:15,BUYER.OMAR
1774,PO,500444,APPROVE,2026-09-22 09:23:53,APPR.HQ_MGR
1775,REQ,300445,SUBMIT,2026-05-25 08:57:14,S.HASSAN
1776,REQ,300445,APPROVE,2026-05-26 10:00:08,APPR.FM_MGR
1777,PO,500445,SUBMIT,2026-05-27 11:31:17,SYS_PRC_AUTOCREATE
1778,PO,500445,APPROVE,2026-05-28 09:18:06,APPR.FM_MGR
1779,PO,500446,SUBMIT,2026-05-19 10:18:30,BUYER.SARA
1780,PO,500446,APPROVE,2026-05-20 10:59:21,APPR.HQ_MGR
1781,REQ,300447,SUBMIT,2025-11-24 14:44:28,J.THOMAS
1782,REQ,300447,APPROVE,2025-11-24 17:24:07,APPR.HQ_MGR
1783,PO,500447,SUBMIT,2025-11-26 17:04:32,SYS_PRC_AUTOCREATE
1784,PO,500447,APPROVE,2025-11-28 12:58:18,APPR.HQ_MGR
1785,PO,500448,SUBMIT,2026-09-01 08:28:30,BUYER.SARA
1786,PO,500448,APPROVE,2026-09-01 10:25:55,APPR.OPS_MGR
1787,REQ,300449,SUBMIT,2025-01-06 12:19:54,M.RAHMAN
1788,REQ,300449,APPROVE,2025-01-17 09:26:30,APPR.OPS_DIRECTOR
1789,PO,500449,SUBMIT,2025-01-20 17:35:39,SYS_PRC_AUTOCREATE
1790,PO,500449,APPROVE,2025-01-21 09:49:04,APPR.OPS_MGR
1791,PO,500450,SUBMIT,2026-04-16 16:41:09,BUYER.JAMES
1792,PO,500450,APPROVE,2026-04-20 15:06:05,APPR.OPS_MGR
1793,REQ,300451,SUBMIT,2025-08-01 12:17:53,F.ALI
1794,REQ,300451,APPROVE,2025-08-04 10:26:07,APPR.OPS_MGR
1795,PO,500451,SUBMIT,2025-08-06 09:05:13,BUYER.OMAR
1796,PO,500451,APPROVE,2025-08-06 16:56:49,APPR.OPS_MGR
1797,REQ,300452,SUBMIT,2026-02-06 12:11:59,R.MENON
1798,REQ,300452,APPROVE,2026-02-06 15:02:28,APPR.HQ_MGR
1799,PO,500452,SUBMIT,2026-02-09 17:30:26,BUYER.SARA
1800,PO,500452,APPROVE,2026-02-11 10:45:11,APPR.HQ_MGR
1801,REQ,300453,SUBMIT,2025-03-03 14:30:56,L.NAIR
1802,REQ,300453,APPROVE,2025-03-04 08:54:17,APPR.OPS_MGR
1803,PO,500453,SUBMIT,2025-03-07 08:01:46,SYS_PRC_AUTOCREATE
1804,PO,500453,APPROVE,2025-03-10 11:45:49,APPR.OPS_MGR
1805,REQ,300454,SUBMIT,2024-11-14 14:40:08,M.RAHMAN
1806,REQ,300454,APPROVE,2024-11-15 15:31:05,APPR.FM_MGR
1807,PO,500454,SUBMIT,2024-11-18 17:53:08,SYS_PRC_AUTOCREATE
1808,PO,500454,APPROVE,2024-11-19 09:35:46,APPR.FM_MGR
1809,REQ,300455,SUBMIT,2025-02-20 13:35:29,F.ALI
1810,REQ,300455,APPROVE,2025-02-24 09:41:31,APPR.OPS_DIRECTOR
1811,PO,500456,SUBMIT,2025-10-28 12:34:06,BUYER.JAMES
1812,PO,500456,APPROVE,2025-10-29 11:35:23,APPR.FM_MGR
1813,PO,500456,CHANGE,2025-11-03 09:27:11,BUYER.JAMES
1814,PO,500456,APPROVE,2025-11-05 08:00:32,APPR.FM_MGR
1815,PO,500457,SUBMIT,2024-10-09 15:43:55,BUYER.OMAR
1816,PO,500457,APPROVE,2024-10-14 09:30:51,APPR.HQ_MGR
1817,REQ,300458,SUBMIT,2026-01-29 09:26:23,N.SAEED
1818,REQ,300458,APPROVE,2026-02-02 10:43:34,APPR.OPS_DIRECTOR
1819,PO,500458,SUBMIT,2026-02-04 11:34:26,SYS_PRC_AUTOCREATE
1820,PO,500458,APPROVE,2026-02-06 09:39:21,APPR.OPS_MGR
1821,PO,500458,APPROVE,2026-02-09 08:53:46,APPR.CFO
1822,PO,500458,CHANGE,2026-02-10 13:15:01,BUYER.JAMES
1823,PO,500458,APPROVE,2026-02-12 09:30:53,APPR.OPS_MGR
1824,REQ,300459,SUBMIT,2026-01-30 09:09:27,R.MENON
1825,REQ,300459,APPROVE,2026-02-02 10:57:24,APPR.OPS_MGR
1826,PO,500459,SUBMIT,2026-02-05 09:42:04,SYS_PRC_AUTOCREATE
1827,PO,500459,APPROVE,2026-02-09 10:25:46,APPR.OPS_MGR
1828,REQ,300460,SUBMIT,2024-11-05 13:29:49,J.THOMAS
1829,REQ,300460,APPROVE,2024-11-07 08:08:50,APPR.OPS_MGR
1830,PO,500460,SUBMIT,2024-11-12 10:19:25,SYS_PRC_AUTOCREATE
1831,PO,500460,APPROVE,2024-11-14 12:07:49,APPR.OPS_MGR
1832,PO,500461,SUBMIT,2026-07-08 08:46:53,BUYER.PRIYA
1833,PO,500461,APPROVE,2026-07-10 10:10:31,APPR.FM_MGR
1834,PO,500461,APPROVE,2026-07-13 10:10:33,APPR.CFO
1835,REQ,300462,SUBMIT,2025-08-12 10:39:08,L.NAIR
1836,REQ,300462,APPROVE,2025-08-12 16:31:27,APPR.HQ_MGR
1837,PO,500462,SUBMIT,2025-08-14 10:35:33,BUYER.JAMES
1838,PO,500462,APPROVE,2025-08-15 10:11:14,APPR.HQ_MGR
1839,REQ,300463,SUBMIT,2024-10-15 11:28:39,N.SAEED
1840,REQ,300463,APPROVE,2024-10-16 08:54:49,APPR.HQ_MGR
1841,PO,500463,SUBMIT,2024-10-21 13:29:27,BUYER.PRIYA
1842,PO,500463,APPROVE,2024-10-22 09:19:29,APPR.HQ_MGR
1843,PO,500463,APPROVE,2024-10-24 17:04:35,APPR.CFO
1844,REQ,300464,SUBMIT,2026-06-05 15:59:36,L.NAIR
1845,REQ,300464,APPROVE,2026-06-08 09:30:26,APPR.FM_MGR
1846,PO,500464,SUBMIT,2026-06-11 10:35:55,SYS_PRC_AUTOCREATE
1847,PO,500464,APPROVE,2026-06-12 09:19:43,APPR.FM_MGR
1848,REQ,300465,SUBMIT,2026-05-28 15:53:22,S.HASSAN
1849,REQ,300465,APPROVE,2026-05-29 11:53:23,APPR.FM_MGR
1850,PO,500465,SUBMIT,2026-06-01 08:53:08,BUYER.PRIYA
1851,PO,500465,APPROVE,2026-06-02 12:37:19,APPR.FM_MGR
1852,PO,500465,APPROVE,2026-06-04 14:08:50,APPR.CFO
1853,REQ,300466,SUBMIT,2025-04-09 09:14:58,F.ALI
1854,REQ,300466,APPROVE,2025-04-10 10:53:09,APPR.HQ_MGR
1855,PO,500466,SUBMIT,2025-04-14 08:51:00,SYS_PRC_AUTOCREATE
1856,PO,500466,APPROVE,2025-04-15 15:26:48,APPR.HQ_MGR
1857,PO,500466,CHANGE,2025-04-18 09:42:52,BUYER.OMAR
1858,PO,500466,APPROVE,2025-04-21 17:58:44,APPR.HQ_MGR
1859,PO,500467,SUBMIT,2026-01-22 09:45:47,BUYER.SARA
1860,PO,500467,APPROVE,2026-01-23 09:26:12,APPR.FM_MGR
1861,PO,500468,SUBMIT,2026-01-21 15:35:13,BUYER.PRIYA
1862,PO,500468,APPROVE,2026-01-22 08:30:39,APPR.HQ_MGR
1863,PO,500469,SUBMIT,2024-10-29 12:53:41,BUYER.SARA
1864,PO,500469,APPROVE,2024-10-30 09:38:12,APPR.OPS_MGR
1865,REQ,300470,SUBMIT,2025-06-05 14:42:58,F.ALI
1866,REQ,300470,APPROVE,2025-06-06 08:00:36,APPR.FM_MGR
1867,PO,500470,SUBMIT,2025-06-09 16:30:24,BUYER.PRIYA
1868,PO,500470,APPROVE,2025-06-10 09:40:44,APPR.FM_MGR
1869,REQ,300471,SUBMIT,2026-01-19 14:25:27,F.ALI
1870,REQ,300471,REJECT,2026-01-20 08:09:50,APPR.FM_MGR
1871,REQ,300471,SUBMIT,2026-01-21 08:23:38,F.ALI
1872,REQ,300471,APPROVE,2026-01-23 08:45:30,APPR.FM_MGR
1873,PO,500471,SUBMIT,2026-01-26 12:40:07,BUYER.OMAR
1874,PO,500471,APPROVE,2026-01-26 14:15:44,APPR.FM_MGR
1875,REQ,300472,SUBMIT,2024-10-07 16:47:00,M.RAHMAN
1876,REQ,300472,APPROVE,2024-10-09 09:22:09,APPR.FM_MGR
1877,PO,500472,SUBMIT,2024-10-14 11:53:52,BUYER.JAMES
1878,PO,500472,APPROVE,2024-10-16 10:32:00,APPR.FM_MGR
1879,REQ,300473,SUBMIT,2026-02-26 11:40:50,N.SAEED
1880,REQ,300473,APPROVE,2026-03-02 08:43:12,APPR.HQ_MGR
1881,PO,500473,SUBMIT,2026-03-04 14:08:27,SYS_PRC_AUTOCREATE
1882,PO,500473,APPROVE,2026-03-05 08:59:07,APPR.HQ_MGR
1883,REQ,300474,SUBMIT,2026-03-06 17:56:50,L.NAIR
1884,REQ,300474,APPROVE,2026-03-09 08:58:17,APPR.FM_MGR
1885,PO,500474,SUBMIT,2026-03-10 13:12:57,SYS_PRC_AUTOCREATE
1886,PO,500474,APPROVE,2026-03-11 09:30:14,APPR.FM_MGR
1887,REQ,300475,SUBMIT,2025-07-21 16:26:27,M.RAHMAN
1888,REQ,300475,APPROVE,2025-07-24 11:01:54,APPR.HQ_MGR
1889,PO,500475,SUBMIT,2025-07-28 09:28:03,SYS_PRC_AUTOCREATE
1890,PO,500475,APPROVE,2025-07-31 09:06:54,APPR.HQ_MGR
1891,REQ,300476,SUBMIT,2025-03-11 09:17:36,J.THOMAS
1892,REQ,300476,REJECT,2025-03-12 14:06:00,APPR.OPS_MGR
1893,REQ,300476,SUBMIT,2025-03-17 08:30:19,J.THOMAS
1894,REQ,300476,APPROVE,2025-03-19 10:18:13,APPR.OPS_MGR
1895,PO,500476,SUBMIT,2025-03-20 16:10:14,BUYER.OMAR
1896,PO,500476,APPROVE,2025-03-24 10:48:54,APPR.OPS_MGR
1897,REQ,300477,SUBMIT,2025-02-12 10:44:09,A.KHAN
1898,REQ,300477,APPROVE,2025-02-24 09:14:16,APPR.OPS_DIRECTOR
1899,PO,500477,SUBMIT,2025-02-25 13:19:45,BUYER.JAMES
1900,PO,500477,APPROVE,2025-02-26 11:44:10,APPR.OPS_MGR
1901,REQ,300478,SUBMIT,2025-09-08 10:12:18,L.NAIR
1902,REQ,300478,APPROVE,2025-09-09 09:06:30,APPR.OPS_MGR
1903,PO,500479,SUBMIT,2025-05-15 09:09:05,BUYER.JAMES
1904,PO,500479,APPROVE,2025-05-19 08:44:04,APPR.FM_MGR
1905,REQ,300480,SUBMIT,2025-02-04 08:14:35,N.SAEED
1906,REQ,300480,APPROVE,2025-02-11 09:05:27,APPR.OPS_DIRECTOR
1907,PO,500480,SUBMIT,2025-02-13 15:50:18,BUYER.PRIYA
1908,PO,500480,APPROVE,2025-02-17 09:00:27,APPR.OPS_MGR
1909,REQ,300481,SUBMIT,2025-02-05 10:51:59,J.THOMAS
1910,REQ,300481,APPROVE,2025-02-07 09:56:12,APPR.OPS_MGR
1911,PO,500481,SUBMIT,2025-02-11 09:18:47,BUYER.JAMES
1912,PO,500481,APPROVE,2025-02-12 08:53:26,APPR.OPS_MGR
1913,REQ,300482,SUBMIT,2025-11-19 14:52:12,S.HASSAN
1914,REQ,300482,REJECT,2025-11-20 08:05:28,APPR.FM_MGR
1915,REQ,300482,SUBMIT,2025-11-24 09:50:40,S.HASSAN
1916,REQ,300482,APPROVE,2025-11-25 09:27:50,APPR.FM_MGR
1917,PO,500482,SUBMIT,2025-11-26 13:35:09,BUYER.SARA
1918,PO,500482,APPROVE,2025-11-27 10:11:09,APPR.FM_MGR
1919,REQ,300483,SUBMIT,2026-07-06 14:22:15,S.HASSAN
1920,REQ,300483,APPROVE,2026-07-07 09:32:27,APPR.HQ_MGR
1921,PO,500483,SUBMIT,2026-07-08 08:48:07,BUYER.PRIYA
1922,PO,500483,APPROVE,2026-07-10 08:42:17,APPR.HQ_MGR
1923,REQ,300484,SUBMIT,2025-07-31 08:06:20,N.SAEED
1924,REQ,300484,APPROVE,2025-08-01 10:15:50,APPR.OPS_MGR
1925,PO,500484,SUBMIT,2025-08-05 09:56:37,BUYER.SARA
1926,PO,500484,APPROVE,2025-08-06 09:19:41,APPR.OPS_MGR
1927,REQ,300485,SUBMIT,2025-01-08 14:26:41,S.HASSAN
1928,REQ,300485,APPROVE,2025-01-09 17:52:26,APPR.OPS_MGR
1929,PO,500485,SUBMIT,2025-01-10 10:37:33,BUYER.PRIYA
1930,PO,500485,APPROVE,2025-01-13 08:20:41,APPR.OPS_MGR
1931,REQ,300486,SUBMIT,2024-11-20 11:24:47,F.ALI
1932,REQ,300486,APPROVE,2024-11-22 10:54:47,APPR.FM_MGR
1933,PO,500486,SUBMIT,2024-11-26 09:32:51,SYS_PRC_AUTOCREATE
1934,PO,500486,APPROVE,2024-11-27 09:25:43,APPR.FM_MGR
1935,PO,500486,APPROVE,2024-12-02 09:30:48,APPR.CFO
1936,REQ,300487,SUBMIT,2024-10-14 13:17:38,N.SAEED
1937,REQ,300487,APPROVE,2024-10-15 08:35:52,APPR.FM_MGR
1938,PO,500487,SUBMIT,2024-10-16 13:09:59,SYS_PRC_AUTOCREATE
1939,PO,500487,APPROVE,2024-10-17 08:20:49,APPR.FM_MGR
1940,REQ,300488,SUBMIT,2025-04-10 17:31:35,F.ALI
1941,REQ,300488,APPROVE,2025-04-18 08:31:37,APPR.OPS_DIRECTOR
1942,PO,500488,SUBMIT,2025-04-21 16:13:42,BUYER.PRIYA
1943,PO,500488,APPROVE,2025-04-22 10:06:11,APPR.OPS_MGR
1944,REQ,300489,SUBMIT,2025-06-23 14:43:35,S.HASSAN
1945,REQ,300489,APPROVE,2025-06-24 09:05:53,APPR.HQ_MGR
1946,PO,500489,SUBMIT,2025-06-25 10:23:04,SYS_PRC_AUTOCREATE
1947,PO,500489,APPROVE,2025-06-25 15:25:25,APPR.HQ_MGR
1948,REQ,300490,SUBMIT,2026-08-28 12:24:38,A.KHAN
1949,REQ,300490,APPROVE,2026-08-31 10:51:15,APPR.OPS_MGR
1950,PO,500490,SUBMIT,2026-09-02 10:39:39,BUYER.JAMES
1951,PO,500490,APPROVE,2026-09-04 08:26:46,APPR.OPS_MGR
1952,REQ,300491,SUBMIT,2026-04-28 10:22:38,J.THOMAS
1953,REQ,300491,APPROVE,2026-05-04 10:40:53,APPR.OPS_DIRECTOR
1954,REQ,300492,SUBMIT,2026-01-05 13:26:35,R.MENON
1955,REQ,300492,APPROVE,2026-01-06 11:28:42,APPR.FM_MGR
1956,PO,500492,SUBMIT,2026-01-08 10:01:32,SYS_PRC_AUTOCREATE
1957,PO,500492,APPROVE,2026-01-12 10:33:45,APPR.FM_MGR
1958,REQ,300493,SUBMIT,2024-12-09 14:31:11,J.THOMAS
1959,REQ,300493,APPROVE,2024-12-10 11:32:15,APPR.FM_MGR
1960,PO,500493,SUBMIT,2024-12-13 11:46:47,BUYER.SARA
1961,PO,500493,APPROVE,2024-12-16 10:01:21,APPR.FM_MGR
1962,REQ,300494,SUBMIT,2024-12-06 13:02:00,F.ALI
1963,REQ,300494,APPROVE,2024-12-09 12:40:18,APPR.FM_MGR
1964,PO,500494,SUBMIT,2024-12-11 14:29:04,BUYER.PRIYA
1965,PO,500494,APPROVE,2024-12-12 08:34:31,APPR.FM_MGR
1966,PO,500494,APPROVE,2024-12-16 10:42:06,APPR.CFO
1967,PO,500495,SUBMIT,2025-06-16 12:30:11,BUYER.JAMES
1968,PO,500495,APPROVE,2025-06-18 10:29:00,APPR.OPS_MGR
1969,PO,500495,APPROVE,2025-06-23 09:33:07,APPR.CFO
1970,REQ,300496,SUBMIT,2026-01-12 17:53:57,J.THOMAS
1971,REQ,300496,REJECT,2026-01-13 16:47:39,APPR.HQ_MGR
1972,REQ,300496,SUBMIT,2026-01-15 17:33:14,J.THOMAS
1973,REQ,300496,APPROVE,2026-01-16 14:14:04,APPR.HQ_MGR
1974,PO,500496,SUBMIT,2026-01-21 11:08:33,BUYER.JAMES
1975,PO,500496,APPROVE,2026-01-21 12:16:23,APPR.HQ_MGR
1976,REQ,300497,SUBMIT,2026-03-03 09:35:00,J.THOMAS
1977,REQ,300497,APPROVE,2026-03-03 17:56:53,APPR.FM_MGR
1978,PO,500497,SUBMIT,2026-03-05 17:05:51,SYS_PRC_AUTOCREATE
1979,PO,500497,APPROVE,2026-03-09 08:53:33,APPR.FM_MGR
1980,PO,500497,APPROVE,2026-03-12 10:50:12,APPR.CFO
1981,REQ,300498,SUBMIT,2025-12-15 17:50:04,N.SAEED
1982,REQ,300498,APPROVE,2025-12-18 14:13:37,APPR.HQ_MGR
1983,PO,500498,SUBMIT,2025-12-22 10:45:06,BUYER.SARA
1984,PO,500498,APPROVE,2025-12-23 08:03:56,APPR.HQ_MGR
1985,REQ,300499,SUBMIT,2025-12-29 15:28:31,R.MENON
1986,REQ,300499,APPROVE,2025-12-30 09:23:31,APPR.HQ_MGR
1987,PO,500499,SUBMIT,2025-12-31 09:47:35,BUYER.PRIYA
1988,PO,500499,APPROVE,2026-01-01 15:57:49,APPR.HQ_MGR
1989,REQ,300500,SUBMIT,2025-05-19 09:46:10,F.ALI
1990,REQ,300500,APPROVE,2025-05-20 08:01:51,APPR.FM_MGR
1991,PO,500500,SUBMIT,2025-05-22 09:36:25,BUYER.SARA
1992,PO,500500,APPROVE,2025-05-22 13:02:55,APPR.FM_MGR
1993,REQ,300501,SUBMIT,2024-11-12 08:39:45,J.THOMAS
1994,REQ,300501,REJECT,2024-11-12 10:04:12,APPR.HQ_MGR
1995,REQ,300501,SUBMIT,2024-11-14 08:31:34,J.THOMAS
1996,REQ,300501,APPROVE,2024-11-15 17:35:17,APPR.HQ_MGR
1997,PO,500501,SUBMIT,2024-11-18 13:39:58,BUYER.PRIYA
1998,PO,500501,APPROVE,2024-11-20 14:10:49,APPR.HQ_MGR
1999,REQ,300502,SUBMIT,2026-04-13 08:50:21,N.SAEED
2000,REQ,300502,APPROVE,2026-04-14 17:12:03,APPR.FM_MGR
2001,PO,500502,SUBMIT,2026-04-16 09:48:27,BUYER.SARA
2002,PO,500502,APPROVE,2026-04-20 08:19:07,APPR.FM_MGR
2003,REQ,300503,SUBMIT,2026-04-14 08:16:51,A.KHAN
2004,REQ,300503,APPROVE,2026-04-16 08:20:00,APPR.FM_MGR
2005,PO,500503,SUBMIT,2026-04-16 17:34:24,SYS_PRC_AUTOCREATE
2006,PO,500503,APPROVE,2026-04-17 12:04:25,APPR.FM_MGR
2007,REQ,300504,SUBMIT,2026-05-28 14:33:04,N.SAEED
2008,REQ,300504,APPROVE,2026-06-01 09:41:44,APPR.HQ_MGR
2009,PO,500504,SUBMIT,2026-06-02 15:39:08,BUYER.PRIYA
2010,PO,500504,APPROVE,2026-06-03 10:42:05,APPR.HQ_MGR
2011,REQ,300505,SUBMIT,2026-08-14 16:59:57,J.THOMAS
2012,REQ,300505,APPROVE,2026-08-17 11:53:51,APPR.HQ_MGR
2013,PO,500505,SUBMIT,2026-08-19 12:55:05,BUYER.OMAR
2014,PO,500505,APPROVE,2026-08-20 13:43:47,APPR.HQ_MGR
2015,REQ,300506,SUBMIT,2025-10-24 17:23:23,R.MENON
2016,REQ,300506,APPROVE,2025-10-27 08:54:16,APPR.FM_MGR
2017,PO,500506,SUBMIT,2025-10-29 09:58:40,SYS_PRC_AUTOCREATE
2018,PO,500506,APPROVE,2025-10-30 09:34:18,APPR.FM_MGR
2019,REQ,300507,SUBMIT,2024-11-05 09:55:48,R.MENON
2020,REQ,300507,APPROVE,2024-11-06 09:34:23,APPR.FM_MGR
2021,PO,500507,SUBMIT,2024-11-08 13:54:20,BUYER.JAMES
2022,PO,500507,APPROVE,2024-11-11 09:24:57,APPR.FM_MGR
2023,PO,500507,APPROVE,2024-11-11 16:55:22,APPR.CFO
2024,REQ,300508,SUBMIT,2025-06-09 11:44:50,L.NAIR
2025,REQ,300508,APPROVE,2025-06-10 10:28:16,APPR.HQ_MGR
2026,PO,500508,SUBMIT,2025-06-16 10:24:48,SYS_PRC_AUTOCREATE
2027,PO,500508,APPROVE,2025-06-17 14:37:17,APPR.HQ_MGR
2028,PO,500509,SUBMIT,2025-07-29 14:39:51,BUYER.JAMES
2029,PO,500509,APPROVE,2025-07-30 09:20:59,APPR.FM_MGR
2030,REQ,300510,SUBMIT,2026-07-10 08:23:25,R.MENON
2031,REQ,300510,APPROVE,2026-07-13 10:55:42,APPR.HQ_MGR
2032,PO,500510,SUBMIT,2026-07-15 08:02:51,BUYER.SARA
2033,PO,500510,APPROVE,2026-07-16 08:10:34,APPR.HQ_MGR
2034,REQ,300511,SUBMIT,2026-01-21 10:00:07,J.THOMAS
2035,REQ,300511,APPROVE,2026-01-22 08:26:45,APPR.OPS_MGR
2036,PO,500511,SUBMIT,2026-01-23 08:09:08,SYS_PRC_AUTOCREATE
2037,PO,500511,APPROVE,2026-01-26 10:48:51,APPR.OPS_MGR
2038,PO,500511,CHANGE,2026-02-04 09:23:50,BUYER.PRIYA
2039,PO,500511,APPROVE,2026-02-05 08:42:33,APPR.OPS_MGR
2040,REQ,300512,SUBMIT,2025-01-10 11:12:03,S.HASSAN
2041,REQ,300512,APPROVE,2025-01-13 17:07:39,APPR.HQ_MGR
2042,PO,500512,SUBMIT,2025-01-14 11:41:56,BUYER.SARA
2043,PO,500512,APPROVE,2025-01-14 13:04:08,APPR.HQ_MGR
2044,REQ,300513,SUBMIT,2026-05-04 15:54:35,R.MENON
2045,REQ,300513,APPROVE,2026-05-05 09:53:06,APPR.OPS_MGR
2046,PO,500513,SUBMIT,2026-05-06 11:03:25,BUYER.OMAR
2047,PO,500513,APPROVE,2026-05-11 08:24:56,APPR.OPS_MGR
2048,REQ,300514,SUBMIT,2024-12-19 16:03:59,S.HASSAN
2049,REQ,300514,APPROVE,2024-12-23 15:11:23,APPR.OPS_MGR
2050,PO,500514,SUBMIT,2024-12-27 10:01:12,BUYER.PRIYA
2051,PO,500514,APPROVE,2024-12-30 08:38:26,APPR.OPS_MGR
2052,PO,500514,CHANGE,2025-01-07 11:49:25,BUYER.PRIYA
2053,PO,500514,APPROVE,2025-01-09 08:25:47,APPR.OPS_MGR
2054,PO,500515,SUBMIT,2025-04-11 13:56:44,BUYER.SARA
2055,PO,500515,APPROVE,2025-04-14 09:39:02,APPR.OPS_MGR
2056,REQ,300516,SUBMIT,2025-12-03 12:52:57,F.ALI
2057,REQ,300516,APPROVE,2025-12-05 08:17:24,APPR.FM_MGR
2058,PO,500516,SUBMIT,2025-12-08 15:52:39,SYS_PRC_AUTOCREATE
2059,PO,500516,APPROVE,2025-12-09 08:52:46,APPR.FM_MGR
2060,PO,500517,SUBMIT,2026-06-09 13:40:09,BUYER.JAMES
2061,PO,500517,APPROVE,2026-06-10 10:10:33,APPR.OPS_MGR
2062,REQ,300518,SUBMIT,2025-05-13 15:12:08,N.SAEED
2063,REQ,300518,REJECT,2025-05-15 09:15:39,APPR.FM_MGR
2064,REQ,300518,SUBMIT,2025-05-16 14:28:26,N.SAEED
2065,REQ,300518,APPROVE,2025-05-19 10:42:28,APPR.FM_MGR
2066,PO,500518,SUBMIT,2025-05-21 08:20:27,SYS_PRC_AUTOCREATE
2067,PO,500518,APPROVE,2025-05-21 12:15:36,APPR.FM_MGR
2068,PO,500518,APPROVE,2025-05-23 10:09:47,APPR.CFO
2069,PO,500519,SUBMIT,2025-04-24 10:02:23,BUYER.SARA
2070,PO,500519,APPROVE,2025-04-28 09:48:51,APPR.FM_MGR
2071,REQ,300520,SUBMIT,2025-11-25 09:57:00,F.ALI
2072,REQ,300520,APPROVE,2025-11-25 15:46:58,APPR.HQ_MGR
2073,PO,500520,SUBMIT,2025-11-26 14:49:08,BUYER.JAMES
2074,PO,500520,APPROVE,2025-11-28 08:05:52,APPR.HQ_MGR
2075,PO,500520,APPROVE,2025-12-01 08:22:57,APPR.CFO
2076,REQ,300521,SUBMIT,2026-03-02 10:32:33,J.THOMAS
2077,REQ,300521,APPROVE,2026-03-03 09:22:09,APPR.HQ_MGR
2078,PO,500521,SUBMIT,2026-03-04 11:35:32,BUYER.SARA
2079,PO,500521,APPROVE,2026-03-05 08:31:00,APPR.HQ_MGR
2080,PO,500522,SUBMIT,2024-10-30 11:38:08,BUYER.JAMES
2081,PO,500522,APPROVE,2024-10-31 12:41:34,APPR.FM_MGR
2082,REQ,300523,SUBMIT,2025-12-12 12:34:32,L.NAIR
2083,REQ,300523,APPROVE,2025-12-15 09:34:38,APPR.HQ_MGR
2084,PO,500523,SUBMIT,2025-12-16 17:58:10,SYS_PRC_AUTOCREATE
2085,PO,500523,APPROVE,2025-12-17 08:41:34,APPR.HQ_MGR
2086,REQ,300524,SUBMIT,2025-07-01 08:18:52,R.MENON
2087,REQ,300524,APPROVE,2025-07-02 08:48:25,APPR.FM_MGR
2088,PO,500524,SUBMIT,2025-07-03 10:59:58,SYS_PRC_AUTOCREATE
2089,PO,500524,APPROVE,2025-07-04 08:28:09,APPR.FM_MGR
2090,PO,500524,APPROVE,2025-07-14 12:35:57,APPR.CFO
2091,PO,500525,SUBMIT,2025-10-24 11:02:43,BUYER.PRIYA
2092,PO,500525,APPROVE,2025-10-27 08:53:36,APPR.OPS_MGR
2093,REQ,300526,SUBMIT,2025-09-01 14:54:05,R.MENON
2094,REQ,300526,APPROVE,2025-09-04 11:53:22,APPR.FM_MGR
2095,PO,500526,SUBMIT,2025-09-08 09:55:20,BUYER.SARA
2096,PO,500526,APPROVE,2025-09-09 09:53:05,APPR.FM_MGR
2097,PO,500526,APPROVE,2025-09-15 08:29:32,APPR.CFO
2098,PO,500526,CHANGE,2025-09-18 09:21:27,BUYER.SARA
2099,PO,500526,APPROVE,2025-09-19 10:42:06,APPR.FM_MGR
2100,REQ,300527,SUBMIT,2026-03-02 15:14:14,N.SAEED
2101,REQ,300527,APPROVE,2026-03-11 09:48:26,APPR.OPS_DIRECTOR
2102,PO,500527,SUBMIT,2026-03-13 09:58:26,BUYER.JAMES
2103,PO,500527,APPROVE,2026-03-16 16:58:04,APPR.OPS_MGR
2104,PO,500527,CHANGE,2026-03-17 10:06:49,BUYER.JAMES
2105,PO,500527,APPROVE,2026-03-19 09:29:17,APPR.OPS_MGR
2106,REQ,300528,SUBMIT,2025-03-17 14:02:01,M.RAHMAN
2107,REQ,300528,APPROVE,2025-03-18 10:03:03,APPR.OPS_MGR
2108,PO,500528,SUBMIT,2025-03-20 10:13:11,BUYER.SARA
2109,PO,500528,APPROVE,2025-03-24 12:41:55,APPR.OPS_MGR
2110,REQ,300529,SUBMIT,2026-05-19 11:38:28,N.SAEED
2111,REQ,300529,APPROVE,2026-05-20 10:16:22,APPR.FM_MGR
2112,PO,500529,SUBMIT,2026-05-25 08:52:18,SYS_PRC_AUTOCREATE
2113,PO,500529,APPROVE,2026-05-25 17:13:34,APPR.FM_MGR
2114,REQ,300530,SUBMIT,2025-01-15 09:58:51,J.THOMAS
2115,REQ,300530,APPROVE,2025-01-17 10:15:08,APPR.OPS_DIRECTOR
2116,PO,500530,SUBMIT,2025-01-20 12:13:14,BUYER.PRIYA
2117,PO,500530,APPROVE,2025-01-21 09:16:59,APPR.OPS_MGR
2118,REQ,300531,SUBMIT,2026-07-22 12:03:31,A.KHAN
2119,REQ,300531,APPROVE,2026-08-03 10:01:44,APPR.OPS_DIRECTOR
2120,REQ,300532,SUBMIT,2024-10-08 10:12:57,R.MENON
2121,REQ,300532,APPROVE,2024-10-09 16:39:59,APPR.HQ_MGR
2122,PO,500532,SUBMIT,2024-10-11 14:30:31,SYS_PRC_AUTOCREATE
2123,PO,500532,APPROVE,2024-10-14 13:23:50,APPR.HQ_MGR
2124,REQ,300533,SUBMIT,2026-07-13 10:47:41,J.THOMAS
2125,REQ,300533,APPROVE,2026-07-23 16:34:47,APPR.OPS_DIRECTOR
2126,PO,500533,SUBMIT,2026-07-27 10:28:59,SYS_PRC_AUTOCREATE
2127,PO,500533,APPROVE,2026-07-30 08:34:42,APPR.OPS_MGR
2128,REQ,300534,SUBMIT,2026-09-14 16:04:52,J.THOMAS
2129,REQ,300534,APPROVE,2026-09-15 10:17:51,APPR.HQ_MGR
2130,PO,500534,SUBMIT,2026-09-17 16:17:06,BUYER.OMAR
2131,PO,500534,APPROVE,2026-09-21 08:28:13,APPR.HQ_MGR
2132,REQ,300535,SUBMIT,2026-08-10 10:25:59,M.RAHMAN
2133,REQ,300535,APPROVE,2026-08-12 09:39:44,APPR.HQ_MGR
2134,PO,500535,SUBMIT,2026-08-17 13:05:38,SYS_PRC_AUTOCREATE
2135,PO,500535,APPROVE,2026-08-18 10:50:28,APPR.HQ_MGR
2136,PO,500536,SUBMIT,2025-04-22 17:58:32,BUYER.JAMES
2137,PO,500536,APPROVE,2025-04-23 08:51:41,APPR.HQ_MGR
2138,REQ,300537,SUBMIT,2025-05-08 08:24:34,A.KHAN
2139,REQ,300537,APPROVE,2025-05-08 08:43:43,APPR.HQ_MGR
2140,PO,500537,SUBMIT,2025-05-09 11:45:50,BUYER.JAMES
2141,PO,500537,APPROVE,2025-05-12 09:45:21,APPR.HQ_MGR
2142,PO,500537,APPROVE,2025-05-15 13:27:23,APPR.CFO
2143,PO,500537,CHANGE,2025-05-20 08:08:01,BUYER.JAMES
2144,PO,500537,APPROVE,2025-05-22 14:32:52,APPR.HQ_MGR
2145,REQ,300538,SUBMIT,2026-01-12 17:35:46,R.MENON
2146,REQ,300538,APPROVE,2026-01-13 17:23:59,APPR.HQ_MGR
2147,PO,500538,SUBMIT,2026-01-16 09:29:59,BUYER.SARA
2148,PO,500538,APPROVE,2026-01-19 09:55:55,APPR.HQ_MGR
2149,REQ,300539,SUBMIT,2025-09-22 14:23:32,A.KHAN
2150,REQ,300539,APPROVE,2025-09-25 09:31:27,APPR.OPS_DIRECTOR
2151,PO,500539,SUBMIT,2025-09-26 10:47:22,BUYER.PRIYA
2152,PO,500539,APPROVE,2025-09-29 10:01:51,APPR.OPS_MGR
2153,REQ,300540,SUBMIT,2025-02-19 12:08:30,N.SAEED
2154,REQ,300540,APPROVE,2025-02-20 08:59:34,APPR.FM_MGR
2155,PO,500540,SUBMIT,2025-02-21 14:59:40,BUYER.JAMES
2156,PO,500540,APPROVE,2025-02-24 08:15:01,APPR.FM_MGR
2157,REQ,300541,SUBMIT,2026-03-09 17:41:23,R.MENON
2158,REQ,300541,APPROVE,2026-03-12 17:21:23,APPR.HQ_MGR
2159,PO,500541,SUBMIT,2026-03-13 15:21:01,SYS_PRC_AUTOCREATE
2160,PO,500541,APPROVE,2026-03-16 10:00:19,APPR.HQ_MGR
2161,REQ,300542,SUBMIT,2026-08-10 09:32:45,S.HASSAN
2162,REQ,300542,APPROVE,2026-08-10 13:12:33,APPR.FM_MGR
2163,PO,500542,SUBMIT,2026-08-11 08:13:16,BUYER.SARA
2164,PO,500542,APPROVE,2026-08-12 13:24:53,APPR.FM_MGR
2165,REQ,300543,SUBMIT,2026-03-26 08:00:04,L.NAIR
2166,REQ,300543,APPROVE,2026-03-27 09:02:15,APPR.OPS_MGR
2167,PO,500543,SUBMIT,2026-03-30 11:29:42,BUYER.SARA
2168,PO,500543,APPROVE,2026-03-31 09:31:37,APPR.OPS_MGR
2169,REQ,300544,SUBMIT,2025-03-31 12:40:51,A.KHAN
2170,REQ,300544,APPROVE,2025-04-01 09:16:06,APPR.FM_MGR
2171,PO,500544,SUBMIT,2025-04-03 12:22:00,SYS_PRC_AUTOCREATE
2172,PO,500544,APPROVE,2025-04-07 08:57:19,APPR.FM_MGR
2173,PO,500544,APPROVE,2025-04-10 10:41:20,APPR.CFO
2174,REQ,300545,SUBMIT,2024-10-14 10:48:20,S.HASSAN
2175,REQ,300545,APPROVE,2024-10-15 09:15:49,APPR.HQ_MGR
2176,PO,500545,SUBMIT,2024-10-18 09:41:59,BUYER.SARA
2177,PO,500545,APPROVE,2024-10-18 16:35:55,APPR.HQ_MGR
2178,REQ,300546,SUBMIT,2026-07-28 12:14:43,L.NAIR
2179,REQ,300546,APPROVE,2026-07-30 09:43:57,APPR.FM_MGR
2180,PO,500546,SUBMIT,2026-08-04 09:47:06,BUYER.SARA
2181,PO,500546,APPROVE,2026-08-05 08:22:29,APPR.FM_MGR
2182,PO,500547,SUBMIT,2025-10-21 10:42:09,BUYER.JAMES
2183,PO,500547,APPROVE,2025-10-21 14:53:39,APPR.OPS_MGR
2184,REQ,300548,SUBMIT,2025-03-31 13:52:46,F.ALI
2185,REQ,300548,APPROVE,2025-04-01 08:52:03,APPR.HQ_MGR
2186,PO,500548,SUBMIT,2025-04-04 14:54:52,BUYER.PRIYA
2187,PO,500548,APPROVE,2025-04-07 10:54:20,APPR.HQ_MGR
2188,REQ,300549,SUBMIT,2025-03-27 10:17:17,R.MENON
2189,REQ,300549,APPROVE,2025-03-28 08:03:54,APPR.OPS_MGR
2190,PO,500549,SUBMIT,2025-03-31 14:48:45,SYS_PRC_AUTOCREATE
2191,PO,500549,APPROVE,2025-04-01 17:14:53,APPR.OPS_MGR
2192,REQ,300550,SUBMIT,2025-10-06 12:41:08,A.KHAN
2193,REQ,300550,APPROVE,2025-10-08 09:07:32,APPR.HQ_MGR
2194,PO,500550,SUBMIT,2025-10-09 10:58:17,BUYER.JAMES
2195,PO,500550,APPROVE,2025-10-10 09:01:27,APPR.HQ_MGR
2196,PO,500550,APPROVE,2025-10-14 17:52:19,APPR.CFO
2197,REQ,300551,SUBMIT,2025-01-02 17:04:02,J.THOMAS
2198,REQ,300551,APPROVE,2025-01-06 08:18:21,APPR.OPS_MGR
2199,PO,500551,SUBMIT,2025-01-07 10:22:33,BUYER.SARA
2200,PO,500551,APPROVE,2025-01-08 09:54:42,APPR.OPS_MGR
2201,PO,500552,SUBMIT,2025-05-19 16:04:10,BUYER.PRIYA
2202,PO,500552,APPROVE,2025-05-20 10:34:07,APPR.HQ_MGR
2203,REQ,300553,SUBMIT,2026-08-18 10:45:28,A.KHAN
2204,REQ,300553,APPROVE,2026-08-19 09:11:01,APPR.HQ_MGR
2205,PO,500553,SUBMIT,2026-08-21 17:00:09,BUYER.JAMES
2206,PO,500553,APPROVE,2026-08-24 08:58:22,APPR.HQ_MGR
2207,PO,500553,APPROVE,2026-08-26 12:09:51,APPR.CFO
2208,REQ,300554,SUBMIT,2026-07-27 16:12:34,L.NAIR
2209,REQ,300554,APPROVE,2026-07-29 10:21:45,APPR.HQ_MGR
2210,PO,500554,SUBMIT,2026-07-31 12:01:46,BUYER.PRIYA
2211,PO,500554,APPROVE,2026-08-03 09:37:37,APPR.HQ_MGR
2212,REQ,300555,SUBMIT,2025-05-22 12:30:53,R.MENON
2213,REQ,300555,APPROVE,2025-05-26 10:42:54,APPR.HQ_MGR
2214,PO,500555,SUBMIT,2025-05-28 09:01:23,BUYER.OMAR
2215,PO,500555,APPROVE,2025-05-30 09:08:25,APPR.HQ_MGR
2216,REQ,300556,SUBMIT,2025-05-13 11:34:09,F.ALI
2217,REQ,300556,REJECT,2025-05-15 16:12:40,APPR.OPS_DIRECTOR
2218,REQ,300556,SUBMIT,2025-05-19 17:14:34,F.ALI
2219,REQ,300556,APPROVE,2025-05-20 10:54:22,APPR.OPS_DIRECTOR
2220,PO,500556,SUBMIT,2025-05-22 11:40:12,BUYER.SARA
2221,PO,500556,APPROVE,2025-05-23 08:47:07,APPR.OPS_MGR
2222,PO,500557,SUBMIT,2025-05-22 12:52:25,BUYER.OMAR
2223,PO,500557,APPROVE,2025-05-23 08:38:19,APPR.OPS_MGR
2224,REQ,300558,SUBMIT,2026-08-12 11:32:51,N.SAEED
2225,REQ,300558,APPROVE,2026-08-13 08:43:12,APPR.HQ_MGR
2226,PO,500558,SUBMIT,2026-08-17 11:49:43,SYS_PRC_AUTOCREATE
2227,PO,500558,APPROVE,2026-08-19 08:28:00,APPR.HQ_MGR
2228,PO,500559,SUBMIT,2025-07-14 12:06:48,BUYER.SARA
2229,PO,500559,APPROVE,2025-07-16 10:12:22,APPR.OPS_MGR
2230,PO,500560,SUBMIT,2024-10-14 11:44:35,BUYER.OMAR
2231,PO,500560,APPROVE,2024-10-16 09:22:10,APPR.HQ_MGR
2232,REQ,300561,SUBMIT,2026-09-15 13:14:51,N.SAEED
2233,REQ,300561,APPROVE,2026-09-17 10:38:32,APPR.FM_MGR
2234,PO,500561,SUBMIT,2026-09-21 12:37:06,BUYER.OMAR
2235,PO,500561,APPROVE,2026-09-21 14:55:26,APPR.FM_MGR
2236,PO,500561,APPROVE,2026-09-23 09:33:34,APPR.CFO
2237,REQ,300562,SUBMIT,2025-10-21 10:37:56,J.THOMAS
2238,REQ,300562,APPROVE,2025-10-22 08:50:52,APPR.HQ_MGR
2239,PO,500562,SUBMIT,2025-10-23 12:44:37,SYS_PRC_AUTOCREATE
2240,PO,500562,APPROVE,2025-10-27 08:50:45,APPR.HQ_MGR
2241,REQ,300563,SUBMIT,2026-07-13 17:29:55,R.MENON
2242,REQ,300563,APPROVE,2026-07-15 08:37:39,APPR.HQ_MGR
2243,PO,500563,SUBMIT,2026-07-20 10:38:42,BUYER.PRIYA
2244,PO,500563,APPROVE,2026-07-21 15:07:33,APPR.HQ_MGR
2245,REQ,300564,SUBMIT,2025-05-29 16:23:01,A.KHAN
2246,REQ,300564,APPROVE,2025-06-02 08:47:58,APPR.HQ_MGR
2247,PO,500564,SUBMIT,2025-06-04 14:25:55,SYS_PRC_AUTOCREATE
2248,PO,500564,APPROVE,2025-06-05 10:06:44,APPR.HQ_MGR
2249,REQ,300565,SUBMIT,2025-11-04 10:47:22,A.KHAN
2250,REQ,300565,APPROVE,2025-11-05 10:19:09,APPR.OPS_MGR
2251,PO,500565,SUBMIT,2025-11-07 08:20:27,BUYER.JAMES
2252,PO,500565,APPROVE,2025-11-10 10:12:01,APPR.OPS_MGR
2253,REQ,300566,SUBMIT,2026-04-03 10:30:23,F.ALI
2254,REQ,300566,REJECT,2026-04-06 09:00:52,APPR.FM_MGR
2255,REQ,300566,SUBMIT,2026-04-08 10:09:25,F.ALI
2256,REQ,300566,APPROVE,2026-04-09 08:10:53,APPR.FM_MGR
2257,PO,500566,SUBMIT,2026-04-10 08:48:26,BUYER.PRIYA
2258,PO,500566,APPROVE,2026-04-13 10:03:27,APPR.FM_MGR
2259,PO,500566,APPROVE,2026-04-17 08:18:02,APPR.CFO
2260,REQ,300567,SUBMIT,2025-11-13 09:53:43,L.NAIR
2261,REQ,300567,APPROVE,2025-11-17 08:08:56,APPR.FM_MGR
2262,PO,500567,SUBMIT,2025-11-19 10:48:48,BUYER.OMAR
2263,PO,500567,APPROVE,2025-11-21 10:48:56,APPR.FM_MGR
2264,PO,500567,APPROVE,2025-11-24 10:14:29,APPR.CFO
2265,REQ,300568,SUBMIT,2024-12-04 15:05:33,A.KHAN
2266,REQ,300568,APPROVE,2024-12-09 11:15:02,APPR.HQ_MGR
2267,PO,500568,SUBMIT,2024-12-10 13:27:20,SYS_PRC_AUTOCREATE
2268,PO,500568,APPROVE,2024-12-11 08:19:08,APPR.HQ_MGR
2269,REQ,300569,SUBMIT,2025-11-17 16:25:15,J.THOMAS
2270,REQ,300569,APPROVE,2025-11-19 08:31:11,APPR.HQ_MGR
2271,PO,500569,SUBMIT,2025-11-20 16:20:15,BUYER.SARA
2272,PO,500569,APPROVE,2025-11-21 14:29:21,APPR.HQ_MGR
2273,REQ,300570,SUBMIT,2025-03-17 12:14:14,J.THOMAS
2274,REQ,300570,REJECT,2025-03-19 10:59:26,APPR.HQ_MGR
2275,REQ,300570,SUBMIT,2025-03-21 10:33:15,J.THOMAS
2276,REQ,300570,APPROVE,2025-03-24 16:10:13,APPR.HQ_MGR
2277,PO,500570,SUBMIT,2025-03-26 14:07:01,BUYER.JAMES
2278,PO,500570,APPROVE,2025-03-27 16:27:59,APPR.HQ_MGR
2279,REQ,300571,SUBMIT,2025-10-14 13:26:26,J.THOMAS
2280,REQ,300571,APPROVE,2025-10-17 10:43:33,APPR.HQ_MGR
2281,PO,500571,SUBMIT,2025-10-21 10:26:45,SYS_PRC_AUTOCREATE
2282,PO,500571,APPROVE,2025-10-23 12:10:49,APPR.HQ_MGR
2283,PO,500571,APPROVE,2025-10-23 17:44:02,APPR.CFO
2284,PO,500572,SUBMIT,2026-01-30 11:16:31,BUYER.JAMES
2285,PO,500572,APPROVE,2026-02-02 15:02:52,APPR.HQ_MGR
2286,REQ,300573,SUBMIT,2025-11-10 16:50:10,S.HASSAN
2287,REQ,300573,APPROVE,2025-11-11 09:25:48,APPR.FM_MGR
2288,PO,500573,SUBMIT,2025-11-14 12:50:12,BUYER.OMAR
2289,PO,500573,APPROVE,2025-11-17 10:51:54,APPR.FM_MGR
2290,PO,500574,SUBMIT,2025-10-31 09:58:40,BUYER.PRIYA
2291,PO,500574,APPROVE,2025-11-03 09:47:52,APPR.FM_MGR
2292,REQ,300575,SUBMIT,2025-06-16 14:07:24,M.RAHMAN
2293,REQ,300575,APPROVE,2025-06-17 14:22:07,APPR.HQ_MGR
2294,PO,500575,SUBMIT,2025-06-18 12:22:45,BUYER.JAMES
2295,PO,500575,APPROVE,2025-06-19 09:17:24,APPR.HQ_MGR
2296,REQ,300576,SUBMIT,2025-03-03 16:18:17,N.SAEED
2297,REQ,300576,APPROVE,2025-03-04 08:10:52,APPR.FM_MGR
2298,PO,500576,SUBMIT,2025-03-07 12:41:28,BUYER.OMAR
2299,PO,500576,APPROVE,2025-03-10 09:06:14,APPR.FM_MGR
2300,REQ,300577,SUBMIT,2025-01-14 17:33:52,F.ALI
2301,REQ,300577,APPROVE,2025-01-15 08:37:31,APPR.HQ_MGR
2302,PO,500577,SUBMIT,2025-01-17 09:02:03,SYS_PRC_AUTOCREATE
2303,PO,500577,APPROVE,2025-01-20 08:30:27,APPR.HQ_MGR
2304,REQ,300578,SUBMIT,2025-08-06 08:55:01,M.RAHMAN
2305,REQ,300578,REJECT,2025-08-08 08:12:31,APPR.OPS_MGR
2306,REQ,300578,SUBMIT,2025-08-11 10:32:14,M.RAHMAN
2307,REQ,300578,APPROVE,2025-08-13 10:35:37,APPR.OPS_MGR
2308,PO,500578,SUBMIT,2025-08-19 10:44:46,SYS_PRC_AUTOCREATE
2309,PO,500578,APPROVE,2025-08-20 17:27:59,APPR.OPS_MGR
2310,REQ,300579,SUBMIT,2025-04-28 10:56:37,J.THOMAS
2311,REQ,300579,APPROVE,2025-04-29 14:19:23,APPR.FM_MGR
2312,PO,500579,SUBMIT,2025-05-05 10:03:51,BUYER.SARA
2313,PO,500579,APPROVE,2025-05-07 16:22:05,APPR.FM_MGR
2314,PO,500579,APPROVE,2025-05-09 09:16:08,APPR.CFO
2315,PO,500580,SUBMIT,2026-06-15 09:48:15,BUYER.JAMES
2316,PO,500580,APPROVE,2026-06-16 10:51:57,APPR.FM_MGR
2317,REQ,300581,SUBMIT,2025-01-08 10:38:55,L.NAIR
2318,REQ,300581,APPROVE,2025-02-03 13:10:34,APPR.OPS_DIRECTOR
2319,PO,500581,SUBMIT,2025-02-06 10:18:32,SYS_PRC_AUTOCREATE
2320,PO,500581,APPROVE,2025-02-07 08:13:42,APPR.OPS_MGR
2321,PO,500581,CHANGE,2025-02-10 09:09:02,BUYER.JAMES
2322,PO,500581,APPROVE,2025-02-11 09:47:47,APPR.OPS_MGR
2323,PO,500582,SUBMIT,2026-03-27 10:11:40,BUYER.PRIYA
2324,PO,500582,APPROVE,2026-03-27 15:49:35,APPR.OPS_MGR
2325,REQ,300583,SUBMIT,2025-09-18 16:32:21,M.RAHMAN
2326,REQ,300583,APPROVE,2025-09-19 09:29:26,APPR.HQ_MGR
2327,PO,500583,SUBMIT,2025-09-22 16:15:04,BUYER.OMAR
2328,PO,500583,APPROVE,2025-09-23 14:49:25,APPR.HQ_MGR
2329,REQ,300584,SUBMIT,2025-03-31 09:31:13,R.MENON
2330,REQ,300584,REJECT,2025-04-01 09:45:41,APPR.FM_MGR
2331,REQ,300584,SUBMIT,2025-04-02 09:19:57,R.MENON
2332,REQ,300584,APPROVE,2025-04-03 10:28:12,APPR.FM_MGR
2333,PO,500584,SUBMIT,2025-04-04 10:53:23,BUYER.PRIYA
2334,PO,500584,APPROVE,2025-04-07 09:35:28,APPR.FM_MGR
2335,REQ,300585,SUBMIT,2025-06-17 15:16:31,R.MENON
2336,REQ,300585,APPROVE,2025-06-18 13:31:57,APPR.FM_MGR
2337,PO,500585,SUBMIT,2025-06-23 11:33:08,SYS_PRC_AUTOCREATE
2338,PO,500585,APPROVE,2025-06-24 11:21:00,APPR.FM_MGR
2339,REQ,300586,SUBMIT,2025-03-03 08:34:36,S.HASSAN
2340,REQ,300586,APPROVE,2025-03-05 10:56:13,APPR.FM_MGR
2341,PO,500586,SUBMIT,2025-03-07 08:29:37,BUYER.SARA
2342,PO,500586,APPROVE,2025-03-07 10:52:42,APPR.FM_MGR
2343,REQ,300587,SUBMIT,2025-07-14 11:46:29,A.KHAN
2344,REQ,300587,APPROVE,2025-07-15 09:55:23,APPR.OPS_MGR
2345,PO,500587,SUBMIT,2025-07-16 12:42:19,SYS_PRC_AUTOCREATE
2346,PO,500587,APPROVE,2025-07-18 09:52:21,APPR.OPS_MGR
2347,REQ,300588,SUBMIT,2025-08-27 12:45:21,N.SAEED
2348,REQ,300588,APPROVE,2025-08-28 10:04:08,APPR.OPS_MGR
2349,PO,500588,SUBMIT,2025-08-29 16:55:42,BUYER.OMAR
2350,PO,500588,APPROVE,2025-09-01 08:12:43,APPR.OPS_MGR
2351,REQ,300589,SUBMIT,2026-09-02 15:47:07,R.MENON
2352,REQ,300589,APPROVE,2026-09-03 09:56:21,APPR.OPS_MGR
2353,PO,500589,SUBMIT,2026-09-07 15:01:55,BUYER.PRIYA
2354,PO,500589,APPROVE,2026-09-08 08:29:53,APPR.OPS_MGR
2355,REQ,300590,SUBMIT,2026-01-27 13:34:10,S.HASSAN
2356,REQ,300590,APPROVE,2026-01-28 16:37:57,APPR.OPS_MGR
2357,PO,500590,SUBMIT,2026-02-02 10:30:34,SYS_PRC_AUTOCREATE
2358,PO,500590,APPROVE,2026-02-03 09:30:26,APPR.OPS_MGR
2359,REQ,300591,SUBMIT,2025-12-30 09:41:43,J.THOMAS
2360,REQ,300591,APPROVE,2025-12-30 13:17:47,APPR.OPS_MGR
2361,PO,500591,SUBMIT,2026-01-01 15:59:53,BUYER.JAMES
2362,PO,500591,APPROVE,2026-01-05 08:41:23,APPR.OPS_MGR
2363,REQ,300592,SUBMIT,2026-05-05 10:28:34,S.HASSAN
2364,REQ,300592,APPROVE,2026-05-13 15:04:22,APPR.OPS_DIRECTOR
2365,PO,500592,SUBMIT,2026-05-14 16:40:23,SYS_PRC_AUTOCREATE
2366,PO,500592,APPROVE,2026-05-15 11:23:43,APPR.OPS_MGR
2367,PO,500592,CHANGE,2026-05-18 08:57:23,BUYER.PRIYA
2368,PO,500592,APPROVE,2026-05-20 10:39:10,APPR.OPS_MGR
2369,REQ,300593,SUBMIT,2026-09-14 11:09:57,R.MENON
2370,REQ,300593,APPROVE,2026-09-15 12:46:37,APPR.FM_MGR
2371,PO,500593,SUBMIT,2026-09-18 12:14:12,SYS_PRC_AUTOCREATE
2372,PO,500593,APPROVE,2026-09-21 09:21:09,APPR.FM_MGR
2373,REQ,300594,SUBMIT,2026-01-05 14:56:11,J.THOMAS
2374,REQ,300594,APPROVE,2026-01-07 14:57:32,APPR.HQ_MGR
2375,PO,500594,SUBMIT,2026-01-12 13:35:43,SYS_PRC_AUTOCREATE
2376,PO,500594,APPROVE,2026-01-13 08:39:31,APPR.HQ_MGR
2377,PO,500594,CHANGE,2026-01-15 10:15:38,BUYER.OMAR
2378,PO,500594,APPROVE,2026-01-19 16:07:28,APPR.HQ_MGR
2379,REQ,300595,SUBMIT,2025-12-18 14:17:40,S.HASSAN
2380,REQ,300595,APPROVE,2025-12-22 08:01:32,APPR.FM_MGR
2381,PO,500595,SUBMIT,2025-12-23 13:33:11,SYS_PRC_AUTOCREATE
2382,PO,500595,APPROVE,2025-12-24 08:51:21,APPR.FM_MGR
2383,REQ,300596,SUBMIT,2025-10-06 17:13:54,L.NAIR
2384,REQ,300596,APPROVE,2025-10-07 08:55:08,APPR.HQ_MGR
2385,PO,500596,SUBMIT,2025-10-10 10:44:55,SYS_PRC_AUTOCREATE
2386,PO,500596,APPROVE,2025-10-13 10:21:06,APPR.HQ_MGR
2387,REQ,300597,SUBMIT,2026-05-28 13:19:42,A.KHAN
2388,REQ,300597,APPROVE,2026-05-29 09:59:37,APPR.OPS_MGR
2389,PO,500597,SUBMIT,2026-06-01 11:25:03,BUYER.JAMES
2390,PO,500597,APPROVE,2026-06-02 09:40:08,APPR.OPS_MGR
2391,REQ,300598,SUBMIT,2026-05-29 08:21:32,F.ALI
2392,REQ,300598,APPROVE,2026-06-01 08:59:56,APPR.OPS_MGR
2393,PO,500598,SUBMIT,2026-06-03 08:50:00,BUYER.SARA
2394,PO,500598,APPROVE,2026-06-03 17:50:35,APPR.OPS_MGR
2395,REQ,300599,SUBMIT,2024-11-08 14:44:40,A.KHAN
2396,REQ,300599,APPROVE,2024-11-11 08:30:24,APPR.HQ_MGR
2397,PO,500599,SUBMIT,2024-11-13 13:00:46,BUYER.OMAR
2398,PO,500599,APPROVE,2024-11-14 08:49:39,APPR.HQ_MGR
2399,PO,500599,APPROVE,2024-11-18 10:26:16,APPR.CFO
2400,PO,500599,CHANGE,2024-11-25 09:34:25,BUYER.OMAR
2401,PO,500599,APPROVE,2024-11-27 09:41:20,APPR.HQ_MGR
2402,REQ,300600,SUBMIT,2026-06-23 09:27:45,A.KHAN
2403,REQ,300600,APPROVE,2026-06-29 10:52:29,APPR.OPS_DIRECTOR
2404,PO,500600,SUBMIT,2026-07-01 15:33:22,SYS_PRC_AUTOCREATE
2405,PO,500600,APPROVE,2026-07-02 10:50:38,APPR.OPS_MGR
2406,REQ,300601,SUBMIT,2025-08-12 10:48:43,S.HASSAN
2407,REQ,300601,APPROVE,2025-08-12 12:36:34,APPR.FM_MGR
2408,PO,500601,SUBMIT,2025-08-14 10:04:42,BUYER.PRIYA
2409,PO,500601,APPROVE,2025-08-15 08:15:26,APPR.FM_MGR
2410,REQ,300602,SUBMIT,2026-06-29 15:39:18,F.ALI
2411,REQ,300602,APPROVE,2026-06-29 16:20:38,APPR.OPS_MGR
2412,PO,500602,SUBMIT,2026-07-01 13:03:04,SYS_PRC_AUTOCREATE
2413,PO,500602,APPROVE,2026-07-02 08:10:28,APPR.OPS_MGR
2414,REQ,300603,SUBMIT,2025-05-15 16:52:32,A.KHAN
2415,REQ,300603,APPROVE,2025-05-16 12:21:44,APPR.FM_MGR
2416,PO,500603,SUBMIT,2025-05-19 11:38:48,BUYER.PRIYA
2417,PO,500603,APPROVE,2025-05-20 10:51:47,APPR.FM_MGR
2418,PO,500604,SUBMIT,2025-10-30 10:51:15,BUYER.OMAR
2419,PO,500604,APPROVE,2025-10-31 08:11:35,APPR.OPS_MGR
2420,REQ,300605,SUBMIT,2026-08-18 13:12:21,N.SAEED
2421,REQ,300605,APPROVE,2026-08-19 08:11:17,APPR.HQ_MGR
2422,PO,500605,SUBMIT,2026-08-21 12:06:24,BUYER.SARA
2423,PO,500605,APPROVE,2026-08-24 08:36:46,APPR.HQ_MGR
2424,REQ,300606,SUBMIT,2026-06-05 12:17:33,S.HASSAN
2425,REQ,300606,APPROVE,2026-06-08 09:46:50,APPR.FM_MGR
2426,PO,500606,SUBMIT,2026-06-09 13:47:21,SYS_PRC_AUTOCREATE
2427,PO,500606,APPROVE,2026-06-12 08:25:22,APPR.FM_MGR
2428,REQ,300607,SUBMIT,2025-07-01 08:03:02,R.MENON
2429,REQ,300607,APPROVE,2025-07-10 17:55:59,APPR.OPS_DIRECTOR
2430,PO,500607,SUBMIT,2025-07-15 10:04:58,BUYER.PRIYA
2431,PO,500607,APPROVE,2025-07-16 09:26:00,APPR.OPS_MGR
2432,REQ,300608,SUBMIT,2024-10-10 12:22:59,L.NAIR
2433,REQ,300608,APPROVE,2024-10-11 10:42:15,APPR.FM_MGR
2434,PO,500608,SUBMIT,2024-10-14 10:05:45,SYS_PRC_AUTOCREATE
2435,PO,500608,APPROVE,2024-10-17 16:34:17,APPR.FM_MGR
2436,REQ,300609,SUBMIT,2025-11-03 16:14:44,L.NAIR
2437,REQ,300609,APPROVE,2025-11-04 17:48:49,APPR.FM_MGR
2438,PO,500609,SUBMIT,2025-11-10 08:17:48,BUYER.SARA
2439,PO,500609,APPROVE,2025-11-12 10:24:59,APPR.FM_MGR
2440,REQ,300610,SUBMIT,2026-05-28 10:11:44,R.MENON
2441,REQ,300610,APPROVE,2026-05-29 09:06:22,APPR.HQ_MGR
2442,PO,500610,SUBMIT,2026-06-01 15:03:43,SYS_PRC_AUTOCREATE
2443,PO,500610,APPROVE,2026-06-02 08:31:08,APPR.HQ_MGR
2444,REQ,300611,SUBMIT,2024-11-27 10:54:25,N.SAEED
2445,REQ,300611,APPROVE,2024-11-28 09:37:59,APPR.HQ_MGR
2446,PO,500611,SUBMIT,2024-11-29 10:43:33,BUYER.OMAR
2447,PO,500611,APPROVE,2024-12-02 14:06:22,APPR.HQ_MGR
2448,REQ,300612,SUBMIT,2025-03-17 12:05:53,R.MENON
2449,REQ,300612,APPROVE,2025-03-19 16:15:17,APPR.FM_MGR
2450,PO,500612,SUBMIT,2025-03-24 16:43:37,BUYER.SARA
2451,PO,500612,APPROVE,2025-03-25 16:26:55,APPR.FM_MGR
2452,REQ,300613,SUBMIT,2024-12-12 10:51:39,F.ALI
2453,REQ,300613,APPROVE,2024-12-13 10:41:58,APPR.OPS_MGR
2454,PO,500613,SUBMIT,2024-12-16 11:48:00,SYS_PRC_AUTOCREATE
2455,PO,500613,APPROVE,2024-12-18 08:52:19,APPR.OPS_MGR
2456,REQ,300614,SUBMIT,2024-12-06 12:26:51,L.NAIR
2457,REQ,300614,APPROVE,2024-12-09 08:53:59,APPR.HQ_MGR
2458,PO,500614,SUBMIT,2024-12-12 12:28:25,BUYER.JAMES
2459,PO,500614,APPROVE,2024-12-13 08:48:54,APPR.HQ_MGR
2460,REQ,300615,SUBMIT,2025-06-13 17:03:45,M.RAHMAN
2461,REQ,300615,APPROVE,2025-06-16 09:20:27,APPR.FM_MGR
2462,PO,500615,SUBMIT,2025-06-17 14:01:05,BUYER.PRIYA
2463,PO,500615,APPROVE,2025-06-18 09:23:38,APPR.FM_MGR
2464,REQ,300616,SUBMIT,2026-06-23 10:21:18,F.ALI
2465,REQ,300616,APPROVE,2026-06-24 10:11:51,APPR.FM_MGR
2466,PO,500616,SUBMIT,2026-06-29 13:32:03,SYS_PRC_AUTOCREATE
2467,PO,500616,APPROVE,2026-06-30 08:48:03,APPR.FM_MGR
2468,PO,500616,CHANGE,2026-07-13 10:45:44,BUYER.SARA
2469,PO,500616,APPROVE,2026-07-14 15:01:40,APPR.FM_MGR
2470,PO,500617,SUBMIT,2026-08-12 15:32:18,BUYER.JAMES
2471,PO,500617,APPROVE,2026-08-13 08:22:59,APPR.HQ_MGR
2472,REQ,300618,SUBMIT,2025-01-07 09:03:52,R.MENON
2473,REQ,300618,APPROVE,2025-01-08 09:53:48,APPR.HQ_MGR
2474,PO,500618,SUBMIT,2025-01-08 14:51:41,BUYER.SARA
2475,PO,500618,APPROVE,2025-01-13 10:55:21,APPR.HQ_MGR
2476,REQ,300619,SUBMIT,2024-12-17 10:27:51,N.SAEED
2477,REQ,300619,APPROVE,2024-12-18 11:21:59,APPR.FM_MGR
2478,PO,500619,SUBMIT,2024-12-23 08:33:01,BUYER.PRIYA
2479,PO,500619,APPROVE,2024-12-24 15:56:27,APPR.FM_MGR
2480,PO,500619,APPROVE,2024-12-26 10:27:45,APPR.CFO
2481,REQ,300620,SUBMIT,2026-05-05 08:10:27,A.KHAN
2482,REQ,300620,APPROVE,2026-05-11 09:30:52,APPR.OPS_DIRECTOR
2483,PO,500620,SUBMIT,2026-05-12 15:04:47,SYS_PRC_AUTOCREATE
2484,PO,500620,APPROVE,2026-05-14 10:45:42,APPR.OPS_MGR
2485,REQ,300621,SUBMIT,2026-05-27 16:29:56,L.NAIR
2486,REQ,300621,APPROVE,2026-05-28 08:56:38,APPR.HQ_MGR
2487,PO,500621,SUBMIT,2026-06-01 13:59:19,BUYER.PRIYA
2488,PO,500621,APPROVE,2026-06-03 10:20:49,APPR.HQ_MGR
2489,REQ,300622,SUBMIT,2026-04-27 13:33:33,M.RAHMAN
2490,REQ,300622,APPROVE,2026-04-28 14:33:59,APPR.OPS_MGR
2491,PO,500622,SUBMIT,2026-05-01 10:36:41,SYS_PRC_AUTOCREATE
2492,PO,500622,APPROVE,2026-05-04 09:26:05,APPR.OPS_MGR
2493,PO,500622,CHANGE,2026-05-12 09:12:41,BUYER.OMAR
2494,PO,500622,APPROVE,2026-05-14 11:55:54,APPR.OPS_MGR
2495,REQ,300623,SUBMIT,2026-04-22 13:22:24,R.MENON
2496,REQ,300623,APPROVE,2026-04-23 10:09:14,APPR.OPS_MGR
2497,PO,500623,SUBMIT,2026-04-27 14:18:26,BUYER.SARA
2498,PO,500623,APPROVE,2026-04-28 12:00:23,APPR.OPS_MGR
2499,REQ,300624,SUBMIT,2025-09-12 11:47:18,M.RAHMAN
2500,REQ,300624,APPROVE,2025-09-15 09:52:42,APPR.FM_MGR
2501,PO,500624,SUBMIT,2025-09-16 14:01:53,SYS_PRC_AUTOCREATE
2502,PO,500624,APPROVE,2025-09-17 09:00:00,APPR.FM_MGR
2503,PO,500625,SUBMIT,2026-07-09 12:28:47,BUYER.OMAR
2504,PO,500625,APPROVE,2026-07-13 10:36:02,APPR.OPS_MGR
2505,PO,500625,APPROVE,2026-07-14 09:59:10,APPR.CFO
2506,REQ,300626,SUBMIT,2026-01-15 17:30:03,R.MENON
2507,REQ,300626,APPROVE,2026-01-16 08:16:39,APPR.HQ_MGR
2508,PO,500626,SUBMIT,2026-01-19 15:23:36,BUYER.JAMES
2509,PO,500626,APPROVE,2026-01-20 10:33:54,APPR.HQ_MGR
2510,REQ,300627,SUBMIT,2025-03-27 14:24:10,M.RAHMAN
2511,REQ,300627,APPROVE,2025-03-27 17:03:22,APPR.FM_MGR
2512,PO,500627,SUBMIT,2025-04-01 08:52:17,BUYER.PRIYA
2513,PO,500627,APPROVE,2025-04-03 13:09:46,APPR.FM_MGR
2514,REQ,300628,SUBMIT,2025-12-12 12:51:12,A.KHAN
2515,REQ,300628,APPROVE,2025-12-15 13:42:06,APPR.HQ_MGR
2516,PO,500628,SUBMIT,2025-12-16 11:40:32,BUYER.JAMES
2517,PO,500628,APPROVE,2025-12-19 10:19:43,APPR.HQ_MGR
2518,PO,500628,APPROVE,2025-12-22 17:40:33,APPR.CFO
2519,REQ,300629,SUBMIT,2025-04-23 12:24:23,A.KHAN
2520,REQ,300629,APPROVE,2025-04-24 09:01:55,APPR.HQ_MGR
2521,PO,500629,SUBMIT,2025-04-28 13:03:26,SYS_PRC_AUTOCREATE
2522,PO,500629,APPROVE,2025-04-29 08:50:38,APPR.HQ_MGR
2523,REQ,300630,SUBMIT,2025-01-13 14:21:16,M.RAHMAN
2524,REQ,300630,APPROVE,2025-01-14 09:05:01,APPR.HQ_MGR
2525,PO,500630,SUBMIT,2025-01-15 10:32:30,BUYER.SARA
2526,PO,500630,APPROVE,2025-01-16 10:36:19,APPR.HQ_MGR
2527,REQ,300631,SUBMIT,2026-06-10 14:32:39,L.NAIR
2528,REQ,300631,APPROVE,2026-06-15 11:49:32,APPR.HQ_MGR
2529,PO,500631,SUBMIT,2026-06-16 16:54:31,SYS_PRC_AUTOCREATE
2530,PO,500631,APPROVE,2026-06-17 09:42:52,APPR.HQ_MGR
2531,REQ,300632,SUBMIT,2026-04-22 10:19:40,J.THOMAS
2532,REQ,300632,APPROVE,2026-04-24 08:38:49,APPR.FM_MGR
2533,PO,500632,SUBMIT,2026-04-27 13:18:40,SYS_PRC_AUTOCREATE
2534,PO,500632,APPROVE,2026-04-28 10:16:53,APPR.FM_MGR
2535,REQ,300633,SUBMIT,2024-11-07 12:57:43,J.THOMAS
2536,REQ,300633,APPROVE,2024-11-08 08:43:16,APPR.HQ_MGR
2537,PO,500633,SUBMIT,2024-11-12 10:09:48,BUYER.OMAR
2538,PO,500633,APPROVE,2024-11-13 08:38:23,APPR.HQ_MGR
2539,PO,500633,CHANGE,2024-11-20 14:29:02,BUYER.OMAR
2540,PO,500633,APPROVE,2024-11-25 08:33:58,APPR.HQ_MGR
2541,REQ,300634,SUBMIT,2026-06-26 13:06:45,L.NAIR
2542,REQ,300634,APPROVE,2026-06-26 15:56:22,APPR.FM_MGR
2543,PO,500634,SUBMIT,2026-06-29 13:53:22,BUYER.JAMES
2544,PO,500634,APPROVE,2026-06-30 10:21:23,APPR.FM_MGR
2545,PO,500635,SUBMIT,2026-02-04 12:22:34,BUYER.OMAR
2546,PO,500635,APPROVE,2026-02-05 10:48:57,APPR.HQ_MGR
2547,PO,500635,APPROVE,2026-02-09 12:37:30,APPR.CFO
2548,REQ,300636,SUBMIT,2024-12-18 14:27:00,L.NAIR
2549,REQ,300636,APPROVE,2024-12-19 11:21:00,APPR.HQ_MGR
2550,PO,500636,SUBMIT,2024-12-23 13:06:38,BUYER.JAMES
2551,PO,500636,APPROVE,2024-12-25 10:57:13,APPR.HQ_MGR
2552,REQ,300637,SUBMIT,2025-01-10 16:07:52,S.HASSAN
2553,REQ,300637,APPROVE,2025-01-27 09:58:27,APPR.OPS_DIRECTOR
2554,PO,500637,SUBMIT,2025-01-29 12:14:14,BUYER.OMAR
2555,PO,500637,APPROVE,2025-01-31 08:08:58,APPR.OPS_MGR
2556,REQ,300638,SUBMIT,2026-07-15 10:20:55,R.MENON
2557,REQ,300638,APPROVE,2026-07-16 10:27:16,APPR.OPS_MGR
2558,PO,500638,SUBMIT,2026-07-20 11:49:56,BUYER.SARA
2559,PO,500638,APPROVE,2026-07-21 12:09:42,APPR.OPS_MGR
2560,REQ,300639,SUBMIT,2026-07-24 10:24:09,A.KHAN
2561,REQ,300639,APPROVE,2026-07-27 09:35:59,APPR.HQ_MGR
2562,PO,500639,SUBMIT,2026-07-28 17:10:07,BUYER.OMAR
2563,PO,500639,APPROVE,2026-07-30 10:28:02,APPR.HQ_MGR
2564,REQ,300640,SUBMIT,2025-12-09 11:34:15,N.SAEED
2565,REQ,300640,APPROVE,2025-12-10 10:25:54,APPR.OPS_MGR
2566,PO,500640,SUBMIT,2025-12-12 10:44:41,SYS_PRC_AUTOCREATE
2567,PO,500640,APPROVE,2025-12-15 08:15:55,APPR.OPS_MGR
2568,REQ,300641,SUBMIT,2025-03-03 15:57:57,R.MENON
2569,REQ,300641,APPROVE,2025-03-04 10:51:31,APPR.OPS_MGR
2570,PO,500641,SUBMIT,2025-03-07 14:07:37,SYS_PRC_AUTOCREATE
2571,PO,500641,APPROVE,2025-03-10 09:57:36,APPR.OPS_MGR
2572,PO,500641,CHANGE,2025-03-12 10:07:48,BUYER.OMAR
2573,PO,500641,APPROVE,2025-03-17 11:37:45,APPR.OPS_MGR
2574,PO,500642,SUBMIT,2024-11-08 08:53:05,BUYER.OMAR
2575,PO,500642,APPROVE,2024-11-08 10:28:39,APPR.HQ_MGR
2576,PO,500642,APPROVE,2024-11-13 08:07:04,APPR.CFO
2577,REQ,300643,SUBMIT,2025-02-13 10:50:09,A.KHAN
2578,REQ,300643,APPROVE,2025-02-14 10:48:57,APPR.FM_MGR
2579,PO,500643,SUBMIT,2025-02-17 10:52:11,SYS_PRC_AUTOCREATE
2580,PO,500643,APPROVE,2025-02-19 08:33:03,APPR.FM_MGR
2581,REQ,300644,SUBMIT,2025-09-16 08:28:31,F.ALI
2582,REQ,300644,APPROVE,2025-09-17 09:20:41,APPR.HQ_MGR
2583,PO,500644,SUBMIT,2025-09-19 10:47:35,SYS_PRC_AUTOCREATE
2584,PO,500644,APPROVE,2025-09-22 08:04:47,APPR.HQ_MGR
2585,PO,500644,APPROVE,2025-09-24 09:54:02,APPR.CFO
2586,PO,500644,CHANGE,2025-10-10 15:03:20,BUYER.JAMES
2587,PO,500644,APPROVE,2025-10-13 08:32:32,APPR.HQ_MGR
2588,REQ,300645,SUBMIT,2025-02-10 09:38:36,S.HASSAN
2589,REQ,300645,APPROVE,2025-02-11 09:16:02,APPR.OPS_MGR
2590,PO,500645,SUBMIT,2025-02-12 15:04:28,SYS_PRC_AUTOCREATE
2591,PO,500645,APPROVE,2025-02-17 08:16:18,APPR.OPS_MGR
2592,REQ,300646,SUBMIT,2025-09-08 11:49:36,M.RAHMAN
2593,REQ,300646,APPROVE,2025-09-09 09:40:54,APPR.HQ_MGR
2594,PO,500646,SUBMIT,2025-09-10 12:35:45,BUYER.SARA
2595,PO,500646,APPROVE,2025-09-12 09:20:39,APPR.HQ_MGR
2596,PO,500646,APPROVE,2025-09-15 08:31:51,APPR.CFO
2597,REQ,300647,SUBMIT,2025-07-10 15:00:12,S.HASSAN
2598,REQ,300647,APPROVE,2025-07-11 09:22:08,APPR.HQ_MGR
2599,PO,500647,SUBMIT,2025-07-14 11:49:05,BUYER.PRIYA
2600,PO,500647,APPROVE,2025-07-15 09:09:08,APPR.HQ_MGR
2601,REQ,300648,SUBMIT,2026-01-26 17:25:00,L.NAIR
2602,REQ,300648,APPROVE,2026-01-28 09:12:49,APPR.HQ_MGR
2603,PO,500648,SUBMIT,2026-01-30 15:19:06,SYS_PRC_AUTOCREATE
2604,PO,500648,APPROVE,2026-02-02 11:45:34,APPR.HQ_MGR
2605,REQ,300649,SUBMIT,2026-07-16 14:29:22,A.KHAN
2606,REQ,300649,APPROVE,2026-07-17 10:43:25,APPR.HQ_MGR
2607,PO,500649,SUBMIT,2026-07-20 16:36:35,BUYER.SARA
2608,PO,500649,APPROVE,2026-07-21 09:32:39,APPR.HQ_MGR
2609,REQ,300650,SUBMIT,2025-12-19 11:12:44,A.KHAN
2610,REQ,300650,APPROVE,2025-12-22 13:33:15,APPR.HQ_MGR
2611,PO,500650,SUBMIT,2025-12-23 16:56:16,SYS_PRC_AUTOCREATE
2612,PO,500650,APPROVE,2025-12-24 12:53:47,APPR.HQ_MGR
2613,PO,500650,APPROVE,2025-12-25 13:33:38,APPR.CFO
2614,PO,500651,SUBMIT,2026-04-10 17:17:33,BUYER.OMAR
2615,PO,500651,APPROVE,2026-04-13 09:53:49,APPR.HQ_MGR
2616,REQ,300652,SUBMIT,2024-10-22 08:45:15,J.THOMAS
2617,REQ,300652,APPROVE,2024-10-23 08:41:19,APPR.HQ_MGR
2618,PO,500652,SUBMIT,2024-10-24 12:16:01,BUYER.PRIYA
2619,PO,500652,APPROVE,2024-10-25 08:47:15,APPR.HQ_MGR
2620,REQ,300653,SUBMIT,2026-08-06 09:50:08,F.ALI
2621,REQ,300653,APPROVE,2026-08-07 09:00:52,APPR.FM_MGR
2622,PO,500653,SUBMIT,2026-08-10 13:41:19,BUYER.PRIYA
2623,PO,500653,APPROVE,2026-08-11 13:29:58,APPR.FM_MGR
2624,REQ,300654,SUBMIT,2025-01-02 13:09:07,A.KHAN
2625,REQ,300654,REJECT,2025-01-03 10:38:31,APPR.HQ_MGR
2626,REQ,300654,SUBMIT,2025-01-03 15:25:46,A.KHAN
2627,REQ,300654,APPROVE,2025-01-06 10:28:35,APPR.HQ_MGR
2628,PO,500654,SUBMIT,2025-01-09 08:42:24,BUYER.OMAR
2629,PO,500654,APPROVE,2025-01-10 09:36:26,APPR.HQ_MGR
2630,REQ,300655,SUBMIT,2024-10-29 14:17:30,R.MENON
2631,REQ,300655,APPROVE,2024-11-04 08:28:45,APPR.OPS_DIRECTOR
2632,PO,500655,SUBMIT,2024-11-05 16:55:21,SYS_PRC_AUTOCREATE
2633,PO,500655,APPROVE,2024-11-06 09:50:58,APPR.OPS_MGR
2634,REQ,300656,SUBMIT,2026-03-02 16:54:26,M.RAHMAN
2635,REQ,300656,APPROVE,2026-03-03 08:53:34,APPR.HQ_MGR
2636,PO,500656,SUBMIT,2026-03-04 16:37:40,BUYER.SARA
2637,PO,500656,APPROVE,2026-03-05 09:44:59,APPR.HQ_MGR
2638,REQ,300657,SUBMIT,2026-09-11 09:15:56,A.KHAN
2639,REQ,300657,APPROVE,2026-09-14 09:34:54,APPR.HQ_MGR
2640,PO,500657,SUBMIT,2026-09-16 12:32:39,BUYER.PRIYA
2641,PO,500657,APPROVE,2026-09-18 10:24:01,APPR.HQ_MGR
2642,REQ,300658,SUBMIT,2026-08-17 11:51:26,S.HASSAN
2643,REQ,300658,APPROVE,2026-08-18 10:30:00,APPR.HQ_MGR
2644,PO,500658,SUBMIT,2026-08-21 09:10:38,SYS_PRC_AUTOCREATE
2645,PO,500658,APPROVE,2026-08-21 14:36:57,APPR.HQ_MGR
2646,REQ,300659,SUBMIT,2025-12-19 13:33:11,L.NAIR
2647,REQ,300659,APPROVE,2025-12-22 10:28:05,APPR.HQ_MGR
2648,PO,500659,SUBMIT,2025-12-24 10:48:38,BUYER.OMAR
2649,PO,500659,APPROVE,2025-12-24 16:53:14,APPR.HQ_MGR
2650,REQ,300660,SUBMIT,2025-03-14 13:33:33,J.THOMAS
2651,REQ,300660,APPROVE,2025-03-17 08:23:26,APPR.OPS_MGR
2652,PO,500660,SUBMIT,2025-03-20 08:36:03,SYS_PRC_AUTOCREATE
2653,PO,500660,APPROVE,2025-03-20 13:16:57,APPR.OPS_MGR
2654,REQ,300661,SUBMIT,2025-06-30 14:21:47,S.HASSAN
2655,REQ,300661,APPROVE,2025-07-01 08:21:14,APPR.HQ_MGR
2656,PO,500661,SUBMIT,2025-07-02 15:44:27,BUYER.PRIYA
2657,PO,500661,APPROVE,2025-07-03 12:58:45,APPR.HQ_MGR
2658,REQ,300662,SUBMIT,2026-01-16 09:20:04,R.MENON
2659,REQ,300662,APPROVE,2026-01-26 10:20:12,APPR.OPS_DIRECTOR
2660,PO,500662,SUBMIT,2026-01-29 09:17:31,SYS_PRC_AUTOCREATE
2661,PO,500662,APPROVE,2026-01-30 12:53:42,APPR.OPS_MGR
2662,REQ,300663,SUBMIT,2025-02-24 10:46:59,J.THOMAS
2663,REQ,300663,APPROVE,2025-02-25 10:57:49,APPR.HQ_MGR
2664,PO,500663,SUBMIT,2025-02-27 16:59:54,SYS_PRC_AUTOCREATE
2665,PO,500663,APPROVE,2025-03-03 08:03:41,APPR.HQ_MGR
2666,REQ,300664,SUBMIT,2025-08-28 17:27:05,R.MENON
2667,REQ,300664,APPROVE,2025-09-01 17:19:52,APPR.OPS_DIRECTOR
2668,PO,500664,SUBMIT,2025-09-04 10:07:44,BUYER.SARA
2669,PO,500664,APPROVE,2025-09-05 09:23:02,APPR.OPS_MGR
2670,REQ,300665,SUBMIT,2026-02-26 11:29:41,R.MENON
2671,REQ,300665,APPROVE,2026-02-27 10:16:57,APPR.OPS_MGR
2672,PO,500665,SUBMIT,2026-03-02 12:27:13,SYS_PRC_AUTOCREATE
2673,PO,500665,APPROVE,2026-03-03 09:10:38,APPR.OPS_MGR
2674,REQ,300666,SUBMIT,2025-12-22 11:24:23,N.SAEED
2675,REQ,300666,APPROVE,2025-12-23 10:33:34,APPR.FM_MGR
2676,PO,500666,SUBMIT,2025-12-25 11:01:10,SYS_PRC_AUTOCREATE
2677,PO,500666,APPROVE,2025-12-29 10:01:18,APPR.FM_MGR
2678,REQ,300667,SUBMIT,2025-07-24 09:20:04,L.NAIR
2679,REQ,300667,APPROVE,2025-07-25 10:45:22,APPR.HQ_MGR
2680,PO,500667,SUBMIT,2025-07-31 08:22:28,SYS_PRC_AUTOCREATE
2681,PO,500667,APPROVE,2025-08-04 09:33:58,APPR.HQ_MGR
2682,REQ,300668,SUBMIT,2024-11-25 12:53:34,L.NAIR
2683,REQ,300668,APPROVE,2024-11-28 10:53:20,APPR.FM_MGR
2684,PO,500668,SUBMIT,2024-12-02 17:17:24,BUYER.OMAR
2685,PO,500668,APPROVE,2024-12-03 13:26:24,APPR.FM_MGR
2686,REQ,300669,SUBMIT,2025-07-08 10:47:00,N.SAEED
2687,REQ,300669,APPROVE,2025-07-09 09:39:24,APPR.FM_MGR
2688,PO,500669,SUBMIT,2025-07-11 10:02:09,SYS_PRC_AUTOCREATE
2689,PO,500669,APPROVE,2025-07-14 09:13:48,APPR.FM_MGR
2690,PO,500669,CHANGE,2025-07-24 10:11:33,BUYER.PRIYA
2691,PO,500669,APPROVE,2025-07-28 10:24:04,APPR.FM_MGR
2692,REQ,300670,SUBMIT,2026-08-04 10:15:41,N.SAEED
2693,REQ,300670,APPROVE,2026-08-05 09:37:37,APPR.HQ_MGR
2694,PO,500670,SUBMIT,2026-08-06 14:38:39,BUYER.JAMES
2695,PO,500670,APPROVE,2026-08-07 09:01:17,APPR.HQ_MGR
2696,REQ,300671,SUBMIT,2024-11-18 15:43:13,A.KHAN
2697,REQ,300671,APPROVE,2024-11-20 09:30:31,APPR.HQ_MGR
2698,PO,500671,SUBMIT,2024-11-22 12:08:48,BUYER.OMAR
2699,PO,500671,APPROVE,2024-11-25 10:22:23,APPR.HQ_MGR
2700,REQ,300672,SUBMIT,2026-09-08 08:45:50,N.SAEED
2701,REQ,300672,APPROVE,2026-09-14 10:23:37,APPR.FM_MGR
2702,PO,500672,SUBMIT,2026-09-17 12:25:52,SYS_PRC_AUTOCREATE
2703,PO,500672,APPROVE,2026-09-18 10:48:47,APPR.FM_MGR
2704,REQ,300673,SUBMIT,2025-07-11 11:47:30,J.THOMAS
2705,REQ,300673,APPROVE,2025-07-14 11:58:28,APPR.FM_MGR
2706,PO,500673,SUBMIT,2025-07-16 17:34:15,BUYER.SARA
2707,PO,500673,APPROVE,2025-07-17 09:20:57,APPR.FM_MGR
2708,REQ,300674,SUBMIT,2025-01-24 11:11:01,N.SAEED
2709,REQ,300674,APPROVE,2025-01-27 12:34:56,APPR.FM_MGR
2710,PO,500674,SUBMIT,2025-01-30 09:38:36,BUYER.PRIYA
2711,PO,500674,APPROVE,2025-02-03 12:45:54,APPR.FM_MGR
2712,PO,500674,CHANGE,2025-02-04 10:03:06,BUYER.PRIYA
2713,PO,500674,APPROVE,2025-02-06 09:16:09,APPR.FM_MGR
2714,PO,500675,SUBMIT,2026-08-31 13:20:32,BUYER.JAMES
2715,PO,500675,APPROVE,2026-09-02 08:15:58,APPR.FM_MGR
2716,REQ,300676,SUBMIT,2025-02-19 09:15:58,J.THOMAS
2717,REQ,300676,APPROVE,2025-02-20 09:48:55,APPR.OPS_MGR
2718,PO,500676,SUBMIT,2025-02-21 14:02:20,SYS_PRC_AUTOCREATE
2719,PO,500676,APPROVE,2025-02-24 08:21:36,APPR.OPS_MGR
2720,REQ,300677,SUBMIT,2025-10-15 12:14:27,R.MENON
2721,REQ,300677,APPROVE,2025-10-16 10:47:45,APPR.HQ_MGR
2722,PO,500677,SUBMIT,2025-10-17 11:18:48,SYS_PRC_AUTOCREATE
2723,PO,500677,APPROVE,2025-10-20 10:34:46,APPR.HQ_MGR
2724,REQ,300678,SUBMIT,2025-09-26 11:51:33,A.KHAN
2725,REQ,300678,APPROVE,2025-09-29 10:27:44,APPR.HQ_MGR
2726,PO,500678,SUBMIT,2025-09-30 08:44:47,SYS_PRC_AUTOCREATE
2727,PO,500678,APPROVE,2025-10-01 10:36:25,APPR.HQ_MGR
2728,PO,500678,APPROVE,2025-10-02 13:08:34,APPR.CFO
2729,REQ,300679,SUBMIT,2026-04-30 14:11:48,A.KHAN
2730,REQ,300679,APPROVE,2026-05-01 15:43:09,APPR.FM_MGR
2731,PO,500679,SUBMIT,2026-05-04 17:12:15,BUYER.SARA
2732,PO,500679,APPROVE,2026-05-05 17:47:21,APPR.FM_MGR
2733,PO,500679,APPROVE,2026-05-14 14:20:55,APPR.CFO
2734,REQ,300680,SUBMIT,2025-08-04 11:36:16,L.NAIR
2735,REQ,300680,APPROVE,2025-08-05 13:42:13,APPR.FM_MGR
2736,PO,500680,SUBMIT,2025-08-07 08:13:45,BUYER.JAMES
2737,PO,500680,APPROVE,2025-08-07 10:47:16,APPR.FM_MGR
2738,PO,500680,APPROVE,2025-08-11 14:37:53,APPR.CFO
2739,PO,500681,SUBMIT,2025-08-08 10:22:01,BUYER.JAMES
2740,PO,500681,APPROVE,2025-08-08 16:02:18,APPR.HQ_MGR
2741,REQ,300682,SUBMIT,2025-02-05 12:58:07,J.THOMAS
2742,REQ,300682,APPROVE,2025-02-10 08:43:02,APPR.HQ_MGR
2743,PO,500682,SUBMIT,2025-02-11 15:11:15,SYS_PRC_AUTOCREATE
2744,PO,500682,APPROVE,2025-02-13 09:27:04,APPR.HQ_MGR
2745,REQ,300683,SUBMIT,2025-09-29 12:37:56,S.HASSAN
2746,REQ,300683,APPROVE,2025-09-30 09:38:14,APPR.FM_MGR
2747,PO,500683,SUBMIT,2025-10-01 10:46:00,SYS_PRC_AUTOCREATE
2748,PO,500683,APPROVE,2025-10-03 08:00:00,APPR.FM_MGR
2749,REQ,300684,SUBMIT,2025-11-28 12:47:17,S.HASSAN
2750,REQ,300684,APPROVE,2025-12-01 10:15:56,APPR.OPS_DIRECTOR
2751,PO,500684,SUBMIT,2025-12-03 12:34:21,SYS_PRC_AUTOCREATE
2752,PO,500684,APPROVE,2025-12-08 09:37:23,APPR.OPS_MGR
2753,PO,500684,CHANGE,2025-12-11 14:14:33,BUYER.PRIYA
2754,PO,500684,APPROVE,2025-12-12 08:30:40,APPR.OPS_MGR
2755,REQ,300685,SUBMIT,2025-08-13 11:39:50,A.KHAN
2756,REQ,300685,APPROVE,2025-08-20 08:31:49,APPR.OPS_DIRECTOR
2757,PO,500685,SUBMIT,2025-08-25 10:37:06,SYS_PRC_AUTOCREATE
2758,PO,500685,APPROVE,2025-08-26 09:07:05,APPR.OPS_MGR
2759,PO,500686,SUBMIT,2025-02-28 14:05:24,BUYER.JAMES
2760,PO,500686,APPROVE,2025-03-03 10:53:46,APPR.HQ_MGR
2761,REQ,300687,SUBMIT,2025-12-11 12:06:59,A.KHAN
2762,REQ,300687,APPROVE,2025-12-15 08:33:59,APPR.OPS_MGR
2763,PO,500687,SUBMIT,2025-12-15 17:09:30,BUYER.OMAR
2764,PO,500687,APPROVE,2025-12-16 13:31:16,APPR.OPS_MGR
2765,REQ,300688,SUBMIT,2025-08-21 16:25:56,M.RAHMAN
2766,REQ,300688,REJECT,2025-08-22 08:07:28,APPR.FM_MGR
2767,REQ,300688,SUBMIT,2025-08-25 10:58:09,M.RAHMAN
2768,REQ,300688,APPROVE,2025-08-27 08:09:23,APPR.FM_MGR
2769,PO,500688,SUBMIT,2025-08-28 17:00:31,BUYER.SARA
2770,PO,500688,APPROVE,2025-09-01 09:48:57,APPR.FM_MGR
2771,PO,500689,SUBMIT,2026-03-23 17:17:08,BUYER.JAMES
2772,PO,500689,APPROVE,2026-03-24 12:45:03,APPR.OPS_MGR
2773,REQ,300690,SUBMIT,2025-01-16 09:17:40,R.MENON
2774,REQ,300690,APPROVE,2025-01-21 16:09:28,APPR.OPS_DIRECTOR
2775,PO,500690,SUBMIT,2025-01-28 11:47:17,BUYER.PRIYA
2776,PO,500690,APPROVE,2025-01-29 08:58:24,APPR.OPS_MGR
2777,PO,500690,CHANGE,2025-02-06 13:09:05,BUYER.PRIYA
2778,PO,500690,APPROVE,2025-02-10 09:15:00,APPR.OPS_MGR
2779,REQ,300691,SUBMIT,2024-10-01 14:25:29,R.MENON
2780,REQ,300691,APPROVE,2024-10-21 08:44:13,APPR.OPS_DIRECTOR
2781,PO,500691,SUBMIT,2024-10-23 13:40:39,SYS_PRC_AUTOCREATE
2782,PO,500691,APPROVE,2024-10-24 12:58:19,APPR.OPS_MGR
2783,REQ,300692,SUBMIT,2024-10-23 09:28:36,L.NAIR
2784,REQ,300692,REJECT,2024-10-24 09:41:04,APPR.OPS_MGR
2785,REQ,300692,SUBMIT,2024-10-25 09:10:22,L.NAIR
2786,REQ,300692,APPROVE,2024-10-28 17:34:53,APPR.OPS_MGR
2787,PO,500692,SUBMIT,2024-10-31 12:37:29,SYS_PRC_AUTOCREATE
2788,PO,500692,APPROVE,2024-11-04 08:15:47,APPR.OPS_MGR
2789,REQ,300693,SUBMIT,2026-06-29 13:04:41,N.SAEED
2790,REQ,300693,REJECT,2026-06-30 08:01:51,APPR.HQ_MGR
2791,REQ,300693,SUBMIT,2026-07-01 11:21:32,N.SAEED
2792,REQ,300693,APPROVE,2026-07-03 08:30:45,APPR.HQ_MGR
2793,PO,500693,SUBMIT,2026-07-07 08:55:09,BUYER.PRIYA
2794,PO,500693,APPROVE,2026-07-08 14:10:59,APPR.HQ_MGR
2795,REQ,300694,SUBMIT,2024-12-31 12:15:18,M.RAHMAN
2796,REQ,300694,APPROVE,2025-01-01 09:04:14,APPR.FM_MGR
2797,PO,500694,SUBMIT,2025-01-03 17:39:15,BUYER.OMAR
2798,PO,500694,APPROVE,2025-01-06 17:33:55,APPR.FM_MGR
2799,REQ,300695,SUBMIT,2026-03-03 08:26:30,L.NAIR
2800,REQ,300695,APPROVE,2026-03-05 09:01:51,APPR.HQ_MGR
2801,REQ,300696,SUBMIT,2024-12-23 15:37:43,J.THOMAS
2802,REQ,300696,APPROVE,2024-12-26 10:46:48,APPR.FM_MGR
2803,PO,500696,SUBMIT,2024-12-27 17:18:10,BUYER.SARA
2804,PO,500696,APPROVE,2024-12-30 13:49:49,APPR.FM_MGR
2805,PO,500696,APPROVE,2025-01-06 08:48:27,APPR.CFO
2806,REQ,300697,SUBMIT,2026-07-30 08:36:12,M.RAHMAN
2807,REQ,300697,APPROVE,2026-07-31 08:33:03,APPR.HQ_MGR
2808,PO,500697,SUBMIT,2026-08-03 16:33:34,SYS_PRC_AUTOCREATE
2809,PO,500697,APPROVE,2026-08-04 09:28:11,APPR.HQ_MGR
2810,PO,500697,APPROVE,2026-08-07 11:08:34,APPR.CFO
2811,PO,500697,CHANGE,2026-08-14 10:12:36,BUYER.OMAR
2812,PO,500697,APPROVE,2026-08-17 10:26:47,APPR.HQ_MGR
2813,REQ,300698,SUBMIT,2025-01-07 09:06:42,R.MENON
2814,REQ,300698,APPROVE,2025-01-08 08:01:55,APPR.HQ_MGR
2815,PO,500698,SUBMIT,2025-01-09 14:12:26,BUYER.PRIYA
2816,PO,500698,APPROVE,2025-01-10 10:27:25,APPR.HQ_MGR
2817,REQ,300699,SUBMIT,2025-08-25 11:26:23,M.RAHMAN
2818,REQ,300699,APPROVE,2025-08-26 10:24:50,APPR.HQ_MGR
2819,PO,500699,SUBMIT,2025-08-27 16:06:28,BUYER.JAMES
2820,PO,500699,APPROVE,2025-08-28 08:48:52,APPR.HQ_MGR
2821,REQ,300700,SUBMIT,2026-01-20 10:48:50,R.MENON
2822,REQ,300700,APPROVE,2026-01-21 15:01:20,APPR.OPS_MGR
2823,PO,500700,SUBMIT,2026-01-23 15:16:25,BUYER.SARA
2824,PO,500700,APPROVE,2026-01-26 10:08:51,APPR.OPS_MGR
2825,REQ,300701,SUBMIT,2026-04-22 16:53:31,S.HASSAN
2826,REQ,300701,APPROVE,2026-05-07 10:03:49,APPR.OPS_DIRECTOR
2827,REQ,300702,SUBMIT,2025-03-31 17:23:31,R.MENON
2828,REQ,300702,APPROVE,2025-04-07 09:40:02,APPR.OPS_DIRECTOR
2829,PO,500702,SUBMIT,2025-04-09 10:14:48,SYS_PRC_AUTOCREATE
2830,PO,500702,APPROVE,2025-04-11 09:52:59,APPR.OPS_MGR
2831,REQ,300703,SUBMIT,2026-01-20 12:47:55,A.KHAN
2832,REQ,300703,APPROVE,2026-01-22 08:55:43,APPR.HQ_MGR
2833,PO,500703,SUBMIT,2026-01-30 09:25:11,BUYER.OMAR
2834,PO,500703,APPROVE,2026-02-02 16:27:22,APPR.HQ_MGR
2835,REQ,300704,SUBMIT,2026-03-11 16:35:06,M.RAHMAN
2836,REQ,300704,APPROVE,2026-03-13 09:51:50,APPR.FM_MGR
2837,PO,500704,SUBMIT,2026-03-17 08:43:17,SYS_PRC_AUTOCREATE
2838,PO,500704,APPROVE,2026-03-18 10:40:46,APPR.FM_MGR
2839,REQ,300705,SUBMIT,2024-12-24 15:10:18,A.KHAN
2840,REQ,300705,APPROVE,2024-12-26 11:12:02,APPR.HQ_MGR
2841,PO,500705,SUBMIT,2024-12-31 10:41:08,BUYER.OMAR
2842,PO,500705,APPROVE,2025-01-01 08:55:22,APPR.HQ_MGR
2843,PO,500706,SUBMIT,2026-07-24 09:53:05,BUYER.JAMES
2844,PO,500706,APPROVE,2026-07-27 08:13:22,APPR.FM_MGR
2845,REQ,300707,SUBMIT,2025-06-16 13:59:25,S.HASSAN
2846,REQ,300707,APPROVE,2025-06-17 10:11:39,APPR.OPS_MGR
2847,PO,500707,SUBMIT,2025-06-18 13:41:15,BUYER.SARA
2848,PO,500707,APPROVE,2025-06-19 09:51:18,APPR.OPS_MGR
2849,REQ,300708,SUBMIT,2026-05-11 17:54:17,F.ALI
2850,REQ,300708,APPROVE,2026-05-13 10:31:01,APPR.FM_MGR
2851,PO,500708,SUBMIT,2026-05-14 13:47:30,SYS_PRC_AUTOCREATE
2852,PO,500708,APPROVE,2026-05-15 16:37:04,APPR.FM_MGR
2853,REQ,300709,SUBMIT,2025-04-28 14:26:53,F.ALI
2854,REQ,300709,REJECT,2025-04-29 13:00:30,APPR.HQ_MGR
2855,REQ,300709,SUBMIT,2025-05-01 10:27:23,F.ALI
2856,REQ,300709,APPROVE,2025-05-02 09:37:19,APPR.HQ_MGR
2857,PO,500709,SUBMIT,2025-05-05 14:35:05,SYS_PRC_AUTOCREATE
2858,PO,500709,APPROVE,2025-05-06 10:05:46,APPR.HQ_MGR
2859,REQ,300710,SUBMIT,2025-09-08 13:29:06,A.KHAN
2860,REQ,300710,APPROVE,2025-09-11 10:05:32,APPR.HQ_MGR
2861,PO,500710,SUBMIT,2025-09-15 15:19:08,SYS_PRC_AUTOCREATE
2862,PO,500710,APPROVE,2025-09-17 09:59:49,APPR.HQ_MGR
2863,PO,500710,CHANGE,2025-09-29 09:37:48,BUYER.SARA
2864,PO,500710,APPROVE,2025-09-29 12:29:28,APPR.HQ_MGR
2865,REQ,300711,SUBMIT,2026-04-20 12:26:22,S.HASSAN
2866,REQ,300711,APPROVE,2026-04-22 10:31:56,APPR.HQ_MGR
2867,PO,500711,SUBMIT,2026-04-27 16:20:10,BUYER.SARA
2868,PO,500711,APPROVE,2026-04-29 17:53:09,APPR.HQ_MGR
2869,PO,500712,SUBMIT,2025-08-14 14:31:42,BUYER.OMAR
2870,PO,500712,APPROVE,2025-08-15 09:18:11,APPR.HQ_MGR
2871,REQ,300713,SUBMIT,2025-08-25 11:59:38,R.MENON
2872,REQ,300713,APPROVE,2025-08-26 15:10:14,APPR.FM_MGR
2873,PO,500713,SUBMIT,2025-09-02 10:20:57,BUYER.PRIYA
2874,PO,500713,APPROVE,2025-09-04 09:45:44,APPR.FM_MGR
2875,REQ,300714,SUBMIT,2026-04-06 12:49:35,M.RAHMAN
2876,REQ,300714,APPROVE,2026-04-06 13:35:11,APPR.HQ_MGR
2877,PO,500714,SUBMIT,2026-04-08 11:04:25,BUYER.PRIYA
2878,PO,500714,APPROVE,2026-04-10 09:49:13,APPR.HQ_MGR
2879,PO,500714,APPROVE,2026-04-13 09:03:38,APPR.CFO
2880,REQ,300715,SUBMIT,2026-04-30 16:59:35,F.ALI
2881,REQ,300715,APPROVE,2026-05-01 08:01:30,APPR.FM_MGR
2882,PO,500715,SUBMIT,2026-05-05 09:00:15,BUYER.SARA
2883,PO,500715,APPROVE,2026-05-06 10:18:52,APPR.FM_MGR
2884,REQ,300716,SUBMIT,2025-09-15 09:45:39,M.RAHMAN
2885,REQ,300716,APPROVE,2025-09-16 09:55:47,APPR.FM_MGR
2886,PO,500716,SUBMIT,2025-09-17 17:28:02,BUYER.SARA
2887,PO,500716,APPROVE,2025-09-18 12:31:16,APPR.FM_MGR
2888,PO,500717,SUBMIT,2025-02-13 09:14:05,BUYER.JAMES
2889,PO,500717,APPROVE,2025-02-13 16:29:04,APPR.HQ_MGR
2890,REQ,300718,SUBMIT,2026-08-07 09:00:47,N.SAEED
2891,REQ,300718,APPROVE,2026-08-19 09:16:05,APPR.OPS_DIRECTOR
2892,PO,500718,SUBMIT,2026-08-20 11:50:30,BUYER.JAMES
2893,PO,500718,APPROVE,2026-08-21 10:23:01,APPR.OPS_MGR
2894,REQ,300719,SUBMIT,2025-04-14 11:50:30,L.NAIR
2895,REQ,300719,APPROVE,2025-04-15 15:13:59,APPR.HQ_MGR
2896,PO,500719,SUBMIT,2025-04-18 10:07:26,SYS_PRC_AUTOCREATE
2897,PO,500719,APPROVE,2025-04-21 10:42:08,APPR.HQ_MGR
2898,REQ,300720,SUBMIT,2025-03-27 13:12:06,L.NAIR
2899,REQ,300720,APPROVE,2025-03-31 09:56:23,APPR.FM_MGR
2900,PO,500720,SUBMIT,2025-04-04 13:48:55,BUYER.SARA
2901,PO,500720,APPROVE,2025-04-07 11:25:52,APPR.FM_MGR
2902,REQ,300721,SUBMIT,2025-02-17 13:24:22,M.RAHMAN
2903,REQ,300721,APPROVE,2025-02-18 08:12:21,APPR.HQ_MGR
2904,PO,500721,SUBMIT,2025-02-20 12:39:49,BUYER.SARA
2905,PO,500721,APPROVE,2025-02-21 08:15:28,APPR.HQ_MGR
2906,REQ,300722,SUBMIT,2026-08-13 10:09:37,F.ALI
2907,REQ,300722,APPROVE,2026-08-17 09:39:12,APPR.HQ_MGR
2908,PO,500722,SUBMIT,2026-08-18 12:18:36,SYS_PRC_AUTOCREATE
2909,PO,500722,APPROVE,2026-08-19 13:59:46,APPR.HQ_MGR
2910,REQ,300723,SUBMIT,2025-04-22 08:25:22,L.NAIR
2911,REQ,300723,APPROVE,2025-05-05 12:33:50,APPR.OPS_DIRECTOR
2912,PO,500723,SUBMIT,2025-05-07 16:22:59,BUYER.OMAR
2913,PO,500723,APPROVE,2025-05-12 08:14:57,APPR.OPS_MGR
2914,PO,500723,APPROVE,2025-05-13 12:51:55,APPR.CFO
2915,REQ,300724,SUBMIT,2026-05-21 17:44:34,F.ALI
2916,REQ,300724,APPROVE,2026-05-28 09:14:37,APPR.OPS_DIRECTOR
2917,PO,500724,SUBMIT,2026-05-28 13:12:04,BUYER.OMAR
2918,PO,500724,APPROVE,2026-05-29 10:16:06,APPR.OPS_MGR
2919,REQ,300725,SUBMIT,2025-01-28 12:32:27,M.RAHMAN
2920,REQ,300725,REJECT,2025-01-29 08:18:34,APPR.HQ_MGR
2921,REQ,300725,SUBMIT,2025-01-31 08:00:23,M.RAHMAN
2922,REQ,300725,APPROVE,2025-02-03 10:18:30,APPR.HQ_MGR
2923,PO,500725,SUBMIT,2025-02-04 12:36:42,SYS_PRC_AUTOCREATE
2924,PO,500725,APPROVE,2025-02-06 08:35:56,APPR.HQ_MGR
2925,PO,500725,CHANGE,2025-02-19 11:13:03,BUYER.SARA
2926,PO,500725,APPROVE,2025-02-20 11:18:20,APPR.HQ_MGR
2927,REQ,300726,SUBMIT,2024-10-16 16:37:17,R.MENON
2928,REQ,300726,APPROVE,2024-10-17 09:05:39,APPR.FM_MGR
2929,PO,500726,SUBMIT,2024-10-18 14:39:04,BUYER.SARA
2930,PO,500726,APPROVE,2024-10-21 12:45:48,APPR.FM_MGR
2931,REQ,300727,SUBMIT,2026-03-16 12:02:39,M.RAHMAN
2932,REQ,300727,APPROVE,2026-03-17 09:59:56,APPR.FM_MGR
2933,PO,500727,SUBMIT,2026-03-20 10:40:01,BUYER.SARA
2934,PO,500727,APPROVE,2026-03-23 09:30:22,APPR.FM_MGR
2935,REQ,300728,SUBMIT,2026-08-07 08:47:23,S.HASSAN
2936,REQ,300728,APPROVE,2026-08-10 12:36:44,APPR.OPS_DIRECTOR
2937,PO,500728,SUBMIT,2026-08-12 13:06:05,BUYER.SARA
2938,PO,500728,APPROVE,2026-08-13 09:20:37,APPR.OPS_MGR
2939,PO,500728,APPROVE,2026-08-14 11:24:56,APPR.CFO
2940,REQ,300729,SUBMIT,2025-09-09 09:03:44,L.NAIR
2941,REQ,300729,APPROVE,2025-09-16 08:58:33,APPR.OPS_DIRECTOR
2942,PO,500729,SUBMIT,2025-09-18 16:58:15,BUYER.JAMES
2943,PO,500729,APPROVE,2025-09-19 10:22:01,APPR.OPS_MGR
2944,PO,500729,APPROVE,2025-09-22 10:09:06,APPR.CFO
2945,REQ,300730,SUBMIT,2025-11-21 15:20:39,L.NAIR
2946,REQ,300730,REJECT,2025-11-24 08:22:42,APPR.HQ_MGR
2947,REQ,300730,SUBMIT,2025-11-26 17:32:11,L.NAIR
2948,REQ,300730,APPROVE,2025-11-28 09:07:10,APPR.HQ_MGR
2949,PO,500730,SUBMIT,2025-12-01 17:24:04,BUYER.PRIYA
2950,PO,500730,APPROVE,2025-12-02 17:13:29,APPR.HQ_MGR
2951,REQ,300731,SUBMIT,2024-11-07 10:54:50,F.ALI
2952,REQ,300731,APPROVE,2024-11-11 09:38:32,APPR.FM_MGR
2953,PO,500731,SUBMIT,2024-11-14 14:23:14,BUYER.PRIYA
2954,PO,500731,APPROVE,2024-11-15 10:46:00,APPR.FM_MGR
2955,REQ,300732,SUBMIT,2024-12-31 09:03:08,J.THOMAS
2956,REQ,300732,APPROVE,2025-01-10 17:08:21,APPR.OPS_DIRECTOR
2957,PO,500732,SUBMIT,2025-01-13 15:55:15,BUYER.JAMES
2958,PO,500732,APPROVE,2025-01-16 08:08:52,APPR.OPS_MGR
2959,REQ,300733,SUBMIT,2026-01-26 14:27:32,A.KHAN
2960,REQ,300733,APPROVE,2026-01-30 12:14:16,APPR.FM_MGR
2961,PO,500733,SUBMIT,2026-02-03 17:26:13,BUYER.OMAR
2962,PO,500733,APPROVE,2026-02-05 08:36:52,APPR.FM_MGR
2963,REQ,300734,SUBMIT,2025-07-28 08:36:23,N.SAEED
2964,REQ,300734,APPROVE,2025-07-29 08:37:17,APPR.HQ_MGR
2965,PO,500734,SUBMIT,2025-07-30 16:25:02,SYS_PRC_AUTOCREATE
2966,PO,500734,APPROVE,2025-07-31 16:01:36,APPR.HQ_MGR
2967,REQ,300735,SUBMIT,2026-05-21 10:40:32,J.THOMAS
2968,REQ,300735,APPROVE,2026-05-22 08:03:53,APPR.OPS_MGR
2969,PO,500735,SUBMIT,2026-05-25 12:00:24,BUYER.SARA
2970,PO,500735,APPROVE,2026-05-27 09:34:02,APPR.OPS_MGR
2971,REQ,300736,SUBMIT,2024-11-26 14:01:41,R.MENON
2972,REQ,300736,APPROVE,2024-11-27 10:35:14,APPR.HQ_MGR
2973,PO,500736,SUBMIT,2024-11-28 10:47:24,BUYER.OMAR
2974,PO,500736,APPROVE,2024-11-29 12:25:12,APPR.HQ_MGR
2975,REQ,300737,SUBMIT,2025-03-24 10:06:45,R.MENON
2976,REQ,300737,APPROVE,2025-03-28 09:54:44,APPR.OPS_DIRECTOR
2977,PO,500737,SUBMIT,2025-04-01 10:57:41,BUYER.JAMES
2978,PO,500737,APPROVE,2025-04-02 10:15:26,APPR.OPS_MGR
2979,REQ,300738,SUBMIT,2026-07-31 09:33:35,R.MENON
2980,REQ,300738,APPROVE,2026-08-04 10:42:55,APPR.OPS_DIRECTOR
2981,PO,500738,SUBMIT,2026-08-06 10:53:41,BUYER.JAMES
2982,PO,500738,APPROVE,2026-08-10 16:26:04,APPR.OPS_MGR
2983,PO,500738,CHANGE,2026-08-17 10:35:48,BUYER.JAMES
2984,PO,500738,APPROVE,2026-08-19 17:17:25,APPR.OPS_MGR
2985,REQ,300739,SUBMIT,2026-07-02 12:39:36,J.THOMAS
2986,REQ,300739,REJECT,2026-07-03 12:27:05,APPR.HQ_MGR
2987,REQ,300739,SUBMIT,2026-07-07 09:20:43,J.THOMAS
2988,REQ,300739,APPROVE,2026-07-08 13:55:57,APPR.HQ_MGR
2989,PO,500739,SUBMIT,2026-07-10 10:41:33,BUYER.OMAR
2990,PO,500739,APPROVE,2026-07-13 09:02:04,APPR.HQ_MGR
2991,REQ,300740,SUBMIT,2025-03-06 09:53:24,F.ALI
2992,REQ,300740,APPROVE,2025-03-07 10:17:44,APPR.FM_MGR
2993,PO,500740,SUBMIT,2025-03-10 10:30:34,SYS_PRC_AUTOCREATE
2994,PO,500740,APPROVE,2025-03-11 10:49:55,APPR.FM_MGR
2995,PO,500740,APPROVE,2025-03-12 12:25:41,APPR.CFO
2996,PO,500741,SUBMIT,2025-07-29 10:53:04,BUYER.SARA
2997,PO,500741,APPROVE,2025-07-30 09:18:52,APPR.OPS_MGR
2998,REQ,300742,SUBMIT,2025-04-18 10:37:08,F.ALI
2999,REQ,300742,APPROVE,2025-04-21 15:01:05,APPR.HQ_MGR
3000,PO,500742,SUBMIT,2025-04-22 12:17:27,BUYER.OMAR
3001,PO,500742,APPROVE,2025-04-23 17:54:43,APPR.HQ_MGR
3002,PO,500742,CHANGE,2025-04-25 13:00:33,BUYER.OMAR
3003,PO,500742,APPROVE,2025-04-29 10:03:49,APPR.HQ_MGR
3004,REQ,300743,SUBMIT,2026-09-02 17:55:46,M.RAHMAN
3005,REQ,300743,APPROVE,2026-09-03 12:58:03,APPR.FM_MGR
3006,PO,500743,SUBMIT,2026-09-07 10:40:48,SYS_PRC_AUTOCREATE
3007,PO,500743,APPROVE,2026-09-08 10:15:26,APPR.FM_MGR
3008,REQ,300744,SUBMIT,2026-06-16 13:18:35,N.SAEED
3009,REQ,300744,APPROVE,2026-06-17 08:04:25,APPR.FM_MGR
3010,PO,500744,SUBMIT,2026-06-19 13:10:51,BUYER.JAMES
3011,PO,500744,APPROVE,2026-06-22 10:59:55,APPR.FM_MGR
3012,PO,500744,CHANGE,2026-06-29 09:20:14,BUYER.JAMES
3013,PO,500744,APPROVE,2026-06-29 14:10:20,APPR.FM_MGR
3014,PO,500745,SUBMIT,2025-12-15 14:06:14,BUYER.OMAR
3015,PO,500745,APPROVE,2025-12-18 08:58:32,APPR.HQ_MGR
3016,PO,500746,SUBMIT,2026-07-06 11:24:32,BUYER.JAMES
3017,PO,500746,APPROVE,2026-07-07 10:25:37,APPR.OPS_MGR
3018,REQ,300747,SUBMIT,2024-12-23 16:12:47,S.HASSAN
3019,REQ,300747,APPROVE,2024-12-24 15:40:16,APPR.FM_MGR
3020,PO,500747,SUBMIT,2024-12-27 12:04:05,BUYER.OMAR
3021,PO,500747,APPROVE,2024-12-30 08:51:18,APPR.FM_MGR
3022,REQ,300748,SUBMIT,2025-07-01 12:24:05,M.RAHMAN
3023,REQ,300748,APPROVE,2025-07-02 10:55:06,APPR.FM_MGR
3024,PO,500748,SUBMIT,2025-07-07 16:54:58,BUYER.JAMES
3025,PO,500748,APPROVE,2025-07-08 08:20:31,APPR.FM_MGR
3026,PO,500748,CHANGE,2025-07-21 08:12:29,BUYER.JAMES
3027,PO,500748,APPROVE,2025-07-21 17:01:08,APPR.FM_MGR
3028,REQ,300749,SUBMIT,2026-05-18 10:50:03,M.RAHMAN
3029,REQ,300749,APPROVE,2026-05-20 15:58:51,APPR.OPS_DIRECTOR
3030,PO,500749,SUBMIT,2026-05-21 13:34:54,SYS_PRC_AUTOCREATE
3031,PO,500749,APPROVE,2026-05-25 10:36:50,APPR.OPS_MGR
3032,REQ,300750,SUBMIT,2026-04-20 17:08:24,S.HASSAN
3033,REQ,300750,APPROVE,2026-04-21 09:39:59,APPR.HQ_MGR
3034,PO,500750,SUBMIT,2026-04-22 17:45:26,SYS_PRC_AUTOCREATE
3035,PO,500750,APPROVE,2026-04-24 09:34:05,APPR.HQ_MGR
3036,REQ,300751,SUBMIT,2026-01-02 10:14:35,A.KHAN
3037,REQ,300751,APPROVE,2026-01-05 10:51:19,APPR.FM_MGR
3038,PO,500751,SUBMIT,2026-01-08 10:31:17,BUYER.PRIYA
3039,PO,500751,APPROVE,2026-01-09 14:26:51,APPR.FM_MGR
3040,PO,500752,SUBMIT,2024-10-11 09:49:36,BUYER.OMAR
3041,PO,500752,APPROVE,2024-10-14 08:51:17,APPR.HQ_MGR
3042,REQ,300753,SUBMIT,2025-11-06 16:30:44,R.MENON
3043,REQ,300753,REJECT,2025-11-10 08:38:09,APPR.HQ_MGR
3044,REQ,300753,SUBMIT,2025-11-11 09:05:45,R.MENON
3045,REQ,300753,APPROVE,2025-11-11 17:51:38,APPR.HQ_MGR
3046,PO,500753,SUBMIT,2025-11-12 11:59:26,BUYER.PRIYA
3047,PO,500753,APPROVE,2025-11-13 10:18:09,APPR.HQ_MGR
3048,REQ,300754,SUBMIT,2025-03-24 10:40:44,A.KHAN
3049,REQ,300754,APPROVE,2025-03-26 09:01:18,APPR.HQ_MGR
3050,PO,500754,SUBMIT,2025-03-27 09:27:45,BUYER.PRIYA
3051,PO,500754,APPROVE,2025-03-28 10:18:52,APPR.HQ_MGR
3052,REQ,300755,SUBMIT,2025-07-11 11:50:15,N.SAEED
3053,REQ,300755,APPROVE,2025-07-14 09:34:14,APPR.FM_MGR
3054,PO,500755,SUBMIT,2025-07-16 10:43:05,BUYER.PRIYA
3055,PO,500755,APPROVE,2025-07-16 14:56:17,APPR.FM_MGR
3056,PO,500755,APPROVE,2025-07-18 10:17:08,APPR.CFO
3057,REQ,300756,SUBMIT,2025-10-30 11:27:27,J.THOMAS
3058,REQ,300756,APPROVE,2025-11-03 08:13:51,APPR.OPS_DIRECTOR
3059,PO,500756,SUBMIT,2025-11-05 08:27:06,SYS_PRC_AUTOCREATE
3060,PO,500756,APPROVE,2025-11-07 09:19:45,APPR.OPS_MGR
3061,PO,500756,APPROVE,2025-11-10 10:56:28,APPR.CFO
3062,PO,500757,SUBMIT,2024-11-28 12:53:15,BUYER.SARA
3063,PO,500757,APPROVE,2024-11-29 10:10:37,APPR.OPS_MGR
3064,REQ,300758,SUBMIT,2025-05-15 14:01:09,N.SAEED
3065,REQ,300758,APPROVE,2025-05-19 09:10:51,APPR.FM_MGR
3066,PO,500758,SUBMIT,2025-05-22 09:35:49,SYS_PRC_AUTOCREATE
3067,PO,500758,APPROVE,2025-05-23 10:32:41,APPR.FM_MGR
3068,PO,500759,SUBMIT,2026-01-13 10:10:47,BUYER.PRIYA
3069,PO,500759,APPROVE,2026-01-14 10:23:02,APPR.HQ_MGR
3070,PO,500759,CHANGE,2026-01-19 09:03:43,BUYER.PRIYA
3071,PO,500759,APPROVE,2026-01-19 17:39:09,APPR.HQ_MGR
3072,REQ,300760,SUBMIT,2025-10-07 16:42:55,A.KHAN
3073,REQ,300760,APPROVE,2025-10-20 10:35:56,APPR.OPS_DIRECTOR
3074,PO,500760,SUBMIT,2025-10-22 11:52:29,SYS_PRC_AUTOCREATE
3075,PO,500760,APPROVE,2025-10-23 08:40:54,APPR.OPS_MGR
3076,REQ,300761,SUBMIT,2025-04-22 09:33:10,M.RAHMAN
3077,REQ,300761,APPROVE,2025-05-02 08:45:24,APPR.OPS_DIRECTOR
3078,PO,500761,SUBMIT,2025-05-05 15:23:58,BUYER.SARA
3079,PO,500761,APPROVE,2025-05-06 09:56:58,APPR.OPS_MGR
3080,PO,500761,APPROVE,2025-05-08 08:56:00,APPR.CFO
3081,REQ,300762,SUBMIT,2026-08-07 10:13:51,R.MENON
3082,REQ,300762,REJECT,2026-08-17 10:50:17,APPR.OPS_DIRECTOR
3083,REQ,300762,SUBMIT,2026-08-19 10:55:03,R.MENON
3084,REQ,300762,APPROVE,2026-08-26 13:17:17,APPR.OPS_DIRECTOR
3085,PO,500762,SUBMIT,2026-08-27 16:37:10,BUYER.PRIYA
3086,PO,500762,APPROVE,2026-08-28 10:40:41,APPR.OPS_MGR
3087,PO,500762,APPROVE,2026-08-31 09:36:20,APPR.CFO
3088,REQ,300763,SUBMIT,2025-12-11 15:59:04,A.KHAN
3089,REQ,300763,APPROVE,2025-12-15 10:49:34,APPR.OPS_DIRECTOR
3090,PO,500763,SUBMIT,2025-12-16 12:07:51,BUYER.JAMES
3091,PO,500763,APPROVE,2025-12-17 10:05:04,APPR.OPS_MGR
3092,REQ,300764,SUBMIT,2025-01-20 08:55:08,A.KHAN
3093,REQ,300764,APPROVE,2025-01-22 10:31:30,APPR.HQ_MGR
3094,PO,500764,SUBMIT,2025-01-23 16:44:31,BUYER.SARA
3095,PO,500764,APPROVE,2025-01-27 10:19:59,APPR.HQ_MGR
3096,REQ,300765,SUBMIT,2026-01-07 14:00:15,A.KHAN
3097,REQ,300765,APPROVE,2026-01-08 10:06:58,APPR.OPS_MGR
3098,PO,500765,SUBMIT,2026-01-12 08:10:20,SYS_PRC_AUTOCREATE
3099,PO,500765,APPROVE,2026-01-13 08:06:04,APPR.OPS_MGR
3100,REQ,300766,SUBMIT,2026-01-28 08:34:59,F.ALI
3101,REQ,300766,REJECT,2026-01-29 08:08:38,APPR.OPS_MGR
3102,REQ,300766,SUBMIT,2026-01-30 10:06:41,F.ALI
3103,REQ,300766,APPROVE,2026-02-02 09:41:08,APPR.OPS_MGR
3104,PO,500766,SUBMIT,2026-02-04 14:07:23,BUYER.PRIYA
3105,PO,500766,APPROVE,2026-02-06 10:36:00,APPR.OPS_MGR
3106,REQ,300767,SUBMIT,2026-04-20 11:29:42,S.HASSAN
3107,REQ,300767,APPROVE,2026-04-21 09:27:14,APPR.FM_MGR
3108,PO,500767,SUBMIT,2026-04-22 11:03:42,BUYER.SARA
3109,PO,500767,APPROVE,2026-04-24 08:49:20,APPR.FM_MGR
3110,PO,500767,CHANGE,2026-04-28 10:19:20,BUYER.SARA
3111,PO,500767,APPROVE,2026-04-30 10:54:57,APPR.FM_MGR
3112,REQ,300768,SUBMIT,2024-10-10 14:35:22,S.HASSAN
3113,REQ,300768,APPROVE,2024-10-18 08:22:00,APPR.OPS_DIRECTOR
3114,PO,500768,SUBMIT,2024-10-21 12:14:07,SYS_PRC_AUTOCREATE
3115,PO,500768,APPROVE,2024-10-22 08:47:53,APPR.OPS_MGR
3116,PO,500768,CHANGE,2024-10-28 08:04:42,BUYER.SARA
3117,PO,500768,APPROVE,2024-10-29 10:40:00,APPR.OPS_MGR
3118,PO,500769,SUBMIT,2026-04-13 10:37:26,BUYER.SARA
3119,PO,500769,APPROVE,2026-04-13 14:12:21,APPR.OPS_MGR
3120,PO,500769,CHANGE,2026-04-17 09:37:57,BUYER.SARA
3121,PO,500769,APPROVE,2026-04-20 09:28:47,APPR.OPS_MGR
3122,REQ,300770,SUBMIT,2024-12-16 12:49:45,S.HASSAN
3123,REQ,300770,APPROVE,2024-12-16 17:06:54,APPR.OPS_MGR
3124,PO,500770,SUBMIT,2024-12-18 15:46:24,SYS_PRC_AUTOCREATE
3125,PO,500770,APPROVE,2024-12-20 09:35:12,APPR.OPS_MGR
3126,REQ,300771,SUBMIT,2025-05-19 12:46:36,J.THOMAS
3127,REQ,300771,APPROVE,2025-05-21 09:32:17,APPR.FM_MGR
3128,REQ,300772,SUBMIT,2026-02-04 09:55:44,A.KHAN
3129,REQ,300772,APPROVE,2026-02-05 10:16:01,APPR.OPS_MGR
3130,PO,500772,SUBMIT,2026-02-06 10:15:43,SYS_PRC_AUTOCREATE
3131,PO,500772,APPROVE,2026-02-09 09:58:55,APPR.OPS_MGR
3132,REQ,300773,SUBMIT,2025-10-27 12:50:51,J.THOMAS
3133,REQ,300773,APPROVE,2025-10-28 08:29:17,APPR.OPS_MGR
3134,PO,500773,SUBMIT,2025-10-29 13:32:09,SYS_PRC_AUTOCREATE
3135,PO,500773,APPROVE,2025-10-30 10:22:30,APPR.OPS_MGR
3136,REQ,300774,SUBMIT,2025-06-16 15:43:50,F.ALI
3137,REQ,300774,APPROVE,2025-06-17 08:59:44,APPR.HQ_MGR
3138,PO,500774,SUBMIT,2025-06-18 10:28:00,BUYER.JAMES
3139,PO,500774,APPROVE,2025-06-20 08:53:40,APPR.HQ_MGR
3140,REQ,300775,SUBMIT,2025-07-07 11:08:32,L.NAIR
3141,REQ,300775,APPROVE,2025-07-08 09:43:46,APPR.FM_MGR
3142,PO,500775,SUBMIT,2025-07-11 09:41:05,SYS_PRC_AUTOCREATE
3143,PO,500775,APPROVE,2025-07-14 10:12:57,APPR.FM_MGR
3144,REQ,300776,SUBMIT,2025-03-04 08:56:13,S.HASSAN
3145,REQ,300776,APPROVE,2025-03-05 08:45:34,APPR.FM_MGR
3146,PO,500776,SUBMIT,2025-03-06 13:14:49,BUYER.SARA
3147,PO,500776,APPROVE,2025-03-07 13:33:31,APPR.FM_MGR
3148,PO,500776,APPROVE,2025-03-10 11:27:44,APPR.CFO
3149,REQ,300777,SUBMIT,2026-02-23 11:54:34,F.ALI
3150,REQ,300777,APPROVE,2026-02-24 13:30:14,APPR.FM_MGR
3151,PO,500777,SUBMIT,2026-02-25 16:49:21,BUYER.SARA
3152,PO,500777,APPROVE,2026-02-27 08:34:26,APPR.FM_MGR
3153,REQ,300778,SUBMIT,2025-01-30 13:24:27,R.MENON
3154,REQ,300778,APPROVE,2025-02-03 08:53:08,APPR.HQ_MGR
3155,PO,500778,SUBMIT,2025-02-03 14:14:55,BUYER.OMAR
3156,PO,500778,APPROVE,2025-02-04 09:22:34,APPR.HQ_MGR
3157,REQ,300779,SUBMIT,2024-12-30 11:42:53,L.NAIR
3158,REQ,300779,APPROVE,2024-12-31 09:26:37,APPR.HQ_MGR
3159,PO,500779,SUBMIT,2025-01-01 14:14:28,BUYER.JAMES
3160,PO,500779,APPROVE,2025-01-02 13:11:05,APPR.HQ_MGR
3161,REQ,300780,SUBMIT,2024-12-09 13:45:14,N.SAEED
3162,REQ,300780,APPROVE,2024-12-10 11:27:05,APPR.HQ_MGR
3163,PO,500780,SUBMIT,2024-12-13 14:23:28,BUYER.OMAR
3164,PO,500780,APPROVE,2024-12-13 16:59:42,APPR.HQ_MGR
3165,REQ,300781,SUBMIT,2025-04-30 16:51:11,R.MENON
3166,REQ,300781,APPROVE,2025-05-01 13:37:42,APPR.FM_MGR
3167,PO,500781,SUBMIT,2025-05-05 09:09:03,BUYER.OMAR
3168,PO,500781,APPROVE,2025-05-06 14:15:19,APPR.FM_MGR
3169,REQ,300782,SUBMIT,2025-08-04 10:15:27,J.THOMAS
3170,REQ,300782,REJECT,2025-08-05 08:34:14,APPR.OPS_MGR
3171,REQ,300782,SUBMIT,2025-08-07 08:31:10,J.THOMAS
3172,REQ,300782,APPROVE,2025-08-08 08:24:09,APPR.OPS_MGR
3173,PO,500782,SUBMIT,2025-08-11 15:25:06,SYS_PRC_AUTOCREATE
3174,PO,500782,APPROVE,2025-08-13 10:13:03,APPR.OPS_MGR
3175,REQ,300783,SUBMIT,2025-07-02 09:15:44,F.ALI
3176,REQ,300783,APPROVE,2025-07-15 11:23:45,APPR.OPS_DIRECTOR
3177,PO,500783,SUBMIT,2025-07-17 10:27:32,BUYER.OMAR
3178,PO,500783,APPROVE,2025-07-18 08:16:25,APPR.OPS_MGR
3179,PO,500784,SUBMIT,2026-06-15 11:40:11,BUYER.SARA
3180,PO,500784,APPROVE,2026-06-16 13:13:59,APPR.OPS_MGR
3181,REQ,300785,SUBMIT,2025-12-03 16:40:22,N.SAEED
3182,REQ,300785,APPROVE,2025-12-04 08:31:42,APPR.HQ_MGR
3183,PO,500785,SUBMIT,2025-12-05 13:56:04,BUYER.PRIYA
3184,PO,500785,APPROVE,2025-12-08 09:25:12,APPR.HQ_MGR
3185,PO,500785,APPROVE,2025-12-11 12:32:26,APPR.CFO
3186,REQ,300786,SUBMIT,2025-02-13 10:18:47,N.SAEED
3187,REQ,300786,APPROVE,2025-02-14 08:15:20,APPR.HQ_MGR
3188,PO,500786,SUBMIT,2025-02-18 10:22:42,BUYER.PRIYA
3189,PO,500786,APPROVE,2025-02-19 09:59:58,APPR.HQ_MGR
3190,REQ,300787,SUBMIT,2026-01-29 10:11:55,S.HASSAN
3191,REQ,300787,APPROVE,2026-01-30 13:30:39,APPR.HQ_MGR
3192,PO,500787,SUBMIT,2026-02-03 09:53:20,BUYER.PRIYA
3193,PO,500787,APPROVE,2026-02-04 08:44:53,APPR.HQ_MGR
3194,PO,500787,CHANGE,2026-02-05 15:16:07,BUYER.PRIYA
3195,PO,500787,APPROVE,2026-02-06 10:12:28,APPR.HQ_MGR
3196,REQ,300788,SUBMIT,2025-02-10 15:40:28,L.NAIR
3197,REQ,300788,APPROVE,2025-02-11 11:02:14,APPR.HQ_MGR
3198,REQ,300789,SUBMIT,2025-05-12 11:51:53,A.KHAN
3199,REQ,300789,APPROVE,2025-05-15 15:48:09,APPR.OPS_DIRECTOR
3200,PO,500789,SUBMIT,2025-05-16 16:50:51,SYS_PRC_AUTOCREATE
3201,PO,500789,APPROVE,2025-05-19 10:14:41,APPR.OPS_MGR
3202,REQ,300790,SUBMIT,2024-11-07 15:06:48,A.KHAN
3203,REQ,300790,APPROVE,2024-11-08 08:35:15,APPR.FM_MGR
3204,PO,500790,SUBMIT,2024-11-11 10:12:54,BUYER.SARA
3205,PO,500790,APPROVE,2024-11-12 10:21:32,APPR.FM_MGR
3206,REQ,300791,SUBMIT,2025-03-10 10:17:49,F.ALI
3207,REQ,300791,APPROVE,2025-03-11 09:30:10,APPR.OPS_MGR
3208,PO,500791,SUBMIT,2025-03-12 10:39:23,SYS_PRC_AUTOCREATE
3209,PO,500791,APPROVE,2025-03-14 09:34:14,APPR.OPS_MGR
3210,REQ,300792,SUBMIT,2025-03-10 17:19:04,A.KHAN
3211,REQ,300792,APPROVE,2025-03-11 09:20:37,APPR.OPS_DIRECTOR
3212,PO,500792,SUBMIT,2025-03-12 08:55:59,BUYER.OMAR
3213,PO,500792,APPROVE,2025-03-13 08:42:50,APPR.OPS_MGR
3214,PO,500792,APPROVE,2025-03-17 09:07:14,APPR.CFO
3215,PO,500793,SUBMIT,2026-01-27 15:28:55,BUYER.SARA
3216,PO,500793,APPROVE,2026-01-28 09:19:52,APPR.OPS_MGR
3217,PO,500794,SUBMIT,2026-05-11 09:33:11,BUYER.SARA
3218,PO,500794,APPROVE,2026-05-12 12:52:47,APPR.OPS_MGR
3219,PO,500795,SUBMIT,2026-04-29 10:58:04,BUYER.SARA
3220,PO,500795,APPROVE,2026-04-30 17:50:21,APPR.OPS_MGR
3221,REQ,300796,SUBMIT,2026-08-24 14:28:25,N.SAEED
3222,REQ,300796,APPROVE,2026-08-26 10:08:04,APPR.FM_MGR
3223,PO,500796,SUBMIT,2026-08-27 10:40:28,SYS_PRC_AUTOCREATE
3224,PO,500796,APPROVE,2026-08-28 10:07:36,APPR.FM_MGR
3225,REQ,300797,SUBMIT,2025-01-28 08:24:41,A.KHAN
3226,REQ,300797,APPROVE,2025-01-29 12:44:51,APPR.FM_MGR
3227,PO,500797,SUBMIT,2025-01-31 10:37:02,BUYER.PRIYA
3228,PO,500797,APPROVE,2025-02-03 10:49:34,APPR.FM_MGR
3229,PO,500798,SUBMIT,2025-01-28 12:21:43,BUYER.JAMES
3230,PO,500798,APPROVE,2025-01-29 10:56:06,APPR.HQ_MGR
3231,PO,500798,CHANGE,2025-02-03 15:23:21,BUYER.JAMES
3232,PO,500798,APPROVE,2025-02-05 12:42:09,APPR.HQ_MGR
3233,REQ,300799,SUBMIT,2024-12-09 09:04:09,N.SAEED
3234,REQ,300799,APPROVE,2024-12-10 08:48:56,APPR.OPS_MGR
3235,PO,500799,SUBMIT,2024-12-11 09:42:57,BUYER.SARA
3236,PO,500799,APPROVE,2024-12-11 17:43:03,APPR.OPS_MGR
3237,PO,500800,SUBMIT,2025-02-03 11:52:21,BUYER.OMAR
3238,PO,500800,APPROVE,2025-02-04 13:16:43,APPR.HQ_MGR
3239,REQ,300801,SUBMIT,2025-02-19 08:44:41,A.KHAN
3240,REQ,300801,APPROVE,2025-02-20 09:24:38,APPR.HQ_MGR
3241,PO,500801,SUBMIT,2025-02-26 09:03:52,BUYER.PRIYA
3242,PO,500801,APPROVE,2025-02-28 08:13:13,APPR.HQ_MGR
3243,PO,500801,APPROVE,2025-03-03 10:41:39,APPR.CFO
3244,REQ,300802,SUBMIT,2024-12-23 13:01:22,A.KHAN
3245,REQ,300802,REJECT,2024-12-24 09:04:36,APPR.FM_MGR
3246,REQ,300802,SUBMIT,2024-12-27 08:50:07,A.KHAN
3247,REQ,300802,APPROVE,2024-12-30 10:48:35,APPR.FM_MGR
3248,PO,500802,SUBMIT,2024-12-31 15:07:54,BUYER.PRIYA
3249,PO,500802,APPROVE,2024-12-31 17:33:07,APPR.FM_MGR
3250,PO,500803,SUBMIT,2025-04-29 08:30:31,BUYER.JAMES
3251,PO,500803,APPROVE,2025-04-30 12:06:25,APPR.HQ_MGR
3252,PO,500803,APPROVE,2025-05-01 10:46:33,APPR.CFO
3253,REQ,300804,SUBMIT,2024-11-27 17:55:42,L.NAIR
3254,REQ,300804,APPROVE,2024-11-28 16:58:00,APPR.OPS_MGR
3255,PO,500804,SUBMIT,2024-11-29 17:42:21,SYS_PRC_AUTOCREATE
3256,PO,500804,APPROVE,2024-12-02 10:58:53,APPR.OPS_MGR
3257,PO,500805,SUBMIT,2026-04-30 12:33:02,BUYER.OMAR
3258,PO,500805,APPROVE,2026-05-04 16:41:43,APPR.OPS_MGR
3259,PO,500805,CHANGE,2026-05-11 10:01:34,BUYER.OMAR
3260,PO,500805,APPROVE,2026-05-13 11:18:56,APPR.OPS_MGR
3261,REQ,300806,SUBMIT,2025-12-17 17:21:05,N.SAEED
3262,REQ,300806,APPROVE,2025-12-29 08:37:53,APPR.OPS_DIRECTOR
3263,PO,500806,SUBMIT,2025-12-30 17:16:10,BUYER.SARA
3264,PO,500806,APPROVE,2025-12-31 08:00:39,APPR.OPS_MGR
3265,REQ,300807,SUBMIT,2025-08-22 12:50:33,L.NAIR
3266,REQ,300807,APPROVE,2025-08-22 16:38:11,APPR.OPS_MGR
3267,PO,500807,SUBMIT,2025-08-26 10:06:47,BUYER.OMAR
3268,PO,500807,APPROVE,2025-08-28 10:22:25,APPR.OPS_MGR
3269,REQ,300808,SUBMIT,2026-08-05 15:32:58,J.THOMAS
3270,REQ,300808,APPROVE,2026-08-07 08:50:46,APPR.HQ_MGR
3271,PO,500808,SUBMIT,2026-08-10 15:28:14,SYS_PRC_AUTOCREATE
3272,PO,500808,APPROVE,2026-08-13 09:51:05,APPR.HQ_MGR
3273,REQ,300809,SUBMIT,2026-04-06 17:27:50,N.SAEED
3274,REQ,300809,APPROVE,2026-04-07 10:25:37,APPR.FM_MGR
3275,PO,500809,SUBMIT,2026-04-07 15:19:25,SYS_PRC_AUTOCREATE
3276,PO,500809,APPROVE,2026-04-08 11:40:01,APPR.FM_MGR
3277,PO,500809,APPROVE,2026-04-10 16:17:08,APPR.CFO
3278,REQ,300810,SUBMIT,2025-07-07 13:14:43,J.THOMAS
3279,REQ,300810,APPROVE,2025-07-09 09:50:06,APPR.FM_MGR
3280,PO,500810,SUBMIT,2025-07-10 12:16:39,BUYER.SARA
3281,PO,500810,APPROVE,2025-07-10 17:04:32,APPR.FM_MGR
3282,REQ,300811,SUBMIT,2025-06-09 11:12:56,J.THOMAS
3283,REQ,300811,APPROVE,2025-06-09 16:10:43,APPR.HQ_MGR
3284,PO,500811,SUBMIT,2025-06-11 11:12:56,BUYER.SARA
3285,PO,500811,APPROVE,2025-06-11 17:42:28,APPR.HQ_MGR
3286,PO,500811,APPROVE,2025-06-16 10:31:09,APPR.CFO
3287,PO,500812,SUBMIT,2025-08-12 15:23:53,BUYER.OMAR
3288,PO,500812,APPROVE,2025-08-15 10:16:46,APPR.FM_MGR
3289,REQ,300813,SUBMIT,2025-04-07 14:45:54,A.KHAN
3290,REQ,300813,APPROVE,2025-04-08 17:26:23,APPR.FM_MGR
3291,PO,500813,SUBMIT,2025-04-10 11:02:42,SYS_PRC_AUTOCREATE
3292,PO,500813,APPROVE,2025-04-11 10:34:03,APPR.FM_MGR
3293,REQ,300814,SUBMIT,2025-01-06 12:44:39,M.RAHMAN
3294,REQ,300814,APPROVE,2025-01-07 10:00:43,APPR.OPS_MGR
3295,PO,500814,SUBMIT,2025-01-08 14:37:54,BUYER.JAMES
3296,PO,500814,APPROVE,2025-01-08 17:46:47,APPR.OPS_MGR
3297,REQ,300815,SUBMIT,2026-01-22 13:26:00,S.HASSAN
3298,REQ,300815,APPROVE,2026-01-23 15:38:38,APPR.HQ_MGR
3299,PO,500815,SUBMIT,2026-01-27 08:29:57,BUYER.OMAR
3300,PO,500815,APPROVE,2026-01-27 13:54:52,APPR.HQ_MGR
3301,REQ,300816,SUBMIT,2025-12-30 16:44:11,M.RAHMAN
3302,REQ,300816,APPROVE,2026-01-01 13:30:22,APPR.OPS_MGR
3303,PO,500816,SUBMIT,2026-01-05 14:28:58,SYS_PRC_AUTOCREATE
3304,PO,500816,APPROVE,2026-01-06 15:21:56,APPR.OPS_MGR
3305,PO,500817,SUBMIT,2024-12-02 15:32:43,BUYER.PRIYA
3306,PO,500817,APPROVE,2024-12-04 08:36:23,APPR.FM_MGR
3307,PO,500818,SUBMIT,2025-12-18 14:18:44,BUYER.SARA
3308,PO,500818,APPROVE,2025-12-22 08:49:41,APPR.FM_MGR
3309,REQ,300819,SUBMIT,2026-08-14 08:45:11,S.HASSAN
3310,REQ,300819,APPROVE,2026-08-17 09:41:36,APPR.OPS_MGR
3311,PO,500819,SUBMIT,2026-08-20 08:02:59,BUYER.OMAR
3312,PO,500819,APPROVE,2026-08-24 08:20:09,APPR.OPS_MGR
3313,REQ,300820,SUBMIT,2025-09-08 12:00:14,M.RAHMAN
3314,REQ,300820,APPROVE,2025-09-10 08:15:02,APPR.FM_MGR
3315,PO,500820,SUBMIT,2025-09-12 14:49:28,BUYER.PRIYA
3316,PO,500820,APPROVE,2025-09-15 09:52:57,APPR.FM_MGR
3317,REQ,300821,SUBMIT,2025-02-05 10:26:25,L.NAIR
3318,REQ,300821,APPROVE,2025-02-11 09:46:20,APPR.OPS_DIRECTOR
3319,PO,500821,SUBMIT,2025-02-14 08:24:31,SYS_PRC_AUTOCREATE
3320,PO,500821,APPROVE,2025-02-14 12:52:41,APPR.OPS_MGR
3321,REQ,300822,SUBMIT,2025-07-25 13:13:07,A.KHAN
3322,REQ,300822,APPROVE,2025-07-28 15:08:05,APPR.FM_MGR
3323,PO,500822,SUBMIT,2025-07-29 15:52:46,BUYER.SARA
3324,PO,500822,APPROVE,2025-07-30 10:06:30,APPR.FM_MGR
3325,REQ,300823,SUBMIT,2025-08-13 15:18:50,L.NAIR
3326,REQ,300823,APPROVE,2025-08-14 15:05:35,APPR.FM_MGR
3327,PO,500823,SUBMIT,2025-08-18 09:20:57,SYS_PRC_AUTOCREATE
3328,PO,500823,APPROVE,2025-08-19 14:28:20,APPR.FM_MGR
3329,REQ,300824,SUBMIT,2025-06-30 13:41:03,J.THOMAS
3330,REQ,300824,APPROVE,2025-07-01 10:24:28,APPR.OPS_MGR
3331,PO,500824,SUBMIT,2025-07-02 13:07:39,SYS_PRC_AUTOCREATE
3332,PO,500824,APPROVE,2025-07-07 09:02:53,APPR.OPS_MGR
3333,PO,500825,SUBMIT,2026-07-03 13:56:28,BUYER.OMAR
3334,PO,500825,APPROVE,2026-07-06 10:10:18,APPR.HQ_MGR
3335,REQ,300826,SUBMIT,2025-11-18 13:19:29,S.HASSAN
3336,REQ,300826,APPROVE,2025-11-19 09:22:06,APPR.HQ_MGR
3337,PO,500826,SUBMIT,2025-11-21 14:34:09,SYS_PRC_AUTOCREATE
3338,PO,500826,APPROVE,2025-11-24 09:25:09,APPR.HQ_MGR
3339,PO,500826,APPROVE,2025-12-03 10:08:32,APPR.CFO
3340,REQ,300827,SUBMIT,2025-11-03 12:38:05,L.NAIR
3341,REQ,300827,APPROVE,2025-11-04 08:09:52,APPR.HQ_MGR
3342,PO,500827,SUBMIT,2025-11-05 09:36:59,SYS_PRC_AUTOCREATE
3343,PO,500827,APPROVE,2025-11-06 16:12:40,APPR.HQ_MGR
3344,REQ,300828,SUBMIT,2026-07-06 12:59:52,N.SAEED
3345,REQ,300828,APPROVE,2026-07-09 16:25:10,APPR.OPS_DIRECTOR
3346,PO,500828,SUBMIT,2026-07-10 12:47:33,BUYER.OMAR
3347,PO,500828,APPROVE,2026-07-13 10:59:31,APPR.OPS_MGR
3348,PO,500828,APPROVE,2026-07-14 17:48:53,APPR.CFO
3349,PO,500829,SUBMIT,2025-11-21 14:06:57,BUYER.OMAR
3350,PO,500829,APPROVE,2025-11-24 10:01:15,APPR.HQ_MGR
3351,REQ,300830,SUBMIT,2025-11-24 10:30:20,S.HASSAN
3352,REQ,300830,APPROVE,2025-11-25 10:44:59,APPR.HQ_MGR
3353,PO,500830,SUBMIT,2025-11-26 13:39:03,SYS_PRC_AUTOCREATE
3354,PO,500830,APPROVE,2025-11-26 14:42:38,APPR.HQ_MGR
3355,REQ,300831,SUBMIT,2025-05-28 08:57:44,A.KHAN
3356,REQ,300831,APPROVE,2025-05-30 10:26:44,APPR.OPS_MGR
3357,PO,500831,SUBMIT,2025-06-02 12:35:26,SYS_PRC_AUTOCREATE
3358,PO,500831,APPROVE,2025-06-04 09:03:22,APPR.OPS_MGR
3359,REQ,300832,SUBMIT,2026-02-24 08:39:46,F.ALI
3360,REQ,300832,APPROVE,2026-02-25 08:47:45,APPR.HQ_MGR
3361,PO,500832,SUBMIT,2026-02-26 13:40:24,BUYER.SARA
3362,PO,500832,APPROVE,2026-02-27 10:27:27,APPR.HQ_MGR
3363,REQ,300833,SUBMIT,2024-10-21 11:33:00,S.HASSAN
3364,REQ,300833,APPROVE,2024-10-21 17:00:23,APPR.HQ_MGR
3365,PO,500833,SUBMIT,2024-10-23 12:28:48,SYS_PRC_AUTOCREATE
3366,PO,500833,APPROVE,2024-10-25 08:04:14,APPR.HQ_MGR
3367,PO,500833,APPROVE,2024-10-25 17:35:50,APPR.CFO
3368,REQ,300834,SUBMIT,2024-12-27 10:56:19,R.MENON
3369,REQ,300834,APPROVE,2024-12-30 08:25:37,APPR.HQ_MGR
3370,PO,500834,SUBMIT,2025-01-03 16:14:08,SYS_PRC_AUTOCREATE
3371,PO,500834,APPROVE,2025-01-06 16:10:30,APPR.HQ_MGR
3372,REQ,300835,SUBMIT,2026-08-10 09:45:08,M.RAHMAN
3373,REQ,300835,APPROVE,2026-08-10 16:57:18,APPR.FM_MGR
3374,PO,500835,SUBMIT,2026-08-13 09:41:38,BUYER.PRIYA
3375,PO,500835,APPROVE,2026-08-14 10:12:39,APPR.FM_MGR
3376,PO,500835,APPROVE,2026-08-17 08:09:44,APPR.CFO
3377,REQ,300836,SUBMIT,2025-10-01 16:27:42,F.ALI
3378,REQ,300836,APPROVE,2025-10-06 13:34:05,APPR.OPS_DIRECTOR
3379,PO,500836,SUBMIT,2025-10-07 17:06:09,SYS_PRC_AUTOCREATE
3380,PO,500836,APPROVE,2025-10-08 13:36:28,APPR.OPS_MGR
3381,REQ,300837,SUBMIT,2025-03-13 13:13:55,F.ALI
3382,REQ,300837,APPROVE,2025-03-17 08:50:18,APPR.OPS_MGR
3383,PO,500837,SUBMIT,2025-03-18 11:01:14,SYS_PRC_AUTOCREATE
3384,PO,500837,APPROVE,2025-03-18 15:20:02,APPR.OPS_MGR
3385,REQ,300838,SUBMIT,2025-06-24 13:58:35,S.HASSAN
3386,REQ,300838,APPROVE,2025-06-26 13:00:47,APPR.HQ_MGR
3387,PO,500838,SUBMIT,2025-06-30 12:43:17,BUYER.SARA
3388,PO,500838,APPROVE,2025-07-01 10:53:42,APPR.HQ_MGR
3389,PO,500839,SUBMIT,2025-11-10 15:15:15,BUYER.OMAR
3390,PO,500839,APPROVE,2025-11-11 08:28:25,APPR.HQ_MGR
3391,PO,500840,SUBMIT,2026-05-04 15:01:44,BUYER.PRIYA
3392,PO,500840,APPROVE,2026-05-06 10:33:38,APPR.FM_MGR
3393,REQ,300841,SUBMIT,2026-04-13 11:34:23,A.KHAN
3394,REQ,300841,APPROVE,2026-04-14 10:37:24,APPR.OPS_MGR
3395,PO,500841,SUBMIT,2026-04-16 15:38:52,BUYER.SARA
3396,PO,500841,APPROVE,2026-04-17 09:22:54,APPR.OPS_MGR
3397,REQ,300842,SUBMIT,2025-09-01 14:12:42,J.THOMAS
3398,REQ,300842,APPROVE,2025-09-01 16:11:05,APPR.HQ_MGR
3399,PO,500842,SUBMIT,2025-09-04 12:04:47,BUYER.JAMES
3400,PO,500842,APPROVE,2025-09-08 08:07:29,APPR.HQ_MGR
3401,REQ,300843,SUBMIT,2025-03-17 16:42:13,A.KHAN
3402,REQ,300843,APPROVE,2025-03-18 10:33:32,APPR.FM_MGR
3403,PO,500843,SUBMIT,2025-03-19 10:35:11,SYS_PRC_AUTOCREATE
3404,PO,500843,APPROVE,2025-03-21 08:22:44,APPR.FM_MGR
3405,REQ,300844,SUBMIT,2025-03-31 16:41:17,M.RAHMAN
3406,REQ,300844,APPROVE,2025-04-02 08:45:47,APPR.HQ_MGR
3407,PO,500844,SUBMIT,2025-04-04 10:03:23,SYS_PRC_AUTOCREATE
3408,PO,500844,APPROVE,2025-04-07 09:32:55,APPR.HQ_MGR
3409,REQ,300845,SUBMIT,2026-02-10 13:01:12,N.SAEED
3410,REQ,300845,APPROVE,2026-02-10 16:12:45,APPR.HQ_MGR
3411,PO,500845,SUBMIT,2026-02-11 09:57:09,BUYER.OMAR
3412,PO,500845,APPROVE,2026-02-12 10:50:16,APPR.HQ_MGR
3413,REQ,300846,SUBMIT,2026-01-05 13:03:12,R.MENON
3414,REQ,300846,APPROVE,2026-01-07 11:59:19,APPR.FM_MGR
3415,PO,500846,SUBMIT,2026-01-08 09:15:25,BUYER.JAMES
3416,PO,500846,APPROVE,2026-01-09 08:11:59,APPR.FM_MGR
3417,PO,500846,APPROVE,2026-01-14 09:28:14,APPR.CFO
3418,PO,500846,CHANGE,2026-01-19 09:22:23,BUYER.JAMES
3419,PO,500846,APPROVE,2026-01-21 08:39:05,APPR.FM_MGR
3420,REQ,300847,SUBMIT,2025-12-18 16:47:01,A.KHAN
3421,REQ,300847,APPROVE,2025-12-19 08:19:08,APPR.FM_MGR
3422,PO,500847,SUBMIT,2025-12-23 10:02:50,BUYER.PRIYA
3423,PO,500847,APPROVE,2025-12-24 12:19:48,APPR.FM_MGR
3424,REQ,300848,SUBMIT,2024-12-02 16:11:07,A.KHAN
3425,REQ,300848,APPROVE,2024-12-03 11:53:17,APPR.FM_MGR
3426,PO,500848,SUBMIT,2024-12-04 15:45:40,BUYER.OMAR
3427,PO,500848,APPROVE,2024-12-06 09:11:29,APPR.FM_MGR
3428,REQ,300849,SUBMIT,2026-09-14 13:29:12,J.THOMAS
3429,REQ,300849,APPROVE,2026-09-15 08:04:11,APPR.FM_MGR
3430,PO,500849,SUBMIT,2026-09-16 12:17:39,BUYER.JAMES
3431,PO,500849,APPROVE,2026-09-16 15:15:28,APPR.FM_MGR
3432,REQ,300850,SUBMIT,2026-03-26 14:13:42,F.ALI
3433,REQ,300850,APPROVE,2026-03-27 08:04:56,APPR.FM_MGR
3434,PO,500850,SUBMIT,2026-03-30 13:19:39,SYS_PRC_AUTOCREATE
3435,PO,500850,APPROVE,2026-04-01 08:27:30,APPR.FM_MGR
3436,PO,500850,APPROVE,2026-04-06 08:33:01,APPR.CFO
3437,REQ,300851,SUBMIT,2025-10-23 09:21:23,L.NAIR
3438,REQ,300851,APPROVE,2025-10-24 10:39:24,APPR.FM_MGR
3439,PO,500851,SUBMIT,2025-10-27 11:43:26,BUYER.OMAR
3440,PO,500851,APPROVE,2025-10-27 12:29:37,APPR.FM_MGR
3441,REQ,300852,SUBMIT,2026-06-25 10:06:25,L.NAIR
3442,REQ,300852,APPROVE,2026-06-26 16:10:12,APPR.HQ_MGR
3443,PO,500852,SUBMIT,2026-06-29 17:09:18,BUYER.OMAR
3444,PO,500852,APPROVE,2026-06-30 09:44:28,APPR.HQ_MGR
3445,REQ,300853,SUBMIT,2026-09-09 14:52:05,F.ALI
3446,REQ,300853,APPROVE,2026-09-11 08:41:29,APPR.OPS_MGR
3447,PO,500853,SUBMIT,2026-09-14 11:56:30,BUYER.PRIYA
3448,PO,500853,APPROVE,2026-09-15 10:50:47,APPR.OPS_MGR
3449,PO,500853,CHANGE,2026-09-18 09:27:07,BUYER.PRIYA
3450,PO,500853,APPROVE,2026-09-21 10:35:34,APPR.OPS_MGR
3451,REQ,300854,SUBMIT,2026-05-06 10:37:21,F.ALI
3452,REQ,300854,APPROVE,2026-05-11 09:33:50,APPR.HQ_MGR
3453,PO,500854,SUBMIT,2026-05-12 08:50:51,SYS_PRC_AUTOCREATE
3454,PO,500854,APPROVE,2026-05-13 09:40:51,APPR.HQ_MGR
3455,PO,500855,SUBMIT,2025-08-27 14:48:45,BUYER.PRIYA
3456,PO,500855,APPROVE,2025-08-28 10:06:12,APPR.FM_MGR
3457,REQ,300856,SUBMIT,2026-02-13 17:21:51,A.KHAN
3458,REQ,300856,APPROVE,2026-02-16 12:25:47,APPR.FM_MGR
3459,PO,500856,SUBMIT,2026-02-17 11:44:34,BUYER.OMAR
3460,PO,500856,APPROVE,2026-02-18 09:07:45,APPR.FM_MGR
3461,REQ,300857,SUBMIT,2025-02-26 16:29:05,F.ALI
3462,REQ,300857,APPROVE,2025-02-27 14:36:11,APPR.FM_MGR
3463,PO,500857,SUBMIT,2025-03-03 09:44:55,BUYER.JAMES
3464,PO,500857,APPROVE,2025-03-04 08:51:22,APPR.FM_MGR
3465,REQ,300858,SUBMIT,2025-05-12 16:14:18,A.KHAN
3466,REQ,300858,APPROVE,2025-05-13 10:19:55,APPR.FM_MGR
3467,PO,500858,SUBMIT,2025-05-16 14:14:53,BUYER.PRIYA
3468,PO,500858,APPROVE,2025-05-19 09:11:36,APPR.FM_MGR
3469,REQ,300859,SUBMIT,2026-07-13 12:07:11,R.MENON
3470,REQ,300859,APPROVE,2026-07-20 10:30:47,APPR.OPS_DIRECTOR
3471,PO,500859,SUBMIT,2026-07-23 13:33:48,SYS_PRC_AUTOCREATE
3472,PO,500859,APPROVE,2026-07-27 08:13:52,APPR.OPS_MGR
3473,REQ,300860,SUBMIT,2026-08-28 08:13:27,F.ALI
3474,REQ,300860,APPROVE,2026-08-31 09:57:23,APPR.HQ_MGR
3475,PO,500860,SUBMIT,2026-09-02 09:58:29,BUYER.PRIYA
3476,PO,500860,APPROVE,2026-09-02 13:47:13,APPR.HQ_MGR
3477,REQ,300861,SUBMIT,2026-02-24 08:33:41,A.KHAN
3478,REQ,300861,APPROVE,2026-02-26 10:29:22,APPR.FM_MGR
3479,PO,500861,SUBMIT,2026-02-27 12:33:35,SYS_PRC_AUTOCREATE
3480,PO,500861,APPROVE,2026-03-02 09:49:14,APPR.FM_MGR
3481,REQ,300862,SUBMIT,2024-12-13 13:09:06,R.MENON
3482,REQ,300862,APPROVE,2024-12-16 09:21:48,APPR.HQ_MGR
3483,PO,500862,SUBMIT,2024-12-19 09:21:40,BUYER.JAMES
3484,PO,500862,APPROVE,2024-12-19 11:52:35,APPR.HQ_MGR
3485,REQ,300863,SUBMIT,2026-03-17 12:22:28,N.SAEED
3486,REQ,300863,APPROVE,2026-03-18 10:06:41,APPR.HQ_MGR
3487,PO,500863,SUBMIT,2026-03-20 12:50:35,BUYER.JAMES
3488,PO,500863,APPROVE,2026-03-20 16:17:28,APPR.HQ_MGR
3489,PO,500864,SUBMIT,2025-07-21 14:06:53,BUYER.PRIYA
3490,PO,500864,APPROVE,2025-07-23 10:26:38,APPR.FM_MGR
3491,PO,500864,CHANGE,2025-07-28 16:59:53,BUYER.PRIYA
3492,PO,500864,APPROVE,2025-07-29 08:17:44,APPR.FM_MGR
3493,REQ,300865,SUBMIT,2025-02-26 08:09:56,L.NAIR
3494,REQ,300865,APPROVE,2025-02-27 08:17:55,APPR.HQ_MGR
3495,PO,500865,SUBMIT,2025-03-03 12:54:54,BUYER.PRIYA
3496,PO,500865,APPROVE,2025-03-05 09:02:47,APPR.HQ_MGR
3497,REQ,300866,SUBMIT,2025-01-15 12:34:28,F.ALI
3498,REQ,300866,APPROVE,2025-01-15 16:39:36,APPR.FM_MGR
3499,PO,500866,SUBMIT,2025-01-17 11:03:14,SYS_PRC_AUTOCREATE
3500,PO,500866,APPROVE,2025-01-20 12:38:41,APPR.FM_MGR
3501,REQ,300867,SUBMIT,2024-12-24 10:04:00,F.ALI
3502,REQ,300867,APPROVE,2024-12-25 08:48:22,APPR.HQ_MGR
3503,PO,500867,SUBMIT,2024-12-26 14:31:51,BUYER.PRIYA
3504,PO,500867,APPROVE,2024-12-27 13:41:24,APPR.HQ_MGR
3505,PO,500868,SUBMIT,2024-10-21 09:18:49,BUYER.OMAR
3506,PO,500868,APPROVE,2024-10-22 10:14:00,APPR.HQ_MGR
3507,PO,500868,APPROVE,2024-10-28 10:26:59,APPR.CFO
3508,REQ,300869,SUBMIT,2025-07-10 09:31:15,A.KHAN
3509,REQ,300869,APPROVE,2025-07-11 10:45:02,APPR.HQ_MGR
3510,PO,500869,SUBMIT,2025-07-14 12:11:42,SYS_PRC_AUTOCREATE
3511,PO,500869,APPROVE,2025-07-16 08:36:02,APPR.HQ_MGR
3512,PO,500870,SUBMIT,2024-12-31 09:57:58,BUYER.JAMES
3513,PO,500870,APPROVE,2025-01-02 13:08:30,APPR.HQ_MGR
3514,REQ,300871,SUBMIT,2026-08-28 14:06:02,M.RAHMAN
3515,REQ,300871,APPROVE,2026-08-31 08:09:40,APPR.HQ_MGR
3516,PO,500871,SUBMIT,2026-09-02 08:32:02,BUYER.SARA
3517,PO,500871,APPROVE,2026-09-02 14:57:43,APPR.HQ_MGR
3518,REQ,300872,SUBMIT,2025-08-11 11:59:31,N.SAEED
3519,REQ,300872,APPROVE,2025-08-12 09:55:02,APPR.FM_MGR
3520,PO,500872,SUBMIT,2025-08-13 13:55:08,SYS_PRC_AUTOCREATE
3521,PO,500872,APPROVE,2025-08-14 09:22:41,APPR.FM_MGR
3522,PO,500872,APPROVE,2025-08-15 10:42:44,APPR.CFO
3523,PO,500872,CHANGE,2025-08-25 10:44:01,BUYER.PRIYA
3524,PO,500872,APPROVE,2025-08-25 16:36:51,APPR.FM_MGR
3525,REQ,300873,SUBMIT,2024-12-12 11:59:18,R.MENON
3526,REQ,300873,REJECT,2024-12-13 11:53:11,APPR.HQ_MGR
3527,REQ,300873,SUBMIT,2024-12-16 09:59:11,R.MENON
3528,REQ,300873,APPROVE,2024-12-17 08:11:03,APPR.HQ_MGR
3529,PO,500873,SUBMIT,2024-12-18 17:25:10,BUYER.PRIYA
3530,PO,500873,APPROVE,2024-12-20 08:54:20,APPR.HQ_MGR
3531,PO,500873,CHANGE,2024-12-23 16:15:12,BUYER.PRIYA
3532,PO,500873,APPROVE,2024-12-25 15:11:10,APPR.HQ_MGR
3533,REQ,300874,SUBMIT,2026-05-11 13:47:33,S.HASSAN
3534,REQ,300874,APPROVE,2026-05-13 08:34:01,APPR.FM_MGR
3535,PO,500874,SUBMIT,2026-05-14 16:33:30,SYS_PRC_AUTOCREATE
3536,PO,500874,APPROVE,2026-05-15 17:13:05,APPR.FM_MGR
3537,REQ,300875,SUBMIT,2025-06-06 14:48:40,F.ALI
3538,REQ,300875,APPROVE,2025-06-09 10:36:15,APPR.HQ_MGR
3539,REQ,300876,SUBMIT,2025-04-17 12:39:48,J.THOMAS
3540,REQ,300876,APPROVE,2025-04-18 08:22:23,APPR.FM_MGR
3541,PO,500876,SUBMIT,2025-04-21 15:50:30,SYS_PRC_AUTOCREATE
3542,PO,500876,APPROVE,2025-04-23 08:12:31,APPR.FM_MGR
3543,REQ,300877,SUBMIT,2026-04-29 10:18:58,M.RAHMAN
3544,REQ,300877,APPROVE,2026-04-30 10:13:24,APPR.OPS_MGR
3545,PO,500877,SUBMIT,2026-04-30 12:48:41,SYS_PRC_AUTOCREATE
3546,PO,500877,APPROVE,2026-05-01 10:53:56,APPR.OPS_MGR
3547,REQ,300878,SUBMIT,2025-11-06 12:02:37,J.THOMAS
3548,REQ,300878,APPROVE,2025-11-07 09:42:28,APPR.FM_MGR
3549,PO,500878,SUBMIT,2025-11-10 13:59:26,BUYER.OMAR
3550,PO,500878,APPROVE,2025-11-11 09:43:45,APPR.FM_MGR
3551,REQ,300879,SUBMIT,2026-01-30 15:00:19,F.ALI
3552,REQ,300879,APPROVE,2026-02-02 17:14:19,APPR.HQ_MGR
3553,PO,500879,SUBMIT,2026-02-05 17:40:46,BUYER.SARA
3554,PO,500879,APPROVE,2026-02-06 10:25:06,APPR.HQ_MGR
3555,REQ,300880,SUBMIT,2026-08-26 09:33:25,S.HASSAN
3556,REQ,300880,APPROVE,2026-08-27 17:03:56,APPR.HQ_MGR
3557,PO,500880,SUBMIT,2026-08-31 10:18:15,BUYER.PRIYA
3558,PO,500880,APPROVE,2026-09-04 10:23:37,APPR.HQ_MGR
3559,PO,500880,APPROVE,2026-09-09 09:35:35,APPR.CFO
3560,PO,500881,SUBMIT,2026-05-11 14:47:52,BUYER.PRIYA
3561,PO,500881,APPROVE,2026-05-13 15:01:57,APPR.HQ_MGR
3562,PO,500882,SUBMIT,2025-07-16 12:51:05,BUYER.OMAR
3563,PO,500882,APPROVE,2025-07-17 12:45:58,APPR.FM_MGR
3564,PO,500882,APPROVE,2025-07-23 09:17:09,APPR.CFO
3565,REQ,300883,SUBMIT,2026-06-18 09:26:16,S.HASSAN
3566,REQ,300883,APPROVE,2026-06-22 10:24:24,APPR.FM_MGR
3567,PO,500883,SUBMIT,2026-06-25 10:14:43,SYS_PRC_AUTOCREATE
3568,PO,500883,APPROVE,2026-06-25 10:19:53,APPR.FM_MGR
3569,REQ,300884,SUBMIT,2026-04-02 08:57:10,A.KHAN
3570,REQ,300884,APPROVE,2026-04-03 08:32:48,APPR.FM_MGR
3571,PO,500884,SUBMIT,2026-04-07 09:42:08,SYS_PRC_AUTOCREATE
3572,PO,500884,APPROVE,2026-04-07 16:20:42,APPR.FM_MGR
3573,REQ,300885,SUBMIT,2025-05-19 17:10:19,R.MENON
3574,REQ,300885,APPROVE,2025-05-20 08:13:08,APPR.FM_MGR
3575,PO,500885,SUBMIT,2025-05-21 09:38:19,BUYER.JAMES
3576,PO,500885,APPROVE,2025-05-23 08:39:48,APPR.FM_MGR
3577,PO,500885,APPROVE,2025-05-27 16:45:24,APPR.CFO
3578,REQ,300886,SUBMIT,2026-05-21 10:17:28,N.SAEED
3579,REQ,300886,APPROVE,2026-05-22 15:41:23,APPR.HQ_MGR
3580,PO,500886,SUBMIT,2026-05-25 16:18:35,SYS_PRC_AUTOCREATE
3581,PO,500886,APPROVE,2026-05-28 09:34:16,APPR.HQ_MGR
3582,REQ,300887,SUBMIT,2026-08-12 11:22:38,F.ALI
3583,REQ,300887,APPROVE,2026-08-13 15:25:32,APPR.OPS_MGR
3584,PO,500887,SUBMIT,2026-08-18 10:31:47,BUYER.SARA
3585,PO,500887,APPROVE,2026-08-19 11:25:32,APPR.OPS_MGR
3586,REQ,300888,SUBMIT,2026-05-06 13:27:53,M.RAHMAN
3587,REQ,300888,APPROVE,2026-05-06 16:57:51,APPR.HQ_MGR
3588,PO,500888,SUBMIT,2026-05-12 10:18:36,SYS_PRC_AUTOCREATE
3589,PO,500888,APPROVE,2026-05-13 08:31:03,APPR.HQ_MGR
3590,PO,500888,CHANGE,2026-05-15 10:53:44,BUYER.SARA
3591,PO,500888,APPROVE,2026-05-18 11:27:42,APPR.HQ_MGR
3592,REQ,300889,SUBMIT,2026-05-18 09:30:38,S.HASSAN
3593,REQ,300889,REJECT,2026-06-12 10:20:39,APPR.OPS_DIRECTOR
3594,REQ,300889,SUBMIT,2026-06-15 10:18:56,S.HASSAN
3595,REQ,300889,APPROVE,2026-06-22 13:15:00,APPR.OPS_DIRECTOR
3596,PO,500889,SUBMIT,2026-06-25 10:28:16,BUYER.OMAR
3597,PO,500889,APPROVE,2026-06-26 08:42:06,APPR.OPS_MGR
3598,PO,500889,APPROVE,2026-06-29 09:08:33,APPR.CFO
3599,REQ,300890,SUBMIT,2025-03-20 12:44:04,R.MENON
3600,REQ,300890,APPROVE,2025-03-21 08:47:03,APPR.HQ_MGR
3601,PO,500890,SUBMIT,2025-03-24 17:40:59,SYS_PRC_AUTOCREATE
3602,PO,500890,APPROVE,2025-03-26 08:11:55,APPR.HQ_MGR
3603,REQ,300891,SUBMIT,2026-04-02 10:39:16,F.ALI
3604,REQ,300891,APPROVE,2026-04-06 09:52:32,APPR.OPS_DIRECTOR
3605,PO,500891,SUBMIT,2026-04-08 12:05:26,SYS_PRC_AUTOCREATE
3606,PO,500891,APPROVE,2026-04-09 17:34:41,APPR.OPS_MGR
3607,PO,500892,SUBMIT,2026-04-27 11:25:06,BUYER.JAMES
3608,PO,500892,APPROVE,2026-04-29 10:27:44,APPR.HQ_MGR
3609,REQ,300893,SUBMIT,2026-07-16 16:16:15,F.ALI
3610,REQ,300893,APPROVE,2026-07-17 08:14:35,APPR.FM_MGR
3611,REQ,300894,SUBMIT,2024-10-25 14:16:12,A.KHAN
3612,REQ,300894,APPROVE,2024-10-28 12:54:41,APPR.HQ_MGR
3613,PO,500894,SUBMIT,2024-10-31 09:32:21,BUYER.PRIYA
3614,PO,500894,APPROVE,2024-10-31 15:08:40,APPR.HQ_MGR
3615,REQ,300895,SUBMIT,2024-10-28 13:44:57,L.NAIR
3616,REQ,300895,APPROVE,2024-10-30 09:21:36,APPR.HQ_MGR
3617,PO,500895,SUBMIT,2024-11-04 10:33:32,SYS_PRC_AUTOCREATE
3618,PO,500895,APPROVE,2024-11-05 10:53:55,APPR.HQ_MGR
3619,PO,500895,CHANGE,2024-11-11 10:59:18,BUYER.JAMES
3620,PO,500895,APPROVE,2024-11-12 09:27:42,APPR.HQ_MGR
3621,REQ,300896,SUBMIT,2025-12-08 17:46:10,N.SAEED
3622,REQ,300896,APPROVE,2025-12-11 11:14:41,APPR.FM_MGR
3623,PO,500896,SUBMIT,2025-12-12 14:20:14,SYS_PRC_AUTOCREATE
3624,PO,500896,APPROVE,2025-12-15 14:54:25,APPR.FM_MGR
3625,REQ,300897,SUBMIT,2025-01-06 12:33:36,S.HASSAN
3626,REQ,300897,APPROVE,2025-01-08 17:28:14,APPR.FM_MGR
3627,PO,500897,SUBMIT,2025-01-10 16:33:14,BUYER.JAMES
3628,PO,500897,APPROVE,2025-01-13 13:37:04,APPR.FM_MGR
3629,REQ,300898,SUBMIT,2025-01-15 09:22:20,F.ALI
3630,REQ,300898,APPROVE,2025-01-16 08:02:59,APPR.HQ_MGR
3631,PO,500898,SUBMIT,2025-01-17 13:31:17,SYS_PRC_AUTOCREATE
3632,PO,500898,APPROVE,2025-01-20 10:30:44,APPR.HQ_MGR
3633,REQ,300899,SUBMIT,2025-10-31 09:22:44,M.RAHMAN
3634,REQ,300899,APPROVE,2025-11-03 16:25:20,APPR.HQ_MGR
3635,PO,500899,SUBMIT,2025-11-05 11:45:13,BUYER.SARA
3636,PO,500899,APPROVE,2025-11-06 09:24:18,APPR.HQ_MGR
3637,PO,500900,SUBMIT,2026-04-02 15:50:01,BUYER.PRIYA
3638,PO,500900,APPROVE,2026-04-03 16:51:44,APPR.HQ_MGR
3639,PO,500900,CHANGE,2026-04-10 09:14:36,BUYER.PRIYA
3640,PO,500900,APPROVE,2026-04-14 10:09:55,APPR.HQ_MGR
3641,REQ,300901,SUBMIT,2025-12-16 17:12:08,A.KHAN
3642,REQ,300901,APPROVE,2025-12-17 09:18:21,APPR.FM_MGR
3643,PO,500901,SUBMIT,2025-12-19 12:00:05,SYS_PRC_AUTOCREATE
3644,PO,500901,APPROVE,2025-12-22 10:08:52,APPR.FM_MGR
3645,PO,500901,CHANGE,2025-12-24 09:27:25,BUYER.PRIYA
3646,PO,500901,APPROVE,2025-12-29 09:17:49,APPR.FM_MGR
3647,PO,500902,SUBMIT,2026-02-27 09:29:27,BUYER.JAMES
3648,PO,500902,APPROVE,2026-03-02 08:44:41,APPR.OPS_MGR
3649,REQ,300903,SUBMIT,2026-04-03 17:36:08,A.KHAN
3650,REQ,300903,APPROVE,2026-04-06 10:01:28,APPR.OPS_MGR
3651,PO,500903,SUBMIT,2026-04-08 09:22:33,SYS_PRC_AUTOCREATE
3652,PO,500903,APPROVE,2026-04-09 09:46:28,APPR.OPS_MGR
3653,REQ,300904,SUBMIT,2024-12-23 11:04:41,N.SAEED
3654,REQ,300904,APPROVE,2024-12-25 08:07:00,APPR.HQ_MGR
3655,PO,500904,SUBMIT,2024-12-26 17:53:29,SYS_PRC_AUTOCREATE
3656,PO,500904,APPROVE,2024-12-27 11:49:19,APPR.HQ_MGR
3657,REQ,300905,SUBMIT,2024-12-03 08:27:48,J.THOMAS
3658,REQ,300905,REJECT,2024-12-05 10:14:34,APPR.HQ_MGR
3659,REQ,300905,SUBMIT,2024-12-06 13:08:24,J.THOMAS
3660,REQ,300905,APPROVE,2024-12-09 08:18:12,APPR.HQ_MGR
3661,PO,500905,SUBMIT,2024-12-10 14:50:43,BUYER.SARA
3662,PO,500905,APPROVE,2024-12-12 08:45:09,APPR.HQ_MGR
3663,PO,500906,SUBMIT,2025-04-24 14:34:23,BUYER.SARA
3664,PO,500906,APPROVE,2025-04-25 08:18:04,APPR.OPS_MGR
3665,REQ,300907,SUBMIT,2025-06-23 12:11:45,J.THOMAS
3666,REQ,300907,REJECT,2025-06-24 09:51:36,APPR.HQ_MGR
3667,REQ,300907,SUBMIT,2025-06-25 08:04:51,J.THOMAS
3668,REQ,300907,APPROVE,2025-06-26 08:42:09,APPR.HQ_MGR
3669,PO,500907,SUBMIT,2025-06-30 08:21:26,BUYER.OMAR
3670,PO,500907,APPROVE,2025-06-30 14:30:49,APPR.HQ_MGR
3671,PO,500907,APPROVE,2025-07-02 11:45:30,APPR.CFO
3672,REQ,300908,SUBMIT,2025-12-03 16:36:19,R.MENON
3673,REQ,300908,APPROVE,2025-12-09 10:33:07,APPR.OPS_DIRECTOR
3674,PO,500908,SUBMIT,2025-12-12 10:22:28,SYS_PRC_AUTOCREATE
3675,PO,500908,APPROVE,2025-12-12 13:58:43,APPR.OPS_MGR
3676,REQ,300909,SUBMIT,2026-03-16 14:07:54,N.SAEED
3677,REQ,300909,APPROVE,2026-03-20 10:51:40,APPR.FM_MGR
3678,PO,500909,SUBMIT,2026-03-23 17:51:41,SYS_PRC_AUTOCREATE
3679,PO,500909,APPROVE,2026-03-25 09:59:25,APPR.FM_MGR
3680,PO,500909,APPROVE,2026-03-30 09:52:07,APPR.CFO
3681,REQ,300910,SUBMIT,2026-05-15 16:20:57,N.SAEED
3682,REQ,300910,APPROVE,2026-05-18 08:32:52,APPR.OPS_MGR
3683,PO,500910,SUBMIT,2026-05-21 12:20:00,BUYER.SARA
3684,PO,500910,APPROVE,2026-05-22 09:17:07,APPR.OPS_MGR
3685,REQ,300911,SUBMIT,2025-11-24 09:47:27,J.THOMAS
3686,REQ,300911,REJECT,2025-11-28 17:37:06,APPR.OPS_DIRECTOR
3687,REQ,300911,SUBMIT,2025-12-01 09:45:49,J.THOMAS
3688,REQ,300911,APPROVE,2025-12-08 14:54:39,APPR.OPS_DIRECTOR
3689,PO,500911,SUBMIT,2025-12-09 13:22:11,SYS_PRC_AUTOCREATE
3690,PO,500911,APPROVE,2025-12-10 13:57:05,APPR.OPS_MGR
3691,REQ,300912,SUBMIT,2026-06-22 11:43:14,M.RAHMAN
3692,REQ,300912,APPROVE,2026-06-25 09:16:07,APPR.OPS_DIRECTOR
3693,PO,500912,SUBMIT,2026-06-26 11:20:40,BUYER.SARA
3694,PO,500912,APPROVE,2026-06-29 08:45:01,APPR.OPS_MGR
3695,PO,500913,SUBMIT,2025-10-01 11:38:07,BUYER.OMAR
3696,PO,500913,APPROVE,2025-10-03 10:45:21,APPR.FM_MGR
3697,REQ,300914,SUBMIT,2025-01-06 14:46:04,N.SAEED
3698,REQ,300914,REJECT,2025-01-07 10:44:03,APPR.HQ_MGR
3699,REQ,300914,SUBMIT,2025-01-08 08:24:22,N.SAEED
3700,REQ,300914,APPROVE,2025-01-09 09:16:58,APPR.HQ_MGR
3701,PO,500914,SUBMIT,2025-01-10 10:36:39,BUYER.JAMES
3702,PO,500914,APPROVE,2025-01-13 09:35:12,APPR.HQ_MGR
3703,REQ,300915,SUBMIT,2025-08-08 15:33:59,A.KHAN
3704,REQ,300915,APPROVE,2025-08-11 08:30:58,APPR.HQ_MGR
3705,PO,500915,SUBMIT,2025-08-13 17:49:54,BUYER.SARA
3706,PO,500915,APPROVE,2025-08-15 12:45:35,APPR.HQ_MGR
3707,REQ,300916,SUBMIT,2026-09-14 10:23:51,J.THOMAS
3708,REQ,300916,REJECT,2026-09-15 16:44:30,APPR.HQ_MGR
3709,REQ,300916,SUBMIT,2026-09-18 10:26:00,J.THOMAS
3710,REQ,300916,APPROVE,2026-09-18 13:40:36,APPR.HQ_MGR
3711,PO,500916,SUBMIT,2026-09-21 14:17:50,SYS_PRC_AUTOCREATE
3712,PO,500916,APPROVE,2026-09-23 11:42:00,APPR.HQ_MGR
3713,REQ,300917,SUBMIT,2025-12-29 10:56:06,R.MENON
3714,REQ,300917,APPROVE,2025-12-30 09:52:06,APPR.FM_MGR
3715,PO,500917,SUBMIT,2026-01-02 10:01:37,BUYER.SARA
3716,PO,500917,APPROVE,2026-01-05 09:45:07,APPR.FM_MGR
3717,PO,500918,SUBMIT,2025-09-16 08:28:13,BUYER.SARA
3718,PO,500918,APPROVE,2025-09-17 09:07:03,APPR.OPS_MGR
3719,REQ,300919,SUBMIT,2026-03-02 15:00:37,R.MENON
3720,REQ,300919,APPROVE,2026-03-03 08:31:56,APPR.FM_MGR
3721,PO,500919,SUBMIT,2026-03-05 17:01:43,BUYER.OMAR
3722,PO,500919,APPROVE,2026-03-06 09:18:37,APPR.FM_MGR
3723,REQ,300920,SUBMIT,2026-09-02 09:33:10,R.MENON
3724,REQ,300920,APPROVE,2026-09-04 10:10:08,APPR.OPS_MGR
3725,PO,500920,SUBMIT,2026-09-08 09:39:52,BUYER.OMAR
3726,PO,500920,APPROVE,2026-09-09 08:29:33,APPR.OPS_MGR
3727,REQ,300921,SUBMIT,2026-05-05 08:37:13,R.MENON
3728,REQ,300921,APPROVE,2026-05-06 15:13:02,APPR.OPS_MGR
3729,PO,500921,SUBMIT,2026-05-07 17:48:27,SYS_PRC_AUTOCREATE
3730,PO,500921,APPROVE,2026-05-08 12:33:12,APPR.OPS_MGR
3731,REQ,300922,SUBMIT,2026-01-22 11:03:31,J.THOMAS
3732,REQ,300922,APPROVE,2026-01-23 09:33:59,APPR.HQ_MGR
3733,PO,500922,SUBMIT,2026-01-27 08:13:57,BUYER.PRIYA
3734,PO,500922,APPROVE,2026-01-27 16:41:49,APPR.HQ_MGR
3735,PO,500923,SUBMIT,2025-04-11 13:09:09,BUYER.JAMES
3736,PO,500923,APPROVE,2025-04-14 09:23:44,APPR.OPS_MGR
3737,PO,500924,SUBMIT,2025-01-27 10:27:21,BUYER.SARA
3738,PO,500924,APPROVE,2025-01-29 10:44:29,APPR.HQ_MGR
3739,PO,500924,CHANGE,2025-02-03 16:13:48,BUYER.SARA
3740,PO,500924,APPROVE,2025-02-04 10:45:12,APPR.HQ_MGR
3741,REQ,300925,SUBMIT,2025-05-20 09:41:51,A.KHAN
3742,REQ,300925,APPROVE,2025-05-20 15:48:07,APPR.FM_MGR
3743,PO,500925,SUBMIT,2025-05-21 12:42:06,SYS_PRC_AUTOCREATE
3744,PO,500925,APPROVE,2025-05-22 09:38:24,APPR.FM_MGR
3745,PO,500926,SUBMIT,2026-08-05 11:13:37,BUYER.JAMES
3746,PO,500926,APPROVE,2026-08-05 15:43:38,APPR.FM_MGR
3747,PO,500927,SUBMIT,2025-07-30 08:26:41,BUYER.PRIYA
3748,PO,500927,APPROVE,2025-07-31 09:27:45,APPR.OPS_MGR
3749,REQ,300928,SUBMIT,2024-11-29 12:26:32,M.RAHMAN
3750,REQ,300928,APPROVE,2024-12-12 09:11:08,APPR.OPS_DIRECTOR
3751,PO,500928,SUBMIT,2024-12-17 08:27:10,SYS_PRC_AUTOCREATE
3752,PO,500928,APPROVE,2024-12-19 08:15:35,APPR.OPS_MGR
3753,REQ,300929,SUBMIT,2026-07-22 09:14:12,F.ALI
3754,REQ,300929,APPROVE,2026-07-24 10:51:47,APPR.FM_MGR
3755,PO,500929,SUBMIT,2026-07-27 14:22:43,BUYER.OMAR
3756,PO,500929,APPROVE,2026-07-29 10:58:58,APPR.FM_MGR
3757,PO,500929,APPROVE,2026-07-30 08:05:09,APPR.CFO
3758,REQ,300930,SUBMIT,2025-04-21 11:52:05,L.NAIR
3759,REQ,300930,APPROVE,2025-04-22 12:27:00,APPR.FM_MGR
3760,PO,500930,SUBMIT,2025-04-24 14:46:47,BUYER.PRIYA
3761,PO,500930,APPROVE,2025-04-25 08:42:23,APPR.FM_MGR
3762,REQ,300931,SUBMIT,2026-02-13 09:42:40,F.ALI
3763,REQ,300931,APPROVE,2026-02-16 10:48:31,APPR.HQ_MGR
3764,PO,500931,SUBMIT,2026-02-19 12:48:06,SYS_PRC_AUTOCREATE
3765,PO,500931,APPROVE,2026-02-20 10:15:26,APPR.HQ_MGR
3766,REQ,300932,SUBMIT,2026-05-28 14:52:13,N.SAEED
3767,REQ,300932,APPROVE,2026-06-01 08:36:18,APPR.OPS_DIRECTOR
3768,PO,500932,SUBMIT,2026-06-04 10:06:19,SYS_PRC_AUTOCREATE
3769,PO,500932,APPROVE,2026-06-05 08:24:43,APPR.OPS_MGR
3770,REQ,300933,SUBMIT,2025-09-01 12:54:00,S.HASSAN
3771,REQ,300933,APPROVE,2025-09-02 15:16:55,APPR.OPS_MGR
3772,PO,500933,SUBMIT,2025-09-05 16:55:16,SYS_PRC_AUTOCREATE
3773,PO,500933,APPROVE,2025-09-08 10:44:16,APPR.OPS_MGR
3774,REQ,300934,SUBMIT,2026-02-23 13:27:08,R.MENON
3775,REQ,300934,APPROVE,2026-02-24 09:11:21,APPR.HQ_MGR
3776,PO,500934,SUBMIT,2026-02-26 09:37:30,SYS_PRC_AUTOCREATE
3777,PO,500934,APPROVE,2026-02-26 13:54:22,APPR.HQ_MGR
3778,PO,500935,SUBMIT,2026-01-06 11:36:16,BUYER.PRIYA
3779,PO,500935,APPROVE,2026-01-07 09:18:59,APPR.FM_MGR
3780,PO,500935,CHANGE,2026-01-08 11:59:44,BUYER.PRIYA
3781,PO,500935,APPROVE,2026-01-09 09:26:47,APPR.FM_MGR
3782,REQ,300936,SUBMIT,2025-12-22 11:32:54,F.ALI
3783,REQ,300936,APPROVE,2025-12-23 11:01:30,APPR.OPS_MGR
3784,PO,500936,SUBMIT,2025-12-26 09:34:44,BUYER.SARA
3785,PO,500936,APPROVE,2025-12-29 09:11:41,APPR.OPS_MGR
3786,REQ,300937,SUBMIT,2025-03-04 15:35:36,F.ALI
3787,REQ,300937,APPROVE,2025-03-05 08:50:58,APPR.HQ_MGR
3788,PO,500937,SUBMIT,2025-03-07 13:27:24,BUYER.PRIYA
3789,PO,500937,APPROVE,2025-03-10 09:57:04,APPR.HQ_MGR
3790,PO,500938,SUBMIT,2025-01-02 13:46:55,BUYER.JAMES
3791,PO,500938,APPROVE,2025-01-03 13:09:10,APPR.OPS_MGR
3792,REQ,300939,SUBMIT,2026-05-12 11:57:05,F.ALI
3793,REQ,300939,APPROVE,2026-05-15 08:22:34,APPR.OPS_DIRECTOR
3794,PO,500939,SUBMIT,2026-05-18 14:20:14,BUYER.SARA
3795,PO,500939,APPROVE,2026-05-20 09:00:48,APPR.OPS_MGR
3796,REQ,300940,SUBMIT,2026-08-21 09:54:43,L.NAIR
3797,REQ,300940,APPROVE,2026-08-24 09:13:29,APPR.HQ_MGR
3798,REQ,300941,SUBMIT,2026-05-07 09:13:57,N.SAEED
3799,REQ,300941,APPROVE,2026-05-07 14:36:13,APPR.HQ_MGR
3800,PO,500941,SUBMIT,2026-05-11 10:16:14,BUYER.JAMES
3801,PO,500941,APPROVE,2026-05-12 17:37:07,APPR.HQ_MGR
3802,REQ,300942,SUBMIT,2025-01-24 11:35:42,M.RAHMAN
3803,REQ,300942,APPROVE,2025-01-27 08:48:00,APPR.HQ_MGR
3804,PO,500942,SUBMIT,2025-01-29 15:59:55,SYS_PRC_AUTOCREATE
3805,PO,500942,APPROVE,2025-01-31 10:28:33,APPR.HQ_MGR
3806,PO,500943,SUBMIT,2026-03-09 11:17:46,BUYER.PRIYA
3807,PO,500943,APPROVE,2026-03-10 10:44:22,APPR.FM_MGR
3808,REQ,300944,SUBMIT,2025-12-08 16:18:27,S.HASSAN
3809,REQ,300944,APPROVE,2025-12-18 08:30:18,APPR.OPS_DIRECTOR
3810,PO,500944,SUBMIT,2025-12-19 11:30:22,BUYER.SARA
3811,PO,500944,APPROVE,2025-12-22 11:26:34,APPR.OPS_MGR
3812,PO,500944,APPROVE,2025-12-25 16:51:44,APPR.CFO
3813,REQ,300945,SUBMIT,2025-03-03 13:27:57,A.KHAN
3814,REQ,300945,APPROVE,2025-03-10 10:24:23,APPR.OPS_DIRECTOR
3815,PO,500945,SUBMIT,2025-03-11 12:03:32,BUYER.OMAR
3816,PO,500945,APPROVE,2025-03-12 08:13:20,APPR.OPS_MGR
3817,REQ,300946,SUBMIT,2026-08-14 15:43:27,M.RAHMAN
3818,REQ,300946,APPROVE,2026-08-17 08:00:43,APPR.HQ_MGR
3819,PO,500946,SUBMIT,2026-08-19 08:12:44,SYS_PRC_AUTOCREATE
3820,PO,500946,APPROVE,2026-08-21 09:06:15,APPR.HQ_MGR
3821,REQ,300947,SUBMIT,2025-12-25 10:36:33,M.RAHMAN
3822,REQ,300947,APPROVE,2025-12-29 10:35:55,APPR.OPS_MGR
3823,PO,500947,SUBMIT,2026-01-02 12:08:04,BUYER.PRIYA
3824,PO,500947,APPROVE,2026-01-05 08:18:26,APPR.OPS_MGR
3825,REQ,300948,SUBMIT,2024-10-09 10:21:57,F.ALI
3826,REQ,300948,APPROVE,2024-10-10 16:37:49,APPR.FM_MGR
3827,PO,500948,SUBMIT,2024-10-15 10:53:44,BUYER.PRIYA
3828,PO,500948,APPROVE,2024-10-18 10:04:46,APPR.FM_MGR
3829,PO,500948,CHANGE,2024-10-21 08:53:22,BUYER.PRIYA
3830,PO,500948,APPROVE,2024-10-22 09:40:49,APPR.FM_MGR
3831,PO,500949,SUBMIT,2026-01-22 09:21:19,BUYER.SARA
3832,PO,500949,APPROVE,2026-01-22 16:16:46,APPR.HQ_MGR
3833,PO,500949,APPROVE,2026-01-26 09:29:59,APPR.CFO
3834,REQ,300950,SUBMIT,2026-01-27 11:33:33,R.MENON
3835,REQ,300950,REJECT,2026-01-28 12:20:39,APPR.OPS_MGR
3836,REQ,300950,SUBMIT,2026-01-28 13:58:50,R.MENON
3837,REQ,300950,APPROVE,2026-01-29 08:37:45,APPR.OPS_MGR
3838,PO,500950,SUBMIT,2026-02-02 12:53:37,BUYER.PRIYA
3839,PO,500950,APPROVE,2026-02-03 10:29:49,APPR.OPS_MGR
3840,REQ,300951,SUBMIT,2026-06-11 11:06:22,J.THOMAS
3841,REQ,300951,APPROVE,2026-06-15 08:19:40,APPR.OPS_DIRECTOR
3842,PO,500951,SUBMIT,2026-06-15 15:49:58,BUYER.SARA
3843,PO,500951,APPROVE,2026-06-16 10:20:14,APPR.OPS_MGR
3844,REQ,300952,SUBMIT,2025-10-14 09:40:46,L.NAIR
3845,REQ,300952,APPROVE,2025-10-16 12:26:42,APPR.FM_MGR
3846,PO,500952,SUBMIT,2025-10-21 09:27:19,BUYER.PRIYA
3847,PO,500952,APPROVE,2025-10-22 09:52:59,APPR.FM_MGR
3848,REQ,300953,SUBMIT,2025-11-04 10:11:09,J.THOMAS
3849,REQ,300953,APPROVE,2025-11-05 08:53:00,APPR.FM_MGR
3850,PO,500953,SUBMIT,2025-11-10 16:23:42,BUYER.OMAR
3851,PO,500953,APPROVE,2025-11-11 08:14:34,APPR.FM_MGR
3852,REQ,300954,SUBMIT,2025-10-21 13:59:57,R.MENON
3853,REQ,300954,APPROVE,2025-11-17 10:06:26,APPR.OPS_DIRECTOR
3854,PO,500954,SUBMIT,2025-11-19 12:21:32,SYS_PRC_AUTOCREATE
3855,PO,500954,APPROVE,2025-11-20 10:17:54,APPR.OPS_MGR
3856,PO,500954,APPROVE,2025-11-24 08:41:18,APPR.CFO
3857,REQ,300955,SUBMIT,2026-04-13 13:25:49,N.SAEED
3858,REQ,300955,APPROVE,2026-04-16 08:53:28,APPR.OPS_MGR
3859,PO,500955,SUBMIT,2026-04-17 16:40:35,SYS_PRC_AUTOCREATE
3860,PO,500955,APPROVE,2026-04-20 08:59:44,APPR.OPS_MGR
3861,REQ,300956,SUBMIT,2026-03-30 11:46:27,S.HASSAN
3862,REQ,300956,APPROVE,2026-03-31 10:53:45,APPR.FM_MGR
3863,PO,500956,SUBMIT,2026-04-02 10:34:20,BUYER.JAMES
3864,PO,500956,APPROVE,2026-04-03 14:29:55,APPR.FM_MGR
3865,REQ,300957,SUBMIT,2025-01-14 08:33:19,N.SAEED
3866,REQ,300957,APPROVE,2025-01-16 08:00:11,APPR.HQ_MGR
3867,PO,500957,SUBMIT,2025-01-17 14:17:29,SYS_PRC_AUTOCREATE
3868,PO,500957,APPROVE,2025-01-20 09:28:43,APPR.HQ_MGR
3869,REQ,300958,SUBMIT,2026-05-19 13:52:59,R.MENON
3870,REQ,300958,APPROVE,2026-05-22 10:47:18,APPR.FM_MGR
3871,REQ,300959,SUBMIT,2026-06-11 10:05:21,J.THOMAS
3872,REQ,300959,APPROVE,2026-06-12 08:15:21,APPR.FM_MGR
3873,PO,500959,SUBMIT,2026-06-15 11:26:19,BUYER.SARA
3874,PO,500959,APPROVE,2026-06-17 09:01:46,APPR.FM_MGR
3875,PO,500959,APPROVE,2026-06-19 09:34:20,APPR.CFO
3876,REQ,300960,SUBMIT,2026-07-08 13:07:41,A.KHAN
3877,REQ,300960,APPROVE,2026-07-08 15:36:15,APPR.OPS_MGR
3878,PO,500960,SUBMIT,2026-07-13 15:49:06,BUYER.SARA
3879,PO,500960,APPROVE,2026-07-14 08:04:19,APPR.OPS_MGR
3880,PO,500960,CHANGE,2026-07-15 09:29:57,BUYER.SARA
3881,PO,500960,APPROVE,2026-07-20 10:21:06,APPR.OPS_MGR
3882,REQ,300961,SUBMIT,2025-08-25 11:04:24,J.THOMAS
3883,REQ,300961,APPROVE,2025-08-29 16:09:02,APPR.FM_MGR
3884,PO,500961,SUBMIT,2025-09-01 12:33:45,BUYER.PRIYA
3885,PO,500961,APPROVE,2025-09-02 09:32:00,APPR.FM_MGR
3886,REQ,300962,SUBMIT,2025-05-22 11:24:17,M.RAHMAN
3887,REQ,300962,APPROVE,2025-05-26 09:26:25,APPR.HQ_MGR
3888,PO,500962,SUBMIT,2025-05-28 13:06:14,SYS_PRC_AUTOCREATE
3889,PO,500962,APPROVE,2025-05-30 14:17:23,APPR.HQ_MGR
3890,REQ,300963,SUBMIT,2026-06-08 16:28:30,M.RAHMAN
3891,REQ,300963,APPROVE,2026-06-16 13:32:13,APPR.OPS_DIRECTOR
3892,PO,500963,SUBMIT,2026-06-17 14:30:55,BUYER.PRIYA
3893,PO,500963,APPROVE,2026-06-22 08:31:52,APPR.OPS_MGR
3894,PO,500963,CHANGE,2026-07-02 08:39:47,BUYER.PRIYA
3895,PO,500963,APPROVE,2026-07-03 14:10:28,APPR.OPS_MGR
3896,REQ,300964,SUBMIT,2026-06-25 11:19:14,S.HASSAN
3897,REQ,300964,APPROVE,2026-06-26 12:23:18,APPR.OPS_MGR
3898,PO,500964,SUBMIT,2026-06-29 13:33:29,BUYER.PRIYA
3899,PO,500964,APPROVE,2026-06-30 12:47:18,APPR.OPS_MGR
3900,REQ,300965,SUBMIT,2026-07-17 13:31:14,S.HASSAN
3901,REQ,300965,APPROVE,2026-07-17 16:37:23,APPR.FM_MGR
3902,PO,500965,SUBMIT,2026-07-20 12:37:21,BUYER.OMAR
3903,PO,500965,APPROVE,2026-07-21 12:36:21,APPR.FM_MGR
3904,PO,500966,SUBMIT,2025-10-14 12:55:08,BUYER.OMAR
3905,PO,500966,APPROVE,2025-10-15 15:05:23,APPR.HQ_MGR
3906,REQ,300967,SUBMIT,2024-11-25 17:24:33,J.THOMAS
3907,REQ,300967,APPROVE,2024-11-26 10:22:02,APPR.FM_MGR
3908,PO,500967,SUBMIT,2024-11-28 10:11:00,SYS_PRC_AUTOCREATE
3909,PO,500967,APPROVE,2024-11-28 15:54:40,APPR.FM_MGR
3910,PO,500968,SUBMIT,2025-09-24 09:41:12,BUYER.JAMES
3911,PO,500968,APPROVE,2025-09-25 16:11:58,APPR.OPS_MGR
3912,PO,500969,SUBMIT,2026-02-23 12:38:31,BUYER.SARA
3913,PO,500969,APPROVE,2026-02-24 15:34:37,APPR.FM_MGR
3914,REQ,300970,SUBMIT,2025-01-14 09:00:23,M.RAHMAN
3915,REQ,300970,APPROVE,2025-01-16 08:34:18,APPR.HQ_MGR
3916,PO,500970,SUBMIT,2025-01-17 11:08:48,SYS_PRC_AUTOCREATE
3917,PO,500970,APPROVE,2025-01-20 09:49:22,APPR.HQ_MGR
3918,PO,500970,CHANGE,2025-01-27 09:24:39,BUYER.OMAR
3919,PO,500970,APPROVE,2025-01-27 17:33:36,APPR.HQ_MGR
3920,REQ,300971,SUBMIT,2024-10-16 08:47:41,S.HASSAN
3921,REQ,300971,APPROVE,2024-10-22 08:59:09,APPR.OPS_DIRECTOR
3922,PO,500971,SUBMIT,2024-10-25 10:20:01,BUYER.SARA
3923,PO,500971,APPROVE,2024-10-28 10:26:26,APPR.OPS_MGR
3924,REQ,300972,SUBMIT,2025-06-03 09:39:43,N.SAEED
3925,REQ,300972,APPROVE,2025-06-04 08:33:48,APPR.HQ_MGR
3926,PO,500972,SUBMIT,2025-06-05 16:03:36,BUYER.SARA
3927,PO,500972,APPROVE,2025-06-06 10:36:39,APPR.HQ_MGR
3928,PO,500972,CHANGE,2025-06-09 10:07:31,BUYER.SARA
3929,PO,500972,APPROVE,2025-06-11 08:05:16,APPR.HQ_MGR
3930,REQ,300973,SUBMIT,2025-07-07 15:22:19,J.THOMAS
3931,REQ,300973,APPROVE,2025-07-10 09:29:23,APPR.HQ_MGR
3932,PO,500973,SUBMIT,2025-07-14 11:34:50,SYS_PRC_AUTOCREATE
3933,PO,500973,APPROVE,2025-07-14 15:44:43,APPR.HQ_MGR
3934,REQ,300974,SUBMIT,2025-08-08 08:35:00,M.RAHMAN
3935,REQ,300974,APPROVE,2025-08-11 13:18:32,APPR.FM_MGR
3936,PO,500974,SUBMIT,2025-08-13 16:42:46,SYS_PRC_AUTOCREATE
3937,PO,500974,APPROVE,2025-08-14 10:55:25,APPR.FM_MGR
3938,PO,500975,SUBMIT,2024-10-16 17:10:12,BUYER.JAMES
3939,PO,500975,APPROVE,2024-10-18 10:27:29,APPR.FM_MGR
3940,PO,500976,SUBMIT,2025-08-26 08:31:48,BUYER.OMAR
3941,PO,500976,APPROVE,2025-08-27 09:06:17,APPR.HQ_MGR
3942,REQ,300977,SUBMIT,2025-03-31 09:27:58,N.SAEED
3943,REQ,300977,APPROVE,2025-04-01 13:06:29,APPR.FM_MGR
3944,PO,500977,SUBMIT,2025-04-04 12:26:20,BUYER.OMAR
3945,PO,500977,APPROVE,2025-04-04 16:31:27,APPR.FM_MGR
3946,PO,500977,APPROVE,2025-04-08 10:07:19,APPR.CFO
3947,REQ,300978,SUBMIT,2026-03-09 12:44:23,F.ALI
3948,REQ,300978,REJECT,2026-03-11 10:32:28,APPR.FM_MGR
3949,REQ,300978,SUBMIT,2026-03-16 08:12:55,F.ALI
3950,REQ,300978,APPROVE,2026-03-18 09:15:26,APPR.FM_MGR
3951,PO,500978,SUBMIT,2026-03-19 16:51:36,SYS_PRC_AUTOCREATE
3952,PO,500978,APPROVE,2026-03-20 16:47:28,APPR.FM_MGR
3953,REQ,300979,SUBMIT,2026-03-26 14:35:24,S.HASSAN
3954,REQ,300979,APPROVE,2026-03-27 10:50:19,APPR.FM_MGR
3955,PO,500979,SUBMIT,2026-03-30 17:44:12,BUYER.SARA
3956,PO,500979,APPROVE,2026-03-31 10:05:57,APPR.FM_MGR
3957,PO,500979,APPROVE,2026-04-06 09:00:56,APPR.CFO
3958,PO,500980,SUBMIT,2025-01-29 14:59:18,BUYER.PRIYA
3959,PO,500980,APPROVE,2025-01-30 09:45:00,APPR.OPS_MGR
3960,PO,500981,SUBMIT,2025-02-11 17:24:39,BUYER.OMAR
3961,PO,500981,APPROVE,2025-02-12 10:09:13,APPR.OPS_MGR
3962,REQ,300982,SUBMIT,2024-10-15 14:34:42,R.MENON
3963,REQ,300982,APPROVE,2024-10-16 09:54:23,APPR.FM_MGR
3964,PO,500982,SUBMIT,2024-10-18 11:53:35,SYS_PRC_AUTOCREATE
3965,PO,500982,APPROVE,2024-10-21 13:04:16,APPR.FM_MGR
3966,REQ,300983,SUBMIT,2025-03-21 13:53:01,N.SAEED
3967,REQ,300983,APPROVE,2025-03-24 14:56:16,APPR.OPS_DIRECTOR
3968,PO,500983,SUBMIT,2025-03-27 08:00:20,BUYER.PRIYA
3969,PO,500983,APPROVE,2025-03-31 08:17:01,APPR.OPS_MGR
3970,REQ,300984,SUBMIT,2025-06-16 17:29:10,L.NAIR
3971,REQ,300984,APPROVE,2025-06-18 10:59:08,APPR.FM_MGR
3972,PO,500984,SUBMIT,2025-06-23 15:25:32,BUYER.SARA
3973,PO,500984,APPROVE,2025-06-26 10:42:30,APPR.FM_MGR
3974,REQ,300985,SUBMIT,2025-02-21 12:09:13,F.ALI
3975,REQ,300985,APPROVE,2025-02-24 09:52:18,APPR.FM_MGR
3976,PO,500985,SUBMIT,2025-02-26 17:01:58,BUYER.JAMES
3977,PO,500985,APPROVE,2025-02-27 08:14:36,APPR.FM_MGR
3978,PO,500985,CHANGE,2025-03-03 10:46:52,BUYER.JAMES
3979,PO,500985,APPROVE,2025-03-03 15:57:39,APPR.FM_MGR
3980,PO,500986,SUBMIT,2025-01-01 09:56:51,BUYER.JAMES
3981,PO,500986,APPROVE,2025-01-02 11:00:57,APPR.HQ_MGR
3982,REQ,300987,SUBMIT,2026-04-27 10:42:05,J.THOMAS
3983,REQ,300987,REJECT,2026-04-28 09:50:15,APPR.HQ_MGR
3984,REQ,300987,SUBMIT,2026-04-29 08:35:57,J.THOMAS
3985,REQ,300987,APPROVE,2026-04-29 09:39:13,APPR.HQ_MGR
3986,PO,500987,SUBMIT,2026-05-01 09:53:30,BUYER.JAMES
3987,PO,500987,APPROVE,2026-05-04 10:20:31,APPR.HQ_MGR
3988,REQ,300988,SUBMIT,2025-04-21 10:31:43,L.NAIR
3989,REQ,300988,APPROVE,2025-04-21 16:07:41,APPR.OPS_MGR
3990,PO,500988,SUBMIT,2025-04-25 10:59:36,BUYER.SARA
3991,PO,500988,APPROVE,2025-04-29 09:51:04,APPR.OPS_MGR
3992,PO,500989,SUBMIT,2024-11-20 10:23:53,BUYER.JAMES
3993,PO,500989,APPROVE,2024-11-21 08:30:46,APPR.FM_MGR
3994,REQ,300990,SUBMIT,2026-01-13 12:01:29,F.ALI
3995,REQ,300990,APPROVE,2026-01-14 08:57:52,APPR.OPS_MGR
3996,PO,500990,SUBMIT,2026-01-15 16:15:31,BUYER.OMAR
3997,PO,500990,APPROVE,2026-01-15 17:28:58,APPR.OPS_MGR
3998,REQ,300991,SUBMIT,2024-10-15 09:37:40,S.HASSAN
3999,REQ,300991,APPROVE,2024-10-16 10:34:13,APPR.HQ_MGR
4000,PO,500991,SUBMIT,2024-10-18 10:15:25,SYS_PRC_AUTOCREATE
4001,PO,500991,APPROVE,2024-10-21 10:06:38,APPR.HQ_MGR
4002,REQ,300992,SUBMIT,2025-05-26 08:56:01,M.RAHMAN
4003,REQ,300992,APPROVE,2025-05-27 08:28:46,APPR.FM_MGR
4004,PO,500992,SUBMIT,2025-05-28 11:49:37,BUYER.PRIYA
4005,PO,500992,APPROVE,2025-05-29 09:20:41,APPR.FM_MGR
4006,REQ,300993,SUBMIT,2024-12-18 13:36:02,J.THOMAS
4007,REQ,300993,APPROVE,2024-12-20 09:54:18,APPR.FM_MGR
4008,PO,500993,SUBMIT,2024-12-25 09:37:56,SYS_PRC_AUTOCREATE
4009,PO,500993,APPROVE,2024-12-26 13:03:05,APPR.FM_MGR
4010,REQ,300994,SUBMIT,2026-08-18 08:21:16,J.THOMAS
4011,REQ,300994,APPROVE,2026-08-20 08:52:56,APPR.HQ_MGR
4012,PO,500994,SUBMIT,2026-08-24 16:52:02,BUYER.PRIYA
4013,PO,500994,APPROVE,2026-08-26 08:20:11,APPR.HQ_MGR
4014,REQ,300995,SUBMIT,2025-04-04 10:50:02,L.NAIR
4015,REQ,300995,APPROVE,2025-04-07 09:03:39,APPR.FM_MGR
4016,PO,500995,SUBMIT,2025-04-09 16:34:31,SYS_PRC_AUTOCREATE
4017,PO,500995,APPROVE,2025-04-11 09:09:08,APPR.FM_MGR
4018,REQ,300996,SUBMIT,2026-06-24 11:57:25,L.NAIR
4019,REQ,300996,REJECT,2026-06-25 10:08:50,APPR.OPS_MGR
4020,REQ,300996,SUBMIT,2026-06-26 08:31:41,L.NAIR
4021,REQ,300996,APPROVE,2026-06-26 16:12:49,APPR.OPS_MGR
4022,PO,500996,SUBMIT,2026-06-29 14:35:34,BUYER.JAMES
4023,PO,500996,APPROVE,2026-06-30 10:12:40,APPR.OPS_MGR
4024,REQ,300997,SUBMIT,2024-10-23 13:51:12,L.NAIR
4025,REQ,300997,APPROVE,2024-10-24 08:15:32,APPR.HQ_MGR
4026,PO,500997,SUBMIT,2024-10-25 15:47:59,BUYER.OMAR
4027,PO,500997,APPROVE,2024-10-28 16:24:50,APPR.HQ_MGR
4028,PO,500997,APPROVE,2024-10-30 08:47:52,APPR.CFO
4029,REQ,300998,SUBMIT,2026-02-16 13:34:01,R.MENON
4030,REQ,300998,APPROVE,2026-02-17 10:17:16,APPR.OPS_MGR
4031,PO,500998,SUBMIT,2026-02-23 10:25:40,SYS_PRC_AUTOCREATE
4032,PO,500998,APPROVE,2026-02-25 11:59:00,APPR.OPS_MGR
4033,REQ,300999,SUBMIT,2026-04-02 17:09:15,L.NAIR
4034,REQ,300999,APPROVE,2026-04-03 12:45:26,APPR.HQ_MGR
4035,PO,500999,SUBMIT,2026-04-06 15:01:01,BUYER.JAMES
4036,PO,500999,APPROVE,2026-04-08 08:59:57,APPR.HQ_MGR
4037,REQ,301000,SUBMIT,2024-12-26 08:04:46,F.ALI
4038,REQ,301000,APPROVE,2024-12-27 09:59:39,APPR.OPS_MGR
4039,PO,501000,SUBMIT,2024-12-31 09:17:10,BUYER.SARA
4040,PO,501000,APPROVE,2025-01-02 10:38:16,APPR.OPS_MGR
4041,PO,501001,SUBMIT,2025-01-02 13:10:47,BUYER.PRIYA
4042,PO,501001,APPROVE,2025-01-06 08:09:30,APPR.FM_MGR
4043,PO,501002,SUBMIT,2026-07-29 16:38:05,BUYER.SARA
4044,PO,501002,APPROVE,2026-07-31 10:01:30,APPR.HQ_MGR
4045,PO,501003,SUBMIT,2025-12-18 17:12:46,BUYER.PRIYA
4046,PO,501003,APPROVE,2025-12-19 10:47:02,APPR.OPS_MGR
4047,REQ,301004,SUBMIT,2026-01-29 13:15:20,J.THOMAS
4048,REQ,301004,APPROVE,2026-02-02 10:04:13,APPR.FM_MGR
4049,PO,501004,SUBMIT,2026-02-09 10:21:39,BUYER.OMAR
4050,PO,501004,APPROVE,2026-02-10 10:10:24,APPR.FM_MGR
4051,REQ,301005,SUBMIT,2026-04-16 10:27:07,R.MENON
4052,REQ,301005,APPROVE,2026-04-17 09:49:42,APPR.FM_MGR
4053,PO,501005,SUBMIT,2026-04-20 14:24:39,BUYER.OMAR
4054,PO,501005,APPROVE,2026-04-21 08:49:34,APPR.FM_MGR
4055,REQ,301006,SUBMIT,2025-09-09 09:06:52,A.KHAN
4056,REQ,301006,APPROVE,2025-09-09 17:28:20,APPR.HQ_MGR
4057,REQ,301007,SUBMIT,2026-04-13 08:25:10,R.MENON
4058,REQ,301007,APPROVE,2026-04-14 16:12:16,APPR.OPS_DIRECTOR
4059,PO,501007,SUBMIT,2026-04-16 13:03:17,SYS_PRC_AUTOCREATE
4060,PO,501007,APPROVE,2026-04-17 12:43:14,APPR.OPS_MGR
4061,REQ,301008,SUBMIT,2024-11-28 16:55:59,M.RAHMAN
4062,REQ,301008,APPROVE,2024-11-29 09:56:45,APPR.OPS_MGR
4063,PO,501008,SUBMIT,2024-12-02 11:38:58,BUYER.JAMES
4064,PO,501008,APPROVE,2024-12-03 10:27:04,APPR.OPS_MGR
4065,REQ,301009,SUBMIT,2025-01-03 16:21:42,L.NAIR
4066,REQ,301009,REJECT,2025-01-06 17:41:08,APPR.FM_MGR
4067,REQ,301009,SUBMIT,2025-01-13 11:02:58,L.NAIR
4068,REQ,301009,APPROVE,2025-01-14 09:48:06,APPR.FM_MGR
4069,PO,501009,SUBMIT,2025-01-17 12:24:55,BUYER.PRIYA
4070,PO,501009,APPROVE,2025-01-17 14:58:47,APPR.FM_MGR
4071,REQ,301010,SUBMIT,2025-06-05 13:33:41,S.HASSAN
4072,REQ,301010,REJECT,2025-06-09 10:01:25,APPR.OPS_MGR
4073,REQ,301010,SUBMIT,2025-06-11 11:46:08,S.HASSAN
4074,REQ,301010,APPROVE,2025-06-12 13:52:25,APPR.OPS_MGR
4075,PO,501010,SUBMIT,2025-06-16 11:43:33,SYS_PRC_AUTOCREATE
4076,PO,501010,APPROVE,2025-06-17 08:32:52,APPR.OPS_MGR
4077,REQ,301011,SUBMIT,2026-03-26 15:59:08,L.NAIR
4078,REQ,301011,APPROVE,2026-03-27 10:19:02,APPR.FM_MGR
4079,PO,501011,SUBMIT,2026-03-30 12:53:40,SYS_PRC_AUTOCREATE
4080,PO,501011,APPROVE,2026-03-31 13:24:01,APPR.FM_MGR
4081,REQ,301012,SUBMIT,2025-06-03 14:54:09,R.MENON
4082,REQ,301012,APPROVE,2025-06-05 09:53:06,APPR.OPS_MGR
4083,REQ,301013,SUBMIT,2025-07-14 11:22:50,R.MENON
4084,REQ,301013,APPROVE,2025-07-16 09:32:44,APPR.HQ_MGR
4085,REQ,301014,SUBMIT,2026-05-25 10:45:20,S.HASSAN
4086,REQ,301014,APPROVE,2026-05-25 15:27:17,APPR.FM_MGR
4087,PO,501014,SUBMIT,2026-05-28 10:10:39,SYS_PRC_AUTOCREATE
4088,PO,501014,APPROVE,2026-06-01 10:02:18,APPR.FM_MGR
4089,PO,501014,APPROVE,2026-06-11 09:10:55,APPR.CFO
4090,REQ,301015,SUBMIT,2024-10-14 13:49:43,S.HASSAN
4091,REQ,301015,APPROVE,2024-10-15 08:49:10,APPR.FM_MGR
4092,PO,501015,SUBMIT,2024-10-16 09:34:40,BUYER.OMAR
4093,PO,501015,APPROVE,2024-10-17 10:06:48,APPR.FM_MGR
4094,PO,501015,APPROVE,2024-10-17 15:06:56,APPR.CFO
4095,REQ,301016,SUBMIT,2025-04-17 09:37:45,J.THOMAS
4096,REQ,301016,APPROVE,2025-04-17 14:53:40,APPR.FM_MGR
4097,PO,501016,SUBMIT,2025-04-22 09:52:33,BUYER.OMAR
4098,PO,501016,APPROVE,2025-04-23 10:22:10,APPR.FM_MGR
4099,PO,501016,CHANGE,2025-04-25 08:28:45,BUYER.OMAR
4100,PO,501016,APPROVE,2025-04-28 08:39:47,APPR.FM_MGR
4101,REQ,301017,SUBMIT,2025-03-10 15:49:33,L.NAIR
4102,REQ,301017,APPROVE,2025-03-11 08:31:10,APPR.HQ_MGR
4103,PO,501017,SUBMIT,2025-03-17 08:18:15,SYS_PRC_AUTOCREATE
4104,PO,501017,APPROVE,2025-03-17 13:35:18,APPR.HQ_MGR
4105,REQ,301018,SUBMIT,2025-04-28 17:55:41,M.RAHMAN
4106,REQ,301018,APPROVE,2025-04-30 17:54:45,APPR.FM_MGR
4107,PO,501018,SUBMIT,2025-05-02 17:31:28,BUYER.SARA
4108,PO,501018,APPROVE,2025-05-05 08:37:06,APPR.FM_MGR
4109,REQ,301019,SUBMIT,2025-08-26 10:16:19,N.SAEED
4110,REQ,301019,APPROVE,2025-08-27 08:47:16,APPR.HQ_MGR
4111,REQ,301020,SUBMIT,2025-01-03 09:36:43,J.THOMAS
4112,REQ,301020,APPROVE,2025-01-06 09:37:44,APPR.HQ_MGR
4113,PO,501020,SUBMIT,2025-01-07 14:19:40,BUYER.OMAR
4114,PO,501020,APPROVE,2025-01-07 17:46:45,APPR.HQ_MGR
4115,REQ,301021,SUBMIT,2024-11-04 12:32:43,A.KHAN
4116,REQ,301021,APPROVE,2024-11-06 08:12:59,APPR.HQ_MGR
4117,PO,501021,SUBMIT,2024-11-08 11:20:27,BUYER.SARA
4118,PO,501021,APPROVE,2024-11-11 09:56:32,APPR.HQ_MGR
4119,REQ,301022,SUBMIT,2024-11-04 16:21:04,R.MENON
4120,REQ,301022,APPROVE,2024-11-05 08:42:06,APPR.FM_MGR
4121,PO,501022,SUBMIT,2024-11-06 14:22:29,SYS_PRC_AUTOCREATE
4122,PO,501022,APPROVE,2024-11-11 08:30:44,APPR.FM_MGR
4123,REQ,301023,SUBMIT,2026-03-03 09:19:17,N.SAEED
4124,REQ,301023,APPROVE,2026-03-04 08:38:54,APPR.FM_MGR
4125,REQ,301024,SUBMIT,2025-05-21 15:32:16,L.NAIR
4126,REQ,301024,APPROVE,2025-05-22 08:22:00,APPR.FM_MGR
4127,PO,501024,SUBMIT,2025-05-23 08:59:51,SYS_PRC_AUTOCREATE
4128,PO,501024,APPROVE,2025-05-26 11:20:42,APPR.FM_MGR
4129,REQ,301025,SUBMIT,2025-09-29 16:44:10,R.MENON
4130,REQ,301025,APPROVE,2025-10-08 09:04:13,APPR.OPS_DIRECTOR
4131,PO,501025,SUBMIT,2025-10-10 17:21:24,SYS_PRC_AUTOCREATE
4132,PO,501025,APPROVE,2025-10-13 09:40:30,APPR.OPS_MGR
4133,PO,501025,APPROVE,2025-10-16 09:18:13,APPR.CFO
4134,REQ,301026,SUBMIT,2024-11-28 09:41:34,L.NAIR
4135,REQ,301026,APPROVE,2024-11-29 09:46:40,APPR.HQ_MGR
4136,PO,501026,SUBMIT,2024-12-02 16:34:37,SYS_PRC_AUTOCREATE
4137,PO,501026,APPROVE,2024-12-04 08:15:51,APPR.HQ_MGR
4138,PO,501026,APPROVE,2024-12-09 10:13:18,APPR.CFO
4139,REQ,301027,SUBMIT,2024-10-10 12:09:20,A.KHAN
4140,REQ,301027,APPROVE,2024-10-14 13:41:13,APPR.HQ_MGR
4141,PO,501027,SUBMIT,2024-10-17 09:35:52,SYS_PRC_AUTOCREATE
4142,PO,501027,APPROVE,2024-10-18 08:30:55,APPR.HQ_MGR
4143,PO,501027,CHANGE,2024-10-24 13:24:27,BUYER.OMAR
4144,PO,501027,APPROVE,2024-10-28 08:19:28,APPR.HQ_MGR
4145,REQ,301028,SUBMIT,2025-09-22 17:22:46,S.HASSAN
4146,REQ,301028,APPROVE,2025-09-23 10:47:22,APPR.HQ_MGR
4147,PO,501028,SUBMIT,2025-09-25 08:41:45,BUYER.PRIYA
4148,PO,501028,APPROVE,2025-09-25 16:43:54,APPR.HQ_MGR
4149,PO,501028,CHANGE,2025-10-02 09:39:11,BUYER.PRIYA
4150,PO,501028,APPROVE,2025-10-03 11:28:03,APPR.HQ_MGR
4151,REQ,301029,SUBMIT,2025-01-03 15:10:19,N.SAEED
4152,REQ,301029,APPROVE,2025-01-06 10:18:13,APPR.HQ_MGR
4153,REQ,301030,SUBMIT,2026-02-19 11:52:00,S.HASSAN
4154,REQ,301030,APPROVE,2026-02-20 09:13:06,APPR.OPS_MGR
4155,PO,501030,SUBMIT,2026-02-23 10:45:42,BUYER.JAMES
4156,PO,501030,APPROVE,2026-02-25 08:45:08,APPR.OPS_MGR
4157,REQ,301031,SUBMIT,2025-07-10 14:04:12,J.THOMAS
4158,REQ,301031,APPROVE,2025-07-11 08:04:43,APPR.OPS_MGR
4159,PO,501031,SUBMIT,2025-07-15 10:18:48,BUYER.JAMES
4160,PO,501031,APPROVE,2025-07-16 08:37:16,APPR.OPS_MGR
4161,REQ,301032,SUBMIT,2025-08-11 14:46:25,N.SAEED
4162,REQ,301032,APPROVE,2025-08-14 08:05:41,APPR.OPS_DIRECTOR
4163,PO,501032,SUBMIT,2025-08-15 13:28:47,BUYER.JAMES
4164,PO,501032,APPROVE,2025-08-18 09:18:56,APPR.OPS_MGR
4165,PO,501033,SUBMIT,2026-08-27 09:58:38,BUYER.JAMES
4166,PO,501033,APPROVE,2026-08-28 09:03:34,APPR.HQ_MGR
4167,REQ,301034,SUBMIT,2026-06-22 10:01:09,J.THOMAS
4168,REQ,301034,APPROVE,2026-06-23 09:05:47,APPR.FM_MGR
4169,PO,501034,SUBMIT,2026-06-26 10:11:16,BUYER.SARA
4170,PO,501034,APPROVE,2026-06-29 16:55:29,APPR.FM_MGR
4171,REQ,301035,SUBMIT,2024-11-19 14:03:39,N.SAEED
4172,REQ,301035,APPROVE,2024-11-21 13:19:28,APPR.HQ_MGR
4173,PO,501035,SUBMIT,2024-11-26 10:28:54,BUYER.OMAR
4174,PO,501035,APPROVE,2024-11-26 16:30:11,APPR.HQ_MGR
4175,REQ,301036,SUBMIT,2026-01-07 08:41:53,M.RAHMAN
4176,REQ,301036,APPROVE,2026-01-07 13:55:34,APPR.HQ_MGR
4177,PO,501036,SUBMIT,2026-01-12 10:49:03,BUYER.SARA
4178,PO,501036,APPROVE,2026-01-13 10:37:19,APPR.HQ_MGR
4179,REQ,301037,SUBMIT,2026-08-07 10:54:15,L.NAIR
4180,REQ,301037,APPROVE,2026-08-10 10:33:22,APPR.FM_MGR
4181,PO,501037,SUBMIT,2026-08-12 12:47:29,SYS_PRC_AUTOCREATE
4182,PO,501037,APPROVE,2026-08-13 09:22:10,APPR.FM_MGR
4183,REQ,301038,SUBMIT,2025-09-16 10:45:44,F.ALI
4184,REQ,301038,APPROVE,2025-09-26 09:08:41,APPR.OPS_DIRECTOR
4185,PO,501038,SUBMIT,2025-09-29 15:36:50,BUYER.JAMES
4186,PO,501038,APPROVE,2025-09-30 09:54:14,APPR.OPS_MGR
4187,REQ,301039,SUBMIT,2026-08-26 14:24:59,R.MENON
4188,REQ,301039,APPROVE,2026-08-31 08:06:05,APPR.HQ_MGR
4189,PO,501039,SUBMIT,2026-09-03 14:01:18,SYS_PRC_AUTOCREATE
4190,PO,501039,APPROVE,2026-09-04 10:24:44,APPR.HQ_MGR
4191,REQ,301040,SUBMIT,2026-04-21 11:32:41,N.SAEED
4192,REQ,301040,APPROVE,2026-04-27 10:16:22,APPR.OPS_DIRECTOR
4193,PO,501040,SUBMIT,2026-04-28 17:01:20,BUYER.PRIYA
4194,PO,501040,APPROVE,2026-04-29 11:51:53,APPR.OPS_MGR
4195,REQ,301041,SUBMIT,2025-01-20 14:45:09,A.KHAN
4196,REQ,301041,APPROVE,2025-01-27 16:14:13,APPR.OPS_DIRECTOR
4197,PO,501041,SUBMIT,2025-01-29 10:33:50,SYS_PRC_AUTOCREATE
4198,PO,501041,APPROVE,2025-01-30 09:51:54,APPR.OPS_MGR
4199,REQ,301042,SUBMIT,2026-02-06 11:26:19,R.MENON
4200,REQ,301042,APPROVE,2026-02-09 13:16:33,APPR.FM_MGR
4201,PO,501042,SUBMIT,2026-02-10 14:39:59,BUYER.PRIYA
4202,PO,501042,APPROVE,2026-02-12 09:43:11,APPR.FM_MGR
4203,PO,501042,CHANGE,2026-02-16 10:35:50,BUYER.PRIYA
4204,PO,501042,APPROVE,2026-02-18 17:14:49,APPR.FM_MGR
4205,REQ,301043,SUBMIT,2025-06-05 10:56:16,M.RAHMAN
4206,REQ,301043,APPROVE,2025-06-06 16:01:07,APPR.FM_MGR
4207,PO,501043,SUBMIT,2025-06-10 10:29:02,BUYER.OMAR
4208,PO,501043,APPROVE,2025-06-11 08:35:09,APPR.FM_MGR
4209,REQ,301044,SUBMIT,2025-04-21 11:48:40,F.ALI
4210,REQ,301044,APPROVE,2025-04-22 09:45:40,APPR.HQ_MGR
4211,PO,501044,SUBMIT,2025-04-23 13:55:21,BUYER.PRIYA
4212,PO,501044,APPROVE,2025-04-24 12:32:04,APPR.HQ_MGR
4213,REQ,301045,SUBMIT,2025-05-27 10:54:48,J.THOMAS
4214,REQ,301045,APPROVE,2025-05-28 15:11:54,APPR.HQ_MGR
4215,PO,501045,SUBMIT,2025-05-29 12:14:46,SYS_PRC_AUTOCREATE
4216,PO,501045,APPROVE,2025-05-30 09:02:51,APPR.HQ_MGR
4217,PO,501045,APPROVE,2025-06-09 10:12:31,APPR.CFO
4218,REQ,301046,SUBMIT,2025-03-17 17:31:12,S.HASSAN
4219,REQ,301046,APPROVE,2025-03-18 17:25:51,APPR.HQ_MGR
4220,PO,501046,SUBMIT,2025-03-20 10:13:09,BUYER.JAMES
4221,PO,501046,APPROVE,2025-03-24 10:47:28,APPR.HQ_MGR
4222,PO,501046,APPROVE,2025-03-25 16:38:31,APPR.CFO
4223,REQ,301047,SUBMIT,2024-10-16 08:44:04,N.SAEED
4224,REQ,301047,APPROVE,2024-10-17 08:18:08,APPR.OPS_MGR
4225,PO,501047,SUBMIT,2024-10-21 10:04:42,BUYER.SARA
4226,PO,501047,APPROVE,2024-10-21 11:55:48,APPR.OPS_MGR
4227,REQ,301048,SUBMIT,2025-03-14 17:17:49,R.MENON
4228,REQ,301048,APPROVE,2025-03-17 16:14:00,APPR.HQ_MGR
4229,PO,501048,SUBMIT,2025-03-18 15:58:17,SYS_PRC_AUTOCREATE
4230,PO,501048,APPROVE,2025-03-19 08:09:25,APPR.HQ_MGR
4231,PO,501048,APPROVE,2025-03-21 10:40:46,APPR.CFO
4232,REQ,301049,SUBMIT,2025-09-01 17:27:23,N.SAEED
4233,REQ,301049,APPROVE,2025-09-03 08:36:39,APPR.HQ_MGR
4234,PO,501049,SUBMIT,2025-09-04 13:53:13,BUYER.OMAR
4235,PO,501049,APPROVE,2025-09-05 16:35:21,APPR.HQ_MGR
4236,REQ,301050,SUBMIT,2026-05-18 16:08:31,L.NAIR
4237,REQ,301050,APPROVE,2026-06-01 09:07:25,APPR.OPS_DIRECTOR
4238,PO,501050,SUBMIT,2026-06-04 08:03:05,BUYER.SARA
4239,PO,501050,APPROVE,2026-06-05 08:01:44,APPR.OPS_MGR
4240,PO,501050,APPROVE,2026-06-08 09:30:36,APPR.CFO
4241,PO,501051,SUBMIT,2025-04-23 15:16:49,BUYER.JAMES
4242,PO,501051,APPROVE,2025-04-23 16:09:16,APPR.FM_MGR
4243,REQ,301052,SUBMIT,2025-06-26 08:49:58,L.NAIR
4244,REQ,301052,APPROVE,2025-06-30 08:34:12,APPR.FM_MGR
4245,PO,501052,SUBMIT,2025-07-01 15:09:09,SYS_PRC_AUTOCREATE
4246,PO,501052,APPROVE,2025-07-02 08:46:34,APPR.FM_MGR
4247,REQ,301053,SUBMIT,2026-05-08 11:15:23,A.KHAN
4248,REQ,301053,APPROVE,2026-05-11 15:45:24,APPR.OPS_MGR
4249,PO,501053,SUBMIT,2026-05-12 14:29:15,SYS_PRC_AUTOCREATE
4250,PO,501053,APPROVE,2026-05-13 13:50:44,APPR.OPS_MGR
4251,REQ,301054,SUBMIT,2026-05-05 14:42:52,L.NAIR
4252,REQ,301054,APPROVE,2026-05-08 10:41:13,APPR.FM_MGR
4253,PO,501054,SUBMIT,2026-05-12 08:18:29,BUYER.OMAR
4254,PO,501054,APPROVE,2026-05-13 10:07:52,APPR.FM_MGR
4255,PO,501055,SUBMIT,2025-04-21 15:31:42,BUYER.JAMES
4256,PO,501055,APPROVE,2025-04-22 08:30:35,APPR.OPS_MGR
4257,REQ,301056,SUBMIT,2026-06-12 10:40:50,L.NAIR
4258,REQ,301056,APPROVE,2026-06-15 09:44:50,APPR.FM_MGR
4259,PO,501056,SUBMIT,2026-06-16 12:59:30,BUYER.SARA
4260,PO,501056,APPROVE,2026-06-16 17:23:35,APPR.FM_MGR
4261,PO,501057,SUBMIT,2026-07-17 09:06:51,BUYER.PRIYA
4262,PO,501057,APPROVE,2026-07-20 09:12:10,APPR.FM_MGR
4263,REQ,301058,SUBMIT,2026-02-16 13:46:26,L.NAIR
4264,REQ,301058,APPROVE,2026-02-20 10:41:26,APPR.OPS_DIRECTOR
4265,REQ,301059,SUBMIT,2026-09-07 08:11:24,J.THOMAS
4266,REQ,301059,REJECT,2026-09-07 14:51:25,APPR.HQ_MGR
4267,REQ,301059,SUBMIT,2026-09-08 10:21:43,J.THOMAS
4268,REQ,301059,APPROVE,2026-09-09 12:06:45,APPR.HQ_MGR
4269,PO,501059,SUBMIT,2026-09-10 13:16:22,BUYER.JAMES
4270,PO,501059,APPROVE,2026-09-10 17:38:28,APPR.HQ_MGR
4271,REQ,301060,SUBMIT,2026-02-05 10:54:11,J.THOMAS
4272,REQ,301060,APPROVE,2026-02-06 08:53:05,APPR.FM_MGR
4273,PO,501060,SUBMIT,2026-02-11 09:47:57,BUYER.JAMES
4274,PO,501060,APPROVE,2026-02-12 08:35:23,APPR.FM_MGR
4275,REQ,301061,SUBMIT,2025-11-26 12:08:14,L.NAIR
4276,REQ,301061,APPROVE,2025-12-02 08:13:19,APPR.OPS_DIRECTOR
4277,PO,501061,SUBMIT,2025-12-04 15:02:49,BUYER.JAMES
4278,PO,501061,APPROVE,2025-12-08 08:39:42,APPR.OPS_MGR
4279,REQ,301062,SUBMIT,2026-04-09 09:36:33,N.SAEED
4280,REQ,301062,APPROVE,2026-04-10 09:14:46,APPR.FM_MGR
4281,PO,501062,SUBMIT,2026-04-15 11:52:23,BUYER.PRIYA
4282,PO,501062,APPROVE,2026-04-16 09:15:52,APPR.FM_MGR
4283,REQ,301063,SUBMIT,2025-11-04 15:36:08,S.HASSAN
4284,REQ,301063,APPROVE,2025-11-05 08:00:10,APPR.OPS_MGR
4285,PO,501063,SUBMIT,2025-11-06 09:07:34,BUYER.OMAR
4286,PO,501063,APPROVE,2025-11-07 09:16:32,APPR.OPS_MGR
4287,PO,501063,CHANGE,2025-11-10 09:31:50,BUYER.OMAR
4288,PO,501063,APPROVE,2025-11-11 08:09:41,APPR.OPS_MGR
4289,REQ,301064,SUBMIT,2025-12-23 09:28:44,R.MENON
4290,REQ,301064,APPROVE,2025-12-24 08:28:33,APPR.HQ_MGR
4291,PO,501064,SUBMIT,2025-12-25 16:28:33,BUYER.SARA
4292,PO,501064,APPROVE,2025-12-26 09:19:38,APPR.HQ_MGR
4293,REQ,301065,SUBMIT,2024-11-27 10:27:14,S.HASSAN
4294,REQ,301065,APPROVE,2024-11-28 10:10:31,APPR.HQ_MGR
4295,PO,501065,SUBMIT,2024-11-29 13:59:02,SYS_PRC_AUTOCREATE
4296,PO,501065,APPROVE,2024-12-02 10:25:05,APPR.HQ_MGR
4297,PO,501066,SUBMIT,2026-05-05 11:06:33,BUYER.OMAR
4298,PO,501066,APPROVE,2026-05-06 09:33:18,APPR.OPS_MGR
4299,PO,501066,APPROVE,2026-05-11 08:38:34,APPR.CFO
4300,REQ,301067,SUBMIT,2026-09-09 12:39:15,R.MENON
4301,REQ,301067,APPROVE,2026-09-18 10:26:01,APPR.OPS_DIRECTOR
4302,PO,501067,SUBMIT,2026-09-21 16:12:22,SYS_PRC_AUTOCREATE
4303,PO,501067,APPROVE,2026-09-24 08:52:47,APPR.OPS_MGR
4304,PO,501067,APPROVE,2026-09-29 09:34:21,APPR.CFO
4305,REQ,301068,SUBMIT,2025-07-02 14:42:26,S.HASSAN
4306,REQ,301068,APPROVE,2025-07-03 09:12:37,APPR.HQ_MGR
4307,PO,501068,SUBMIT,2025-07-03 12:23:31,BUYER.SARA
4308,PO,501068,APPROVE,2025-07-04 10:41:13,APPR.HQ_MGR
4309,PO,501069,SUBMIT,2026-05-18 11:46:39,BUYER.JAMES
4310,PO,501069,APPROVE,2026-05-18 15:35:10,APPR.HQ_MGR
4311,REQ,301070,SUBMIT,2025-03-03 10:49:16,M.RAHMAN
4312,REQ,301070,APPROVE,2025-03-10 10:11:15,APPR.OPS_DIRECTOR
4313,PO,501070,SUBMIT,2025-03-12 12:48:31,BUYER.OMAR
4314,PO,501070,APPROVE,2025-03-13 09:38:38,APPR.OPS_MGR
4315,REQ,301071,SUBMIT,2024-12-16 15:20:52,R.MENON
4316,REQ,301071,APPROVE,2024-12-17 08:37:37,APPR.FM_MGR
4317,PO,501071,SUBMIT,2024-12-18 11:10:15,SYS_PRC_AUTOCREATE
4318,PO,501071,APPROVE,2024-12-19 09:06:09,APPR.FM_MGR
4319,REQ,301072,SUBMIT,2026-07-21 14:48:15,M.RAHMAN
4320,REQ,301072,APPROVE,2026-07-22 10:40:29,APPR.HQ_MGR
4321,PO,501072,SUBMIT,2026-07-23 12:00:58,SYS_PRC_AUTOCREATE
4322,PO,501072,APPROVE,2026-07-24 09:00:19,APPR.HQ_MGR
4323,REQ,301073,SUBMIT,2025-01-17 11:31:53,F.ALI
4324,REQ,301073,APPROVE,2025-01-20 16:21:23,APPR.FM_MGR
4325,PO,501073,SUBMIT,2025-01-22 11:41:55,BUYER.PRIYA
4326,PO,501073,APPROVE,2025-01-23 10:04:13,APPR.FM_MGR
4327,REQ,301074,SUBMIT,2025-09-17 15:06:04,L.NAIR
4328,REQ,301074,APPROVE,2025-09-18 09:04:41,APPR.HQ_MGR
4329,PO,501074,SUBMIT,2025-09-23 08:58:14,SYS_PRC_AUTOCREATE
4330,PO,501074,APPROVE,2025-09-24 08:59:09,APPR.HQ_MGR
4331,PO,501075,SUBMIT,2025-04-07 14:46:27,BUYER.SARA
4332,PO,501075,APPROVE,2025-04-09 09:49:00,APPR.OPS_MGR
4333,REQ,301076,SUBMIT,2026-02-09 17:04:48,N.SAEED
4334,REQ,301076,APPROVE,2026-02-10 08:17:51,APPR.HQ_MGR
4335,PO,501076,SUBMIT,2026-02-12 16:05:59,SYS_PRC_AUTOCREATE
4336,PO,501076,APPROVE,2026-02-16 10:04:59,APPR.HQ_MGR
4337,REQ,301077,SUBMIT,2025-12-24 17:29:07,N.SAEED
4338,REQ,301077,REJECT,2025-12-29 08:32:06,APPR.OPS_DIRECTOR
4339,REQ,301077,SUBMIT,2025-12-31 09:29:19,N.SAEED
4340,REQ,301077,APPROVE,2026-01-05 09:05:57,APPR.OPS_DIRECTOR
4341,PO,501077,SUBMIT,2026-01-07 08:13:28,SYS_PRC_AUTOCREATE
4342,PO,501077,APPROVE,2026-01-09 16:10:02,APPR.OPS_MGR
4343,PO,501077,APPROVE,2026-01-12 16:08:08,APPR.CFO
4344,REQ,301078,SUBMIT,2025-11-19 09:52:43,M.RAHMAN
4345,REQ,301078,APPROVE,2025-11-20 09:16:57,APPR.HQ_MGR
4346,PO,501078,SUBMIT,2025-11-25 10:11:24,SYS_PRC_AUTOCREATE
4347,PO,501078,APPROVE,2025-11-26 11:35:52,APPR.HQ_MGR
4348,PO,501078,APPROVE,2025-11-28 09:58:27,APPR.CFO
4349,REQ,301079,SUBMIT,2025-01-13 08:49:46,N.SAEED
4350,REQ,301079,APPROVE,2025-01-17 08:16:33,APPR.OPS_DIRECTOR
4351,PO,501079,SUBMIT,2025-01-17 17:49:11,SYS_PRC_AUTOCREATE
4352,PO,501079,APPROVE,2025-01-20 17:27:22,APPR.OPS_MGR
4353,PO,501079,CHANGE,2025-01-31 09:59:24,BUYER.SARA
4354,PO,501079,APPROVE,2025-02-03 10:24:59,APPR.OPS_MGR
4355,REQ,301080,SUBMIT,2025-04-29 09:52:20,A.KHAN
4356,REQ,301080,APPROVE,2025-04-30 10:01:19,APPR.FM_MGR
4357,PO,501080,SUBMIT,2025-05-02 10:55:22,BUYER.PRIYA
4358,PO,501080,APPROVE,2025-05-02 16:06:08,APPR.FM_MGR
4359,REQ,301081,SUBMIT,2025-11-24 12:43:39,M.RAHMAN
4360,REQ,301081,APPROVE,2025-11-24 16:29:55,APPR.FM_MGR
4361,PO,501081,SUBMIT,2025-11-26 17:49:38,SYS_PRC_AUTOCREATE
4362,PO,501081,APPROVE,2025-11-27 09:13:21,APPR.FM_MGR
4363,REQ,301082,SUBMIT,2025-10-06 13:28:54,M.RAHMAN
4364,REQ,301082,APPROVE,2025-10-07 10:47:37,APPR.HQ_MGR
4365,PO,501082,SUBMIT,2025-10-08 16:15:25,SYS_PRC_AUTOCREATE
4366,PO,501082,APPROVE,2025-10-09 10:13:43,APPR.HQ_MGR
4367,REQ,301083,SUBMIT,2026-08-31 11:48:28,R.MENON
4368,REQ,301083,APPROVE,2026-09-01 08:32:28,APPR.OPS_MGR
4369,PO,501083,SUBMIT,2026-09-01 09:46:46,BUYER.SARA
4370,PO,501083,APPROVE,2026-09-03 08:04:20,APPR.OPS_MGR
4371,REQ,301084,SUBMIT,2026-08-18 12:31:06,N.SAEED
4372,REQ,301084,REJECT,2026-08-19 11:36:57,APPR.FM_MGR
4373,REQ,301084,SUBMIT,2026-08-20 15:23:37,N.SAEED
4374,REQ,301084,APPROVE,2026-08-21 09:38:58,APPR.FM_MGR
4375,PO,501084,SUBMIT,2026-08-24 11:52:05,BUYER.PRIYA
4376,PO,501084,APPROVE,2026-08-25 09:44:39,APPR.FM_MGR
4377,REQ,301085,SUBMIT,2026-09-09 14:34:58,J.THOMAS
4378,REQ,301085,APPROVE,2026-09-11 09:24:55,APPR.FM_MGR
4379,PO,501085,SUBMIT,2026-09-14 14:57:55,BUYER.JAMES
4380,PO,501085,APPROVE,2026-09-14 16:38:42,APPR.FM_MGR
4381,REQ,301086,SUBMIT,2024-10-25 10:28:49,F.ALI
4382,REQ,301086,APPROVE,2024-10-28 08:17:04,APPR.HQ_MGR
4383,PO,501086,SUBMIT,2024-10-30 11:35:18,BUYER.PRIYA
4384,PO,501086,APPROVE,2024-11-01 10:38:17,APPR.HQ_MGR
4385,REQ,301087,SUBMIT,2024-12-23 14:05:58,F.ALI
4386,REQ,301087,APPROVE,2024-12-25 08:51:39,APPR.HQ_MGR
4387,PO,501087,SUBMIT,2024-12-27 17:28:42,BUYER.OMAR
4388,PO,501087,APPROVE,2024-12-30 08:57:44,APPR.HQ_MGR
4389,PO,501087,CHANGE,2025-01-16 09:03:21,BUYER.OMAR
4390,PO,501087,APPROVE,2025-01-20 10:49:38,APPR.HQ_MGR
4391,REQ,301088,SUBMIT,2024-11-21 10:51:55,R.MENON
4392,REQ,301088,APPROVE,2024-11-21 16:41:25,APPR.HQ_MGR
4393,PO,501088,SUBMIT,2024-11-22 10:38:20,SYS_PRC_AUTOCREATE
4394,PO,501088,APPROVE,2024-11-25 08:53:33,APPR.HQ_MGR
4395,PO,501089,SUBMIT,2024-10-29 10:56:50,BUYER.SARA
4396,PO,501089,APPROVE,2024-10-30 08:57:14,APPR.OPS_MGR
4397,REQ,301090,SUBMIT,2025-12-05 16:20:50,N.SAEED
4398,REQ,301090,APPROVE,2025-12-08 09:31:55,APPR.HQ_MGR
4399,PO,501090,SUBMIT,2025-12-10 11:38:59,SYS_PRC_AUTOCREATE
4400,PO,501090,APPROVE,2025-12-11 13:01:17,APPR.HQ_MGR
4401,REQ,301091,SUBMIT,2026-06-15 13:14:44,J.THOMAS
4402,REQ,301091,APPROVE,2026-06-18 10:22:45,APPR.FM_MGR
4403,PO,501091,SUBMIT,2026-06-19 13:29:35,BUYER.OMAR
4404,PO,501091,APPROVE,2026-06-22 10:55:17,APPR.FM_MGR
4405,REQ,301092,SUBMIT,2025-06-10 12:45:17,A.KHAN
4406,REQ,301092,APPROVE,2025-07-01 15:09:15,APPR.OPS_DIRECTOR
4407,PO,501092,SUBMIT,2025-07-09 09:47:46,SYS_PRC_AUTOCREATE
4408,PO,501092,APPROVE,2025-07-10 15:57:08,APPR.OPS_MGR
4409,REQ,301093,SUBMIT,2025-06-27 15:29:23,J.THOMAS
4410,REQ,301093,APPROVE,2025-06-30 09:59:35,APPR.FM_MGR
4411,PO,501093,SUBMIT,2025-07-01 11:47:15,SYS_PRC_AUTOCREATE
4412,PO,501093,APPROVE,2025-07-02 17:30:49,APPR.FM_MGR
4413,REQ,301094,SUBMIT,2025-01-28 10:06:49,S.HASSAN
4414,REQ,301094,APPROVE,2025-01-31 09:43:21,APPR.HQ_MGR
4415,PO,501094,SUBMIT,2025-02-03 09:47:32,SYS_PRC_AUTOCREATE
4416,PO,501094,APPROVE,2025-02-04 09:58:50,APPR.HQ_MGR
4417,REQ,301095,SUBMIT,2026-06-03 09:05:11,F.ALI
4418,REQ,301095,APPROVE,2026-06-04 16:11:28,APPR.HQ_MGR
4419,PO,501095,SUBMIT,2026-06-05 11:30:01,SYS_PRC_AUTOCREATE
4420,PO,501095,APPROVE,2026-06-08 08:02:20,APPR.HQ_MGR
4421,REQ,301096,SUBMIT,2024-11-04 10:55:34,M.RAHMAN
4422,REQ,301096,APPROVE,2024-11-05 10:32:22,APPR.HQ_MGR
4423,PO,501096,SUBMIT,2024-11-07 12:16:36,SYS_PRC_AUTOCREATE
4424,PO,501096,APPROVE,2024-11-08 08:40:23,APPR.HQ_MGR
4425,REQ,301097,SUBMIT,2024-12-12 10:03:22,A.KHAN
4426,REQ,301097,APPROVE,2024-12-13 09:42:04,APPR.HQ_MGR
4427,PO,501097,SUBMIT,2024-12-18 09:21:03,BUYER.OMAR
4428,PO,501097,APPROVE,2024-12-19 08:10:15,APPR.HQ_MGR
4429,REQ,301098,SUBMIT,2025-04-29 10:38:40,A.KHAN
4430,REQ,301098,APPROVE,2025-04-29 17:47:21,APPR.HQ_MGR
4431,PO,501098,SUBMIT,2025-05-01 15:00:08,SYS_PRC_AUTOCREATE
4432,PO,501098,APPROVE,2025-05-02 08:43:02,APPR.HQ_MGR
4433,REQ,301099,SUBMIT,2025-01-27 15:35:42,F.ALI
4434,REQ,301099,REJECT,2025-01-29 09:15:34,APPR.OPS_MGR
4435,REQ,301099,SUBMIT,2025-01-31 09:46:13,F.ALI
4436,REQ,301099,APPROVE,2025-01-31 13:09:30,APPR.OPS_MGR
4437,PO,501099,SUBMIT,2025-02-04 10:03:55,SYS_PRC_AUTOCREATE
4438,PO,501099,APPROVE,2025-02-05 14:09:32,APPR.OPS_MGR
4439,REQ,301100,SUBMIT,2025-05-09 10:39:31,S.HASSAN
4440,REQ,301100,APPROVE,2025-05-16 14:27:12,APPR.OPS_DIRECTOR
4441,PO,501100,SUBMIT,2025-05-19 10:56:51,SYS_PRC_AUTOCREATE
4442,PO,501100,APPROVE,2025-05-19 14:50:49,APPR.OPS_MGR
