REQUISITION_LINE_ID,REQUISITION_HEADER_ID,LINE_NUMBER,CATEGORY_NAME,QUANTITY,UNIT_PRICE,CURRENCY_CODE,SUGGESTED_VENDOR_ID,PO_LINE_ID,CREATION_DATE
3000011,300001,1,Office Supplies,13,292.09,AED,9020,5000011,2026-02-16 10:44:11
3000031,300003,1,Marketing Materials,35,11387.73,AED,9004,5000031,2025-08-08 09:00:18
3000032,300003,2,Marketing Materials,22,2117.51,AED,9004,5000032,2025-08-08 09:00:18
3000041,300004,1,Office Supplies,37,238.96,AED,9005,5000041,2026-05-01 08:38:54
3000042,300004,2,Office Supplies,16,318.16,AED,9005,5000042,2026-05-01 08:38:54
3000051,300005,1,Professional Services,1,84357.66,AED,9017,5000051,2026-06-01 17:02:17
3000052,300005,2,Professional Services,1,17963.14,AED,9017,5000052,2026-06-01 17:02:17
3000053,300005,3,Professional Services,1,81095.99,AED,9017,5000053,2026-06-01 17:02:17
3000061,300006,1,Office Supplies,14,212.24,AED,9004,5000061,2025-01-03 16:57:17
3000091,300009,1,Office Supplies,36,336.82,AED,9019,5000091,2025-05-06 08:27:38
3000101,300010,1,Facilities Maintenance,1,12176.49,AED,9008,5000101,2025-03-21 09:04:32
3000102,300010,2,Facilities Maintenance,1,31440.48,AED,9008,5000102,2025-03-21 09:04:32
3000103,300010,3,Facilities Maintenance,1,20156.99,AED,9008,5000103,2025-03-21 09:04:32
3000111,300011,1,Professional Services,1,63074.54,AED,9006,5000111,2025-03-03 08:05:25
3000131,300013,1,Software Licenses,1,21739.65,AED,9012,5000131,2026-02-16 08:18:47
3000132,300013,2,Software Licenses,1,53058.56,AED,9012,5000132,2026-02-16 08:18:47
3000171,300017,1,Office Supplies,20,229.32,AED,9008,5000171,2025-03-10 15:51:47
3000172,300017,2,Office Supplies,36,175.04,AED,9008,5000172,2025-03-10 15:51:47
3000181,300018,1,IT Hardware,1,6724.04,AED,9017,5000181,2026-04-13 09:21:26
3000182,300018,2,IT Hardware,27,7941.65,AED,9017,5000182,2026-04-13 09:21:26
3000183,300018,3,IT Hardware,10,1413.59,AED,9017,5000183,2026-04-13 09:21:26
3000191,300019,1,Facilities Maintenance,1,9169.85,AED,9015,5000191,2025-03-19 14:26:59
3000192,300019,2,Facilities Maintenance,1,16310.69,AED,9015,5000192,2025-03-19 14:26:59
3000193,300019,3,Facilities Maintenance,1,20103.51,AED,9015,5000193,2025-03-19 14:26:59
3000201,300020,1,Software Licenses,1,44004.57,AED,9008,5000201,2026-04-29 09:05:26
3000202,300020,2,Software Licenses,1,58836.65,AED,9008,5000202,2026-04-29 09:05:26
3000203,300020,3,Software Licenses,1,58101.65,AED,9008,5000203,2026-04-29 09:05:26
3000221,300022,1,Office Supplies,2,43.11,AED,9010,5000221,2025-09-08 11:19:46
3000231,300023,1,Marketing Materials,39,5030.51,AED,9002,5000231,2025-09-11 08:22:12
3000232,300023,2,Marketing Materials,7,8879.82,AED,9002,5000232,2025-09-11 08:22:12
3000233,300023,3,Marketing Materials,14,2743.59,AED,9002,5000233,2025-09-11 08:22:12
3000241,300024,1,IT Hardware,14,7092.27,AED,9007,5000241,2026-03-31 09:00:03
3000251,300025,1,Office Supplies,5,87.32,AED,9005,5000251,2025-11-10 10:28:03
3000252,300025,2,Office Supplies,32,196.3,AED,9005,5000252,2025-11-10 10:28:03
3000261,300026,1,Facilities Maintenance,1,26777.72,AED,9009,5000261,2026-06-17 09:28:44
3000262,300026,2,Facilities Maintenance,1,36394.19,AED,9009,5000262,2026-06-17 09:28:44
3000271,300027,1,Facilities Maintenance,1,19274.68,AED,9019,5000271,2025-10-13 08:52:35
3000272,300027,2,Facilities Maintenance,1,12348.21,AED,9019,5000272,2025-10-13 08:52:35
3000273,300027,3,Facilities Maintenance,1,16202.09,AED,9019,5000273,2025-10-13 08:52:35
3000281,300028,1,Facilities Maintenance,1,3338.35,AED,9008,5000281,2025-07-28 10:29:22
3000301,300030,1,Software Licenses,1,23576.78,AED,9015,5000301,2025-10-14 13:31:53
3000302,300030,2,Software Licenses,1,46258.9,AED,9015,5000302,2025-10-14 13:31:53
3000303,300030,3,Software Licenses,1,35287.46,AED,9015,5000303,2025-10-14 13:31:53
3000331,300033,1,Marketing Materials,1,12784.0,AED,9016,,2025-08-05 09:46:13
3000351,300035,1,Facilities Maintenance,1,11722.92,AED,9001,5000351,2026-08-27 10:36:44
3000352,300035,2,Facilities Maintenance,1,26740.25,AED,9001,5000352,2026-08-27 10:36:44
3000361,300036,1,Software Licenses,1,22230.58,AED,9016,5000361,2026-07-30 14:17:54
3000381,300038,1,Facilities Maintenance,1,30519.63,AED,9013,5000381,2026-08-14 09:37:15
3000391,300039,1,IT Hardware,32,1545.72,AED,9007,5000391,2024-11-11 08:32:37
3000392,300039,2,IT Hardware,33,4452.96,AED,9007,5000392,2024-11-11 08:32:37
3000401,300040,1,IT Hardware,7,5670.34,AED,9008,,2025-08-18 10:45:43
3000411,300041,1,Marketing Materials,20,4489.73,AED,9017,5000411,2025-11-03 10:56:58
3000421,300042,1,IT Hardware,39,6570.9,AED,9016,5000421,2025-04-21 09:17:44
3000422,300042,2,IT Hardware,26,8304.04,AED,9016,5000422,2025-04-21 09:17:44
3000423,300042,3,IT Hardware,36,3437.24,AED,9016,5000423,2025-04-21 09:17:44
3000431,300043,1,IT Hardware,13,5882.2,AED,9017,5000431,2025-03-31 11:29:46
3000441,300044,1,Professional Services,1,88954.15,AED,9003,5000441,2025-11-10 09:43:07
3000451,300045,1,Professional Services,1,67126.18,AED,9018,5000451,2025-06-11 08:38:09
3000452,300045,2,Professional Services,1,13676.67,AED,9018,5000452,2025-06-11 08:38:09
3000461,300046,1,Facilities Maintenance,1,25866.74,AED,9010,5000461,2026-04-13 09:24:48
3000462,300046,2,Facilities Maintenance,1,38758.88,AED,9010,5000462,2026-04-13 09:24:48
3000471,300047,1,IT Hardware,15,4987.55,AED,9001,5000471,2025-10-07 10:44:10
3000481,300048,1,Software Licenses,1,28537.92,AED,9012,5000481,2025-04-07 13:59:03
3000501,300050,1,Office Supplies,39,224.73,AED,9012,5000501,2025-04-28 10:17:41
3000502,300050,2,Office Supplies,21,392.02,AED,9012,5000502,2025-04-28 10:17:41
3000511,300051,1,Facilities Maintenance,1,25607.91,AED,9002,5000511,2026-05-22 08:07:33
3000521,300052,1,Software Licenses,1,27658.26,AED,9014,5000521,2026-07-06 08:48:05
3000522,300052,2,Software Licenses,1,14600.19,AED,9014,5000522,2026-07-06 08:48:05
3000531,300053,1,Office Supplies,14,35.13,AED,9003,5000531,2024-11-13 09:32:44
3000541,300054,1,Professional Services,1,79945.4,AED,9017,5000541,2025-11-10 09:10:57
3000561,300056,1,Marketing Materials,21,2650.7,AED,9020,,2026-02-23 11:27:39
3000571,300057,1,IT Hardware,15,1871.86,AED,9002,5000571,2025-04-04 08:01:44
3000572,300057,2,IT Hardware,26,3852.37,AED,9002,5000572,2025-04-04 08:01:44
3000573,300057,3,IT Hardware,6,5575.06,AED,9002,5000573,2025-04-04 08:01:44
3000581,300058,1,Office Supplies,32,176.56,AED,9008,5000581,2024-12-02 17:18:06
3000582,300058,2,Office Supplies,36,202.03,AED,9008,5000582,2024-12-02 17:18:06
3000591,300059,1,Office Supplies,31,20.26,AED,9008,5000591,2026-07-20 08:51:54
3000601,300060,1,Software Licenses,1,30778.73,AED,9019,5000601,2025-05-26 08:15:00
3000611,300061,1,Facilities Maintenance,1,17257.27,AED,9007,5000611,2025-10-22 10:18:08
3000612,300061,2,Facilities Maintenance,1,22833.33,AED,9007,5000612,2025-10-22 10:18:08
3000613,300061,3,Facilities Maintenance,1,37134.58,AED,9007,5000613,2025-10-22 10:18:08
3000621,300062,1,Office Supplies,29,85.69,AED,9020,5000621,2026-09-07 08:51:16
3000641,300064,1,Facilities Maintenance,1,33204.99,AED,9007,5000641,2025-09-29 10:59:06
3000651,300065,1,Office Supplies,20,280.08,AED,9020,5000651,2026-09-07 16:16:27
3000652,300065,2,Office Supplies,31,44.26,AED,9020,5000652,2026-09-07 16:16:27
3000661,300066,1,Facilities Maintenance,1,19354.78,AED,9009,5000661,2024-11-08 09:05:47
3000662,300066,2,Facilities Maintenance,1,6034.59,AED,9009,5000662,2024-11-08 09:05:47
3000671,300067,1,IT Hardware,19,4538.6,AED,9002,5000671,2025-10-08 10:21:56
3000681,300068,1,Professional Services,1,118914.25,AED,9007,5000681,2026-08-28 09:45:03
3000682,300068,2,Professional Services,1,126409.83,AED,9007,5000682,2026-08-28 09:45:03
3000691,300069,1,IT Hardware,4,8848.87,AED,9005,5000691,2026-07-14 12:39:04
3000692,300069,2,IT Hardware,11,1650.45,AED,9005,5000692,2026-07-14 12:39:04
3000711,300071,1,Facilities Maintenance,1,6148.71,AED,9020,5000711,2026-06-02 08:29:19
3000721,300072,1,Marketing Materials,40,10858.58,AED,9007,5000721,2026-02-04 10:08:59
3000731,300073,1,IT Hardware,29,7605.86,AED,9009,5000731,2026-07-14 17:06:22
3000741,300074,1,Marketing Materials,23,6962.18,AED,9001,5000741,2026-07-09 17:09:33
3000751,300075,1,Facilities Maintenance,1,30963.06,AED,9020,5000751,2025-08-11 09:52:21
3000761,300076,1,Office Supplies,23,68.72,AED,9016,5000761,2025-02-17 08:26:07
3000762,300076,2,Office Supplies,16,58.02,AED,9016,5000762,2025-02-17 08:26:07
3000763,300076,3,Office Supplies,40,46.53,AED,9016,5000763,2025-02-17 08:26:07
3000771,300077,1,Office Supplies,24,210.82,AED,9017,5000771,2026-01-19 10:43:46
3000781,300078,1,Professional Services,1,133484.79,AED,9020,5000781,2025-08-11 12:39:42
3000791,300079,1,Office Supplies,12,256.82,AED,9005,5000791,2026-03-03 09:59:43
3000792,300079,2,Office Supplies,33,120.52,AED,9005,5000792,2026-03-03 09:59:43
3000801,300080,1,Facilities Maintenance,1,7458.98,AED,9014,5000801,2026-01-12 09:16:34
3000811,300081,1,Marketing Materials,12,9784.22,AED,9020,5000811,2025-08-11 08:54:37
3000831,300083,1,Professional Services,1,74409.88,AED,9004,5000831,2024-10-09 10:49:50
3000832,300083,2,Professional Services,1,106489.48,AED,9004,5000832,2024-10-09 10:49:50
3000841,300084,1,Professional Services,1,105142.02,AED,9004,5000841,2025-12-08 10:36:04
3000851,300085,1,Marketing Materials,26,1993.64,AED,9003,,2024-11-15 14:40:39
3000861,300086,1,Facilities Maintenance,1,6554.17,AED,9015,5000861,2024-10-21 10:17:00
3000862,300086,2,Facilities Maintenance,1,33782.93,AED,9015,5000862,2024-10-21 10:17:00
3000871,300087,1,Office Supplies,35,327.35,AED,9009,5000871,2025-07-23 08:11:49
3000881,300088,1,IT Hardware,14,4677.17,AED,9017,5000881,2025-01-22 09:46:20
3000882,300088,2,IT Hardware,20,8476.97,AED,9017,5000882,2025-01-22 09:46:20
3000891,300089,1,Facilities Maintenance,1,18343.75,AED,9002,5000891,2025-04-29 17:18:08
3000901,300090,1,Facilities Maintenance,1,4228.65,AED,9008,5000901,2025-02-27 09:59:44
3000902,300090,2,Facilities Maintenance,1,37313.12,AED,9008,5000902,2025-02-27 09:59:44
3000911,300091,1,Office Supplies,27,310.39,AED,9011,5000911,2025-11-07 15:33:47
3000912,300091,2,Office Supplies,28,333.94,AED,9011,5000912,2025-11-07 15:33:47
3000913,300091,3,Office Supplies,21,251.2,AED,9011,5000913,2025-11-07 15:33:47
3000921,300092,1,Office Supplies,19,318.82,AED,9003,5000921,2025-01-15 09:05:34
3000931,300093,1,Software Licenses,1,52387.64,AED,9020,5000931,2026-02-09 08:19:33
3000932,300093,2,Software Licenses,1,49567.77,AED,9020,5000932,2026-02-09 08:19:33
3000933,300093,3,Software Licenses,1,2796.53,AED,9020,5000933,2026-02-09 08:19:33
3000941,300094,1,Office Supplies,22,360.93,AED,9009,5000941,2026-01-13 16:56:56
3000951,300095,1,Office Supplies,15,281.2,AED,9008,5000951,2026-04-13 13:49:06
3000952,300095,2,Office Supplies,23,50.2,AED,9008,5000952,2026-04-13 13:49:06
3000961,300096,1,Software Licenses,1,53295.06,AED,9010,5000961,2026-04-07 09:29:51
3000971,300097,1,IT Hardware,1,4560.87,AED,9020,5000971,2024-10-07 09:15:45
3000972,300097,2,IT Hardware,32,5256.71,AED,9020,5000972,2024-10-07 09:15:45
3000981,300098,1,Marketing Materials,31,10999.07,AED,9017,5000981,2026-06-01 09:33:47
3000982,300098,2,Marketing Materials,39,14041.43,AED,9017,5000982,2026-06-01 09:33:47
3000983,300098,3,Marketing Materials,19,6692.28,AED,9017,5000983,2026-06-01 09:33:47
3000991,300099,1,Software Licenses,1,12867.98,AED,9019,5000991,2026-04-13 09:01:19
3000992,300099,2,Software Licenses,1,8776.99,AED,9019,5000992,2026-04-13 09:01:19
3001001,300100,1,Office Supplies,8,123.61,AED,9011,5001001,2024-10-14 10:35:18
3001002,300100,2,Office Supplies,11,123.98,AED,9011,5001002,2024-10-14 10:35:18
3001011,300101,1,Software Licenses,1,23080.06,AED,9020,5001011,2025-02-10 10:21:19
3001021,300102,1,Software Licenses,1,6037.24,AED,9010,5001021,2026-04-06 12:15:08
3001022,300102,2,Software Licenses,1,8307.19,AED,9010,5001022,2026-04-06 12:15:08
3001023,300102,3,Software Licenses,1,49215.87,AED,9010,5001023,2026-04-06 12:15:08
3001041,300104,1,IT Hardware,34,8865.35,AED,9005,5001041,2024-11-26 10:05:20
3001042,300104,2,IT Hardware,18,4612.48,AED,9005,5001042,2024-11-26 10:05:20
3001051,300105,1,IT Hardware,10,7668.44,AED,9005,5001051,2025-03-20 09:46:40
3001052,300105,2,IT Hardware,27,7117.02,AED,9005,5001052,2025-03-20 09:46:40
3001061,300106,1,Office Supplies,8,52.83,AED,9004,5001061,2026-01-13 10:36:54
3001062,300106,2,Office Supplies,39,69.36,AED,9004,5001062,2026-01-13 10:36:54
3001071,300107,1,IT Hardware,22,1459.75,AED,9003,5001071,2025-08-25 15:24:40
3001091,300109,1,Professional Services,1,95475.32,AED,9008,5001091,2025-09-23 10:04:18
3001092,300109,2,Professional Services,1,15266.97,AED,9008,5001092,2025-09-23 10:04:18
3001093,300109,3,Professional Services,1,35200.07,AED,9008,5001093,2025-09-23 10:04:18
3001101,300110,1,Software Licenses,1,23780.88,AED,9014,5001101,2025-09-12 08:26:11
3001102,300110,2,Software Licenses,1,14798.44,AED,9014,5001102,2025-09-12 08:26:11
3001103,300110,3,Software Licenses,1,29317.44,AED,9014,5001103,2025-09-12 08:26:11
3001111,300111,1,IT Hardware,33,1075.69,AED,9016,5001111,2026-05-04 10:52:07
3001112,300111,2,IT Hardware,34,4033.43,AED,9016,5001112,2026-05-04 10:52:07
3001121,300112,1,IT Hardware,22,5153.55,AED,9013,5001121,2025-12-15 10:50:16
3001122,300112,2,IT Hardware,19,4292.4,AED,9013,5001122,2025-12-15 10:50:16
3001123,300112,3,IT Hardware,18,6524.05,AED,9013,5001123,2025-12-15 10:50:16
3001131,300113,1,IT Hardware,10,4869.9,AED,9006,5001131,2026-06-18 14:52:56
3001141,300114,1,Office Supplies,24,90.11,AED,9005,5001141,2025-11-07 08:42:51
3001151,300115,1,Marketing Materials,26,3319.53,AED,9003,5001151,2026-07-13 12:56:58
3001152,300115,2,Marketing Materials,21,9245.99,AED,9003,5001152,2026-07-13 12:56:58
3001153,300115,3,Marketing Materials,33,14179.33,AED,9003,5001153,2026-07-13 12:56:58
3001161,300116,1,IT Hardware,32,8235.7,AED,9010,5001161,2026-01-05 08:07:30
3001171,300117,1,Facilities Maintenance,1,7450.36,AED,9006,5001171,2025-03-10 08:50:27
3001181,300118,1,Facilities Maintenance,1,7681.46,AED,9019,5001181,2025-09-24 10:39:11
3001191,300119,1,Professional Services,1,149821.27,AED,9012,5001191,2025-09-17 12:41:09
3001201,300120,1,IT Hardware,30,2455.84,AED,9017,5001201,2025-04-07 09:51:33
3001202,300120,2,IT Hardware,32,4820.05,AED,9017,5001202,2025-04-07 09:51:33
3001211,300121,1,Marketing Materials,8,5395.12,AED,9003,5001211,2026-06-10 10:32:13
3001212,300121,2,Marketing Materials,2,8307.04,AED,9003,5001212,2026-06-10 10:32:13
3001213,300121,3,Marketing Materials,3,7183.19,AED,9003,5001213,2026-06-10 10:32:13
3001221,300122,1,Office Supplies,4,218.46,AED,9014,5001221,2026-02-03 09:54:42
3001222,300122,2,Office Supplies,24,195.74,AED,9014,5001222,2026-02-03 09:54:42
3001223,300122,3,Office Supplies,16,77.18,AED,9014,5001223,2026-02-03 09:54:42
3001231,300123,1,Software Licenses,1,8195.21,AED,9014,5001231,2025-03-03 09:28:15
3001241,300124,1,Facilities Maintenance,1,37709.07,AED,9003,5001241,2026-05-25 10:21:54
3001242,300124,2,Facilities Maintenance,1,19637.01,AED,9003,5001242,2026-05-25 10:21:54
3001243,300124,3,Facilities Maintenance,1,17399.01,AED,9003,5001243,2026-05-25 10:21:54
3001251,300125,1,IT Hardware,39,2933.29,AED,9013,5001251,2025-01-30 15:18:31
3001252,300125,2,IT Hardware,6,8655.87,AED,9013,5001252,2025-01-30 15:18:31
3001261,300126,1,Professional Services,1,141505.07,AED,9012,5001261,2026-03-20 08:00:47
3001262,300126,2,Professional Services,1,145409.38,AED,9012,5001262,2026-03-20 08:00:47
3001263,300126,3,Professional Services,1,93752.49,AED,9012,5001263,2026-03-20 08:00:47
3001271,300127,1,IT Hardware,19,2281.37,AED,9012,5001271,2025-01-29 10:52:32
3001281,300128,1,Facilities Maintenance,1,29831.74,AED,9016,5001281,2025-12-08 12:17:36
3001282,300128,2,Facilities Maintenance,1,36985.44,AED,9016,5001282,2025-12-08 12:17:36
3001283,300128,3,Facilities Maintenance,1,36293.77,AED,9016,5001283,2025-12-08 12:17:36
3001291,300129,1,Marketing Materials,30,11481.64,AED,9010,5001291,2025-08-18 17:06:21
3001301,300130,1,IT Hardware,10,6127.87,AED,9007,5001301,2025-08-08 14:07:48
3001311,300131,1,Professional Services,1,97177.54,AED,9016,5001311,2026-01-06 09:44:44
3001321,300132,1,Facilities Maintenance,1,10227.57,AED,9014,5001321,2025-11-07 09:16:05
3001331,300133,1,Software Licenses,1,15234.56,AED,9017,5001331,2026-04-27 09:58:01
3001341,300134,1,Software Licenses,1,33171.14,AED,9010,5001341,2025-07-07 10:47:20
3001351,300135,1,Professional Services,1,18707.11,AED,9014,5001351,2026-06-29 09:13:10
3001361,300136,1,Professional Services,1,29393.12,AED,9020,5001361,2025-12-30 09:42:29
3001371,300137,1,Software Licenses,1,7198.46,AED,9006,5001371,2025-05-08 08:35:19
3001381,300138,1,IT Hardware,17,7683.8,AED,9016,5001381,2025-06-30 09:53:03
3001421,300142,1,Software Licenses,1,4556.11,AED,9008,5001421,2024-12-31 10:27:06
3001441,300144,1,Professional Services,1,70135.62,AED,9012,5001441,2025-12-30 08:48:46
3001461,300146,1,Software Licenses,1,36046.21,AED,9016,5001461,2025-10-31 09:46:39
3001471,300147,1,Software Licenses,1,59666.93,AED,9005,5001471,2026-07-16 10:55:15
3001472,300147,2,Software Licenses,1,34955.07,AED,9005,5001472,2026-07-16 10:55:15
3001473,300147,3,Software Licenses,1,48350.46,AED,9005,5001473,2026-07-16 10:55:15
3001481,300148,1,Marketing Materials,1,14870.73,AED,9015,5001481,2025-08-15 16:45:14
3001491,300149,1,Office Supplies,5,262.77,AED,9002,5001491,2026-01-27 09:24:28
3001501,300150,1,Office Supplies,4,337.87,AED,9007,5001501,2026-05-04 10:42:34
3001511,300151,1,Software Licenses,1,36792.29,AED,9009,5001511,2026-01-28 16:46:22
3001512,300151,2,Software Licenses,1,58922.12,AED,9009,5001512,2026-01-28 16:46:22
3001513,300151,3,Software Licenses,1,42386.29,AED,9009,5001513,2026-01-28 16:46:22
3001521,300152,1,Software Licenses,1,10208.86,AED,9002,5001521,2024-12-05 14:35:28
3001522,300152,2,Software Licenses,1,13844.76,AED,9002,5001522,2024-12-05 14:35:28
3001531,300153,1,Office Supplies,27,377.31,AED,9012,5001531,2026-08-26 09:24:13
3001541,300154,1,Office Supplies,25,242.71,AED,9018,5001541,2026-07-24 08:06:28
3001542,300154,2,Office Supplies,27,305.94,AED,9018,5001542,2026-07-24 08:06:28
3001551,300155,1,Software Licenses,1,23949.27,AED,9012,5001551,2025-06-12 13:27:41
3001552,300155,2,Software Licenses,1,5320.01,AED,9012,5001552,2025-06-12 13:27:41
3001561,300156,1,IT Hardware,16,2795.52,AED,9016,5001561,2026-01-15 17:13:33
3001562,300156,2,IT Hardware,11,6976.67,AED,9016,5001562,2026-01-15 17:13:33
3001571,300157,1,Office Supplies,7,170.22,AED,9020,5001571,2025-05-15 09:53:38
3001572,300157,2,Office Supplies,35,343.9,AED,9020,5001572,2025-05-15 09:53:38
3001581,300158,1,Marketing Materials,36,6209.7,AED,9007,5001581,2026-04-20 08:54:16
3001582,300158,2,Marketing Materials,9,5189.57,AED,9007,5001582,2026-04-20 08:54:16
3001591,300159,1,Software Licenses,1,59266.26,AED,9001,5001591,2026-02-09 08:50:08
3001592,300159,2,Software Licenses,1,29810.91,AED,9001,5001592,2026-02-09 08:50:08
3001601,300160,1,IT Hardware,13,1961.67,AED,9002,5001601,2026-06-05 08:08:17
3001611,300161,1,IT Hardware,37,7896.27,AED,9017,5001611,2025-10-30 08:27:52
3001621,300162,1,Marketing Materials,32,12221.03,AED,9010,5001621,2025-07-31 10:59:32
3001622,300162,2,Marketing Materials,1,14451.41,AED,9010,5001622,2025-07-31 10:59:32
3001631,300163,1,IT Hardware,30,3494.12,AED,9012,5001631,2025-06-11 08:22:58
3001641,300164,1,IT Hardware,32,7358.52,AED,9014,5001641,2026-02-23 17:44:51
3001651,300165,1,IT Hardware,18,8921.27,AED,9005,5001651,2026-07-27 09:01:38
3001681,300168,1,IT Hardware,17,7934.21,AED,9013,5001681,2025-04-11 10:40:47
3001682,300168,2,IT Hardware,39,5317.2,AED,9013,5001682,2025-04-11 10:40:47
3001683,300168,3,IT Hardware,29,2609.24,AED,9013,5001683,2025-04-11 10:40:47
3001691,300169,1,Marketing Materials,8,3755.58,AED,9004,5001691,2026-08-17 09:22:53
3001701,300170,1,Office Supplies,16,165.61,AED,9011,5001701,2025-10-29 10:34:42
3001711,300171,1,IT Hardware,3,5754.22,AED,9005,5001711,2025-02-03 08:00:10
3001721,300172,1,IT Hardware,20,869.53,AED,9011,5001721,2025-06-13 09:25:57
3001731,300173,1,Facilities Maintenance,1,32199.25,AED,9018,5001731,2025-08-22 08:59:10
3001732,300173,2,Facilities Maintenance,1,35962.69,AED,9018,5001732,2025-08-22 08:59:10
3001733,300173,3,Facilities Maintenance,1,20708.12,AED,9018,5001733,2025-08-22 08:59:10
3001741,300174,1,Professional Services,1,19026.01,AED,9007,5001741,2025-06-03 10:31:16
3001751,300175,1,Office Supplies,21,25.39,AED,9005,5001751,2026-07-06 08:31:32
3001761,300176,1,IT Hardware,33,7516.22,AED,9010,5001761,2025-06-09 11:40:09
3001762,300176,2,IT Hardware,8,6534.4,AED,9010,5001762,2025-06-09 11:40:09
3001763,300176,3,IT Hardware,30,4195.24,AED,9010,5001763,2025-06-09 11:40:09
3001771,300177,1,Marketing Materials,27,973.78,AED,9008,5001771,2024-10-21 09:53:43
3001781,300178,1,Office Supplies,2,302.09,AED,9003,5001781,2025-12-29 15:23:15
3001782,300178,2,Office Supplies,9,393.7,AED,9003,5001782,2025-12-29 15:23:15
3001791,300179,1,Professional Services,1,65991.9,AED,9014,5001791,2025-02-03 15:59:07
3001792,300179,2,Professional Services,1,37027.59,AED,9014,5001792,2025-02-03 15:59:07
3001801,300180,1,Marketing Materials,27,10390.91,AED,9003,5001801,2025-05-19 08:03:00
3001802,300180,2,Marketing Materials,28,5107.86,AED,9003,5001802,2025-05-19 08:03:00
3001821,300182,1,Marketing Materials,33,2032.08,AED,9015,5001821,2025-06-18 09:55:38
3001822,300182,2,Marketing Materials,9,3672.38,AED,9015,5001822,2025-06-18 09:55:38
3001831,300183,1,Software Licenses,1,25464.45,AED,9020,5001831,2025-03-07 10:17:59
3001832,300183,2,Software Licenses,1,24787.35,AED,9020,5001832,2025-03-07 10:17:59
3001841,300184,1,Professional Services,1,52158.76,AED,9001,5001841,2026-01-19 17:09:33
3001842,300184,2,Professional Services,1,56723.44,AED,9001,5001842,2026-01-19 17:09:33
3001843,300184,3,Professional Services,1,82496.35,AED,9001,5001843,2026-01-19 17:09:33
3001851,300185,1,Facilities Maintenance,1,9867.02,AED,9001,5001851,2026-05-14 08:03:31
3001871,300187,1,Marketing Materials,4,10672.8,AED,9017,5001871,2026-03-16 09:40:40
3001872,300187,2,Marketing Materials,34,2590.2,AED,9017,5001872,2026-03-16 09:40:40
3001881,300188,1,Software Licenses,1,8967.34,AED,9001,5001881,2025-07-07 10:36:30
3001891,300189,1,Professional Services,1,42414.84,AED,9016,5001891,2026-04-06 10:50:55
3001901,300190,1,Software Licenses,1,38277.3,AED,9003,5001901,2026-06-18 10:05:37
3001911,300191,1,Software Licenses,1,56983.86,AED,9016,,2026-07-09 14:11:51
3001921,300192,1,IT Hardware,15,6132.76,AED,9002,5001921,2025-08-05 12:48:25
3001931,300193,1,Office Supplies,9,250.33,AED,9008,5001931,2026-08-03 08:31:53
3001932,300193,2,Office Supplies,31,269.88,AED,9008,5001932,2026-08-03 08:31:53
3001933,300193,3,Office Supplies,5,49.02,AED,9008,5001933,2026-08-03 08:31:53
3001941,300194,1,Facilities Maintenance,1,24251.91,AED,9009,5001941,2026-05-18 09:55:56
3001942,300194,2,Facilities Maintenance,1,30654.21,AED,9009,5001942,2026-05-18 09:55:56
3001943,300194,3,Facilities Maintenance,1,14626.36,AED,9009,5001943,2026-05-18 09:55:56
3001961,300196,1,Facilities Maintenance,1,15679.62,AED,9020,5001961,2025-04-28 08:58:27
3001971,300197,1,Software Licenses,1,15326.27,AED,9015,5001971,2026-09-07 12:32:37
3001972,300197,2,Software Licenses,1,50013.62,AED,9015,5001972,2026-09-07 12:32:37
3001981,300198,1,IT Hardware,27,5972.82,AED,9012,5001981,2026-03-09 09:53:03
3001982,300198,2,IT Hardware,28,3172.19,AED,9012,5001982,2026-03-09 09:53:03
3001983,300198,3,IT Hardware,31,6540.93,AED,9012,5001983,2026-03-09 09:53:03
3001991,300199,1,Marketing Materials,33,5362.39,AED,9003,5001991,2025-08-21 10:32:35
3002001,300200,1,Office Supplies,15,352.51,AED,9006,5002001,2025-10-24 12:58:20
3002002,300200,2,Office Supplies,32,206.28,AED,9006,5002002,2025-10-24 12:58:20
3002003,300200,3,Office Supplies,26,247.18,AED,9006,5002003,2025-10-24 12:58:20
3002011,300201,1,Office Supplies,34,99.98,AED,9003,5002011,2025-01-21 10:25:54
3002012,300201,2,Office Supplies,35,95.41,AED,9003,5002012,2025-01-21 10:25:54
3002021,300202,1,Office Supplies,38,321.2,AED,9005,5002021,2025-02-17 10:54:53
3002041,300204,1,IT Hardware,19,6703.53,AED,9010,5002041,2026-06-22 08:40:53
3002051,300205,1,Office Supplies,14,126.39,AED,9005,5002051,2025-04-07 08:08:34
3002071,300207,1,IT Hardware,4,3376.74,AED,9015,5002071,2026-06-02 14:12:06
3002072,300207,2,IT Hardware,35,3075.32,AED,9015,5002072,2026-06-02 14:12:06
3002081,300208,1,Facilities Maintenance,1,11684.99,AED,9009,5002081,2025-11-19 09:49:34
3002082,300208,2,Facilities Maintenance,1,20360.6,AED,9009,5002082,2025-11-19 09:49:34
3002091,300209,1,Professional Services,1,45360.47,AED,9016,5002091,2026-01-29 09:02:05
3002092,300209,2,Professional Services,1,62250.07,AED,9016,5002092,2026-01-29 09:02:05
3002093,300209,3,Professional Services,1,57302.96,AED,9016,5002093,2026-01-29 09:02:05
3002101,300210,1,Professional Services,1,140936.74,AED,9005,5002101,2025-07-14 09:57:06
3002121,300212,1,Facilities Maintenance,1,2361.76,AED,9010,5002121,2026-08-11 12:09:30
3002131,300213,1,Marketing Materials,25,7396.24,AED,9020,5002131,2025-11-03 17:23:46
3002141,300214,1,Marketing Materials,23,11393.57,AED,9013,5002141,2025-04-18 09:34:33
3002142,300214,2,Marketing Materials,27,13556.65,AED,9013,5002142,2025-04-18 09:34:33
3002151,300215,1,Marketing Materials,16,12052.93,AED,9020,5002151,2026-08-27 13:20:19
3002161,300216,1,IT Hardware,5,4557.58,AED,9011,5002161,2026-03-26 09:18:12
3002162,300216,2,IT Hardware,32,6970.52,AED,9011,5002162,2026-03-26 09:18:12
3002171,300217,1,Software Licenses,1,30071.91,AED,9017,5002171,2025-06-30 14:36:35
3002201,300220,1,Software Licenses,1,20778.39,AED,9019,5002201,2025-07-11 08:54:41
3002202,300220,2,Software Licenses,1,13130.44,AED,9019,5002202,2025-07-11 08:54:41
3002221,300222,1,Software Licenses,1,28726.61,AED,9011,5002221,2025-05-27 10:45:15
3002231,300223,1,Professional Services,1,97316.56,AED,9019,5002231,2025-07-07 08:14:56
3002241,300224,1,IT Hardware,33,8288.92,AED,9003,5002241,2025-09-15 17:06:02
3002242,300224,2,IT Hardware,34,1797.97,AED,9003,5002242,2025-09-15 17:06:02
3002243,300224,3,IT Hardware,14,1786.94,AED,9003,5002243,2025-09-15 17:06:02
3002251,300225,1,IT Hardware,3,5223.69,AED,9005,5002251,2024-10-11 16:20:38
3002252,300225,2,IT Hardware,39,6724.69,AED,9005,5002252,2024-10-11 16:20:38
3002253,300225,3,IT Hardware,11,2097.02,AED,9005,5002253,2024-10-11 16:20:38
3002271,300227,1,Office Supplies,33,89.39,AED,9003,5002271,2025-02-20 10:22:57
3002272,300227,2,Office Supplies,33,94.05,AED,9003,5002272,2025-02-20 10:22:57
3002273,300227,3,Office Supplies,15,314.85,AED,9003,5002273,2025-02-20 10:22:57
3002291,300229,1,Software Licenses,1,36282.9,AED,9019,5002291,2026-01-20 08:49:05
3002301,300230,1,Software Licenses,1,33742.11,AED,9018,5002301,2025-07-15 09:49:58
3002302,300230,2,Software Licenses,1,20669.11,AED,9018,5002302,2025-07-15 09:49:58
3002321,300232,1,IT Hardware,35,3370.58,AED,9017,5002321,2025-06-09 10:41:44
3002322,300232,2,IT Hardware,39,2668.16,AED,9017,5002322,2025-06-09 10:41:44
3002331,300233,1,Office Supplies,11,298.37,AED,9003,5002331,2026-04-07 08:53:44
3002332,300233,2,Office Supplies,16,392.32,AED,9003,5002332,2026-04-07 08:53:44
3002341,300234,1,Office Supplies,29,31.53,AED,9005,5002341,2025-05-12 09:06:38
3002342,300234,2,Office Supplies,3,375.41,AED,9005,5002342,2025-05-12 09:06:38
3002343,300234,3,Office Supplies,8,326.74,AED,9005,5002343,2025-05-12 09:06:38
3002351,300235,1,IT Hardware,20,8115.16,AED,9007,5002351,2025-10-20 08:19:10
3002352,300235,2,IT Hardware,37,5250.85,AED,9007,5002352,2025-10-20 08:19:10
3002353,300235,3,IT Hardware,21,6861.91,AED,9007,5002353,2025-10-20 08:19:10
3002361,300236,1,Facilities Maintenance,1,34437.06,AED,9018,5002361,2025-04-07 08:25:33
3002371,300237,1,IT Hardware,27,5047.99,AED,9004,5002371,2025-01-30 11:44:43
3002372,300237,2,IT Hardware,2,5872.41,AED,9004,5002372,2025-01-30 11:44:43
3002381,300238,1,Marketing Materials,25,7221.0,AED,9015,5002381,2025-05-30 12:40:15
3002391,300239,1,Software Licenses,1,56115.17,AED,9016,5002391,2025-12-15 10:40:42
3002401,300240,1,Marketing Materials,38,8792.7,AED,9012,5002401,2025-11-10 09:05:46
3002402,300240,2,Marketing Materials,29,13462.83,AED,9012,5002402,2025-11-10 09:05:46
3002403,300240,3,Marketing Materials,32,14225.76,AED,9012,5002403,2025-11-10 09:05:46
3002411,300241,1,Professional Services,1,137867.84,AED,9003,5002411,2024-10-17 10:48:28
3002412,300241,2,Professional Services,1,130607.08,AED,9003,5002412,2024-10-17 10:48:28
3002413,300241,3,Professional Services,1,135414.68,AED,9003,5002413,2024-10-17 10:48:28
3002421,300242,1,IT Hardware,21,7001.55,AED,9003,5002421,2025-03-13 09:40:55
3002431,300243,1,Professional Services,1,75014.96,AED,9015,5002431,2025-07-03 16:16:51
3002432,300243,2,Professional Services,1,31375.88,AED,9015,5002432,2025-07-03 16:16:51
3002433,300243,3,Professional Services,1,113300.29,AED,9015,5002433,2025-07-03 16:16:51
3002441,300244,1,Professional Services,1,39323.84,AED,9012,5002441,2025-05-22 08:58:09
3002451,300245,1,Professional Services,1,85083.42,AED,9011,5002451,2026-01-06 10:38:29
3002452,300245,2,Professional Services,1,125379.1,AED,9011,5002452,2026-01-06 10:38:29
3002461,300246,1,IT Hardware,37,1122.93,AED,9010,5002461,2025-10-02 10:45:56
3002471,300247,1,Software Licenses,1,15311.35,AED,9019,5002471,2025-09-17 09:32:24
3002491,300249,1,Marketing Materials,18,10793.58,AED,9003,5002491,2025-04-14 10:52:31
3002492,300249,2,Marketing Materials,31,3439.13,AED,9003,5002492,2025-04-14 10:52:31
3002493,300249,3,Marketing Materials,18,853.99,AED,9003,5002493,2025-04-14 10:52:31
3002501,300250,1,Marketing Materials,26,8085.25,AED,9012,5002501,2025-06-09 09:44:56
3002502,300250,2,Marketing Materials,26,3676.54,AED,9012,5002502,2025-06-09 09:44:56
3002511,300251,1,Marketing Materials,31,997.96,AED,9011,5002511,2025-05-12 12:24:03
3002521,300252,1,Professional Services,1,29488.74,AED,9004,5002521,2026-03-16 08:30:56
3002531,300253,1,IT Hardware,18,5601.7,AED,9004,5002531,2026-05-04 09:58:00
3002532,300253,2,IT Hardware,1,3287.42,AED,9004,5002532,2026-05-04 09:58:00
3002541,300254,1,Software Licenses,1,24809.51,AED,9002,5002541,2025-08-29 09:19:30
3002551,300255,1,Marketing Materials,36,5156.57,AED,9012,5002551,2025-02-03 10:46:42
3002552,300255,2,Marketing Materials,30,8935.36,AED,9012,5002552,2025-02-03 10:46:42
3002561,300256,1,Facilities Maintenance,1,22817.84,AED,9008,5002561,2025-05-15 10:52:38
3002571,300257,1,Professional Services,1,127350.65,AED,9017,5002571,2025-06-24 16:00:42
3002572,300257,2,Professional Services,1,94917.55,AED,9017,5002572,2025-06-24 16:00:42
3002581,300258,1,Software Licenses,1,11664.47,AED,9008,5002581,2024-11-18 17:55:33
3002611,300261,1,Software Licenses,1,3431.64,AED,9018,5002611,2025-03-06 08:47:08
3002621,300262,1,Facilities Maintenance,1,9935.14,AED,9016,5002621,2025-01-27 09:45:48
3002622,300262,2,Facilities Maintenance,1,36732.66,AED,9016,5002622,2025-01-27 09:45:48
3002631,300263,1,Software Licenses,1,55847.77,AED,9020,5002631,2024-11-18 10:03:41
3002641,300264,1,IT Hardware,24,6365.67,AED,9005,5002641,2026-07-20 10:18:50
3002661,300266,1,Software Licenses,1,57509.63,AED,9017,5002661,2026-03-02 08:39:36
3002662,300266,2,Software Licenses,1,54623.8,AED,9017,5002662,2026-03-02 08:39:36
3002671,300267,1,Software Licenses,1,4770.3,AED,9013,5002671,2024-11-25 09:58:26
3002691,300269,1,Marketing Materials,15,12600.41,AED,9003,5002691,2026-01-05 09:46:11
3002692,300269,2,Marketing Materials,32,8583.14,AED,9003,5002692,2026-01-05 09:46:11
3002693,300269,3,Marketing Materials,30,6115.5,AED,9003,5002693,2026-01-05 09:46:11
3002701,300270,1,Marketing Materials,4,2484.93,AED,9011,5002701,2024-12-09 10:26:41
3002711,300271,1,Marketing Materials,8,6380.4,AED,9020,5002711,2025-02-14 16:23:25
3002721,300272,1,Professional Services,1,67876.61,AED,9017,,2026-06-23 08:18:15
3002731,300273,1,Professional Services,1,40879.19,AED,9009,5002731,2026-07-10 08:49:48
3002761,300276,1,Software Licenses,1,15296.91,AED,9014,5002761,2026-05-05 09:45:29
3002771,300277,1,Office Supplies,16,365.04,AED,9008,5002771,2025-10-24 17:23:09
3002772,300277,2,Office Supplies,33,346.16,AED,9008,5002772,2025-10-24 17:23:09
3002781,300278,1,IT Hardware,19,2938.59,AED,9017,5002781,2025-01-15 10:36:44
3002782,300278,2,IT Hardware,6,5275.36,AED,9017,5002782,2025-01-15 10:36:44
3002791,300279,1,IT Hardware,34,2315.08,AED,9020,5002791,2026-04-27 10:12:44
3002792,300279,2,IT Hardware,5,1297.84,AED,9020,5002792,2026-04-27 10:12:44
3002801,300280,1,Office Supplies,2,274.09,AED,9006,5002801,2025-09-02 09:26:04
3002811,300281,1,Facilities Maintenance,1,17155.91,AED,9008,5002811,2024-10-28 08:05:17
3002821,300282,1,Software Licenses,1,37014.1,AED,9002,5002821,2026-05-04 10:40:36
3002841,300284,1,Facilities Maintenance,1,37496.02,AED,9010,5002841,2025-08-21 09:37:55
3002842,300284,2,Facilities Maintenance,1,29014.13,AED,9010,5002842,2025-08-21 09:37:55
3002851,300285,1,Professional Services,1,14272.85,AED,9014,5002851,2025-05-12 10:14:00
3002852,300285,2,Professional Services,1,71878.51,AED,9014,5002852,2025-05-12 10:14:00
3002853,300285,3,Professional Services,1,114898.72,AED,9014,5002853,2025-05-12 10:14:00
3002861,300286,1,Office Supplies,3,344.76,AED,9009,5002861,2025-03-10 08:42:13
3002862,300286,2,Office Supplies,11,201.8,AED,9009,5002862,2025-03-10 08:42:13
3002871,300287,1,Professional Services,1,89158.99,AED,9002,5002871,2026-04-10 08:25:58
3002872,300287,2,Professional Services,1,140547.92,AED,9002,5002872,2026-04-10 08:25:58
3002873,300287,3,Professional Services,1,19351.18,AED,9002,5002873,2026-04-10 08:25:58
3002881,300288,1,Facilities Maintenance,1,10605.54,AED,9010,5002881,2024-12-12 15:43:15
3002882,300288,2,Facilities Maintenance,1,9388.28,AED,9010,5002882,2024-12-12 15:43:15
3002883,300288,3,Facilities Maintenance,1,11129.85,AED,9010,5002883,2024-12-12 15:43:15
3002891,300289,1,Software Licenses,1,22259.62,AED,9006,,2026-01-26 08:25:58
3002901,300290,1,Office Supplies,26,388.19,AED,9005,5002901,2026-03-25 08:35:55
3002911,300291,1,Professional Services,1,20918.86,AED,9009,5002911,2025-12-15 10:40:19
3002921,300292,1,Software Licenses,1,36428.51,AED,9017,5002921,2025-02-18 09:52:01
3002931,300293,1,IT Hardware,32,7138.63,AED,9020,5002931,2025-04-24 10:08:58
3002941,300294,1,Office Supplies,4,249.93,AED,9017,5002941,2026-05-21 09:00:33
3002951,300295,1,Software Licenses,1,15315.26,AED,9010,5002951,2026-01-07 08:04:18
3002961,300296,1,Software Licenses,1,37181.6,AED,9003,5002961,2026-06-22 10:00:28
3002981,300298,1,Software Licenses,1,56630.1,AED,9013,5002981,2025-11-13 09:55:36
3003021,300302,1,Facilities Maintenance,1,13317.39,AED,9018,5003021,2026-07-23 16:11:02
3003031,300303,1,Facilities Maintenance,1,18548.27,AED,9020,5003031,2026-01-28 09:23:41
3003041,300304,1,Facilities Maintenance,1,38224.67,AED,9012,,2025-07-14 10:35:23
3003042,300304,2,Facilities Maintenance,1,20443.28,AED,9012,,2025-07-14 10:35:23
3003043,300304,3,Facilities Maintenance,1,9180.54,AED,9012,,2025-07-14 10:35:23
3003051,300305,1,IT Hardware,1,3536.85,AED,9007,5003051,2026-09-16 08:38:35
3003071,300307,1,Office Supplies,25,383.07,AED,9010,5003071,2025-01-15 09:18:41
3003081,300308,1,Office Supplies,38,190.46,AED,9017,5003081,2024-11-29 16:52:25
3003082,300308,2,Office Supplies,10,361.03,AED,9017,5003082,2024-11-29 16:52:25
3003091,300309,1,Marketing Materials,38,5642.3,AED,9002,5003091,2026-02-23 09:57:06
3003101,300310,1,Software Licenses,1,22623.14,AED,9006,5003101,2025-07-18 17:47:14
3003102,300310,2,Software Licenses,1,46082.85,AED,9006,5003102,2025-07-18 17:47:14
3003103,300310,3,Software Licenses,1,49880.15,AED,9006,5003103,2025-07-18 17:47:14
3003111,300311,1,Marketing Materials,37,6537.67,AED,9010,5003111,2026-05-28 09:48:43
3003121,300312,1,Facilities Maintenance,1,13571.89,AED,9019,5003121,2026-01-16 08:07:50
3003131,300313,1,Facilities Maintenance,1,31934.36,AED,9006,5003131,2025-05-12 09:55:02
3003141,300314,1,Marketing Materials,9,11575.23,AED,9016,5003141,2025-12-15 11:46:00
3003151,300315,1,Software Licenses,1,26944.86,AED,9016,5003151,2026-02-11 10:24:44
3003161,300316,1,Marketing Materials,11,7594.64,AED,9010,5003161,2026-05-19 10:24:06
3003162,300316,2,Marketing Materials,2,3278.61,AED,9010,5003162,2026-05-19 10:24:06
3003181,300318,1,Facilities Maintenance,1,36325.5,AED,9006,5003181,2026-05-18 14:58:08
3003191,300319,1,Software Licenses,1,20520.83,AED,9018,5003191,2025-03-24 10:30:05
3003201,300320,1,Software Licenses,1,27927.21,AED,9010,5003201,2025-05-20 14:39:22
3003221,300322,1,IT Hardware,24,2984.49,AED,9009,,2025-11-03 10:18:15
3003222,300322,2,IT Hardware,9,1662.93,AED,9009,,2025-11-03 10:18:15
3003231,300323,1,Marketing Materials,4,1418.86,AED,9019,5003231,2025-07-14 11:57:40
3003241,300324,1,IT Hardware,28,1463.14,AED,9003,5003241,2026-06-22 10:23:15
3003251,300325,1,IT Hardware,10,3684.72,AED,9009,5003251,2025-11-06 11:00:09
3003261,300326,1,Facilities Maintenance,1,15068.91,AED,9015,5003261,2025-07-14 08:36:02
3003262,300326,2,Facilities Maintenance,1,15522.55,AED,9015,5003262,2025-07-14 08:36:02
3003271,300327,1,Office Supplies,21,330.68,AED,9012,5003271,2026-09-14 17:17:56
3003272,300327,2,Office Supplies,18,285.48,AED,9012,5003272,2026-09-14 17:17:56
3003273,300327,3,Office Supplies,6,279.38,AED,9012,5003273,2026-09-14 17:17:56
3003281,300328,1,IT Hardware,19,1328.16,AED,9017,5003281,2025-12-15 14:28:28
3003282,300328,2,IT Hardware,35,3259.11,AED,9017,5003282,2025-12-15 14:28:28
3003311,300331,1,IT Hardware,31,5186.82,AED,9011,5003311,2025-06-26 10:30:40
3003312,300331,2,IT Hardware,39,7836.26,AED,9011,5003312,2025-06-26 10:30:40
3003313,300331,3,IT Hardware,5,5289.41,AED,9011,5003313,2025-06-26 10:30:40
3003331,300333,1,Professional Services,1,108059.67,AED,9002,5003331,2026-07-28 08:36:27
3003341,300334,1,Office Supplies,39,381.14,AED,9016,5003341,2025-01-14 11:25:28
3003342,300334,2,Office Supplies,40,57.27,AED,9016,5003342,2025-01-14 11:25:28
3003343,300334,3,Office Supplies,40,373.52,AED,9016,5003343,2025-01-14 11:25:28
3003351,300335,1,Professional Services,1,63523.09,AED,9020,5003351,2025-08-05 09:08:53
3003352,300335,2,Professional Services,1,122965.06,AED,9020,5003352,2025-08-05 09:08:53
3003361,300336,1,Professional Services,1,137044.45,AED,9008,5003361,2026-07-09 08:34:27
3003381,300338,1,Facilities Maintenance,1,28110.81,AED,9012,5003381,2025-03-10 09:14:29
3003382,300338,2,Facilities Maintenance,1,33389.76,AED,9012,5003382,2025-03-10 09:14:29
3003383,300338,3,Facilities Maintenance,1,31595.92,AED,9012,5003383,2025-03-10 09:14:29
3003391,300339,1,Office Supplies,39,130.97,AED,9001,5003391,2026-09-09 10:36:03
3003392,300339,2,Office Supplies,10,151.52,AED,9001,5003392,2026-09-09 10:36:03
3003401,300340,1,Marketing Materials,25,9090.16,AED,9003,5003401,2025-08-19 08:44:43
3003402,300340,2,Marketing Materials,14,9068.55,AED,9003,5003402,2025-08-19 08:44:43
3003411,300341,1,Office Supplies,12,108.61,AED,9019,5003411,2024-12-26 13:14:30
3003412,300341,2,Office Supplies,10,37.36,AED,9019,5003412,2024-12-26 13:14:30
3003421,300342,1,IT Hardware,23,3380.82,AED,9001,5003421,2025-03-07 17:20:17
3003431,300343,1,Software Licenses,1,47562.75,AED,9010,5003431,2025-05-07 08:25:57
3003432,300343,2,Software Licenses,1,47919.01,AED,9010,5003432,2025-05-07 08:25:57
3003441,300344,1,Software Licenses,1,2589.32,AED,9005,5003441,2025-05-05 10:27:40
3003451,300345,1,Marketing Materials,16,3326.09,AED,9005,,2025-08-25 08:16:51
3003471,300347,1,Facilities Maintenance,1,4107.25,AED,9014,5003471,2026-02-09 10:57:50
3003481,300348,1,Marketing Materials,35,4792.07,AED,9005,5003481,2024-11-18 16:37:10
3003501,300350,1,IT Hardware,32,8551.84,AED,9006,,2026-03-20 08:14:03
3003511,300351,1,Software Licenses,1,2087.45,AED,9007,5003511,2025-02-18 09:18:52
3003512,300351,2,Software Licenses,1,33295.55,AED,9007,5003512,2025-02-18 09:18:52
3003531,300353,1,IT Hardware,10,1573.76,AED,9003,5003531,2026-05-18 14:49:13
3003541,300354,1,Software Licenses,1,12456.97,AED,9007,5003541,2025-12-11 12:26:15
3003551,300355,1,Software Licenses,1,33890.33,AED,9017,5003551,2026-02-05 17:10:11
3003552,300355,2,Software Licenses,1,2110.84,AED,9017,5003552,2026-02-05 17:10:11
3003553,300355,3,Software Licenses,1,22606.13,AED,9017,5003553,2026-02-05 17:10:11
3003561,300356,1,IT Hardware,24,7569.28,AED,9014,5003561,2026-07-06 16:20:02
3003562,300356,2,IT Hardware,11,851.45,AED,9014,5003562,2026-07-06 16:20:02
3003571,300357,1,Facilities Maintenance,1,24901.45,AED,9005,5003571,2025-12-23 14:12:39
3003572,300357,2,Facilities Maintenance,1,18634.49,AED,9005,5003572,2025-12-23 14:12:39
3003581,300358,1,Facilities Maintenance,1,31151.64,AED,9012,,2026-06-22 10:35:42
3003582,300358,2,Facilities Maintenance,1,1520.97,AED,9012,,2026-06-22 10:35:42
3003591,300359,1,IT Hardware,16,919.46,AED,9018,,2026-07-24 16:47:47
3003601,300360,1,Facilities Maintenance,1,38777.28,AED,9007,5003601,2025-06-13 13:36:30
3003611,300361,1,Marketing Materials,2,4249.99,AED,9010,5003611,2025-05-08 17:19:21
3003621,300362,1,Facilities Maintenance,1,8466.37,AED,9018,5003621,2026-01-22 08:43:45
3003631,300363,1,Professional Services,1,41114.38,AED,9017,5003631,2025-03-05 16:59:19
3003632,300363,2,Professional Services,1,27473.65,AED,9017,5003632,2025-03-05 16:59:19
3003641,300364,1,Office Supplies,25,259.06,AED,9020,,2026-07-13 08:39:49
3003642,300364,2,Office Supplies,28,119.56,AED,9020,,2026-07-13 08:39:49
3003651,300365,1,Marketing Materials,6,8334.39,AED,9011,5003651,2025-07-21 10:18:52
3003661,300366,1,Office Supplies,17,371.67,AED,9017,5003661,2026-05-04 09:50:23
3003671,300367,1,Software Licenses,1,3158.56,AED,9005,5003671,2024-12-27 08:50:36
3003672,300367,2,Software Licenses,1,45175.97,AED,9005,5003672,2024-12-27 08:50:36
3003681,300368,1,Software Licenses,1,12784.37,AED,9019,5003681,2025-06-06 08:06:11
3003691,300369,1,Office Supplies,14,372.09,AED,9008,5003691,2026-04-24 09:31:29
3003692,300369,2,Office Supplies,37,176.47,AED,9008,5003692,2026-04-24 09:31:29
3003701,300370,1,Professional Services,1,72046.25,AED,9007,5003701,2026-08-19 16:29:52
3003702,300370,2,Professional Services,1,114637.81,AED,9007,5003702,2026-08-19 16:29:52
3003711,300371,1,Professional Services,1,143665.21,AED,9020,5003711,2026-07-23 08:55:23
3003721,300372,1,Office Supplies,7,208.07,AED,9011,,2025-01-06 15:23:42
3003741,300374,1,Facilities Maintenance,1,19766.72,AED,9015,5003741,2025-12-16 08:43:59
3003742,300374,2,Facilities Maintenance,1,8441.34,AED,9015,5003742,2025-12-16 08:43:59
3003761,300376,1,IT Hardware,36,5055.78,AED,9002,5003761,2025-03-28 09:47:21
3003781,300378,1,Facilities Maintenance,1,9332.95,AED,9001,5003781,2026-03-30 09:26:15
3003791,300379,1,Software Licenses,1,8216.61,AED,9018,5003791,2025-07-28 08:25:36
3003792,300379,2,Software Licenses,1,8739.33,AED,9018,5003792,2025-07-28 08:25:36
3003801,300380,1,Professional Services,1,129298.23,AED,9014,5003801,2024-10-21 10:05:44
3003802,300380,2,Professional Services,1,51978.41,AED,9014,5003802,2024-10-21 10:05:44
3003803,300380,3,Professional Services,1,125530.44,AED,9014,5003803,2024-10-21 10:05:44
3003811,300381,1,Software Licenses,1,17768.76,AED,9008,5003811,2025-02-28 08:19:21
3003821,300382,1,Professional Services,1,12560.12,AED,9009,5003821,2026-09-11 08:05:01
3003822,300382,2,Professional Services,1,128543.91,AED,9009,5003822,2026-09-11 08:05:01
3003823,300382,3,Professional Services,1,124318.21,AED,9009,5003823,2026-09-11 08:05:01
3003831,300383,1,IT Hardware,11,5376.52,AED,9001,,2026-01-27 08:05:11
3003841,300384,1,Marketing Materials,40,7314.73,AED,9017,5003841,2026-05-21 08:57:19
3003851,300385,1,IT Hardware,1,2584.2,AED,9001,5003851,2025-06-18 10:33:26
3003861,300386,1,Professional Services,1,44549.47,AED,9004,5003861,2025-05-30 10:48:03
3003871,300387,1,Professional Services,1,78134.64,AED,9002,5003871,2025-05-08 10:19:43
3003881,300388,1,Office Supplies,38,278.18,AED,9017,5003881,2026-04-10 09:00:25
3003882,300388,2,Office Supplies,12,41.86,AED,9017,5003882,2026-04-10 09:00:25
3003883,300388,3,Office Supplies,22,316.47,AED,9017,5003883,2026-04-10 09:00:25
3003901,300390,1,Professional Services,1,118994.53,AED,9007,5003901,2026-06-29 10:00:09
3003911,300391,1,Professional Services,1,56357.88,AED,9015,5003911,2025-01-31 17:26:10
3003921,300392,1,Software Licenses,1,48180.45,AED,9011,5003921,2026-02-02 08:14:42
3003931,300393,1,Facilities Maintenance,1,36396.96,AED,9009,5003931,2025-07-02 12:15:07
3003951,300395,1,Software Licenses,1,59198.29,AED,9006,5003951,2024-12-09 10:03:08
3003952,300395,2,Software Licenses,1,26939.91,AED,9006,5003952,2024-12-09 10:03:08
3003961,300396,1,Marketing Materials,20,6984.72,AED,9013,5003961,2025-10-31 08:37:45
3003971,300397,1,Software Licenses,1,42300.01,AED,9013,5003971,2025-10-14 09:31:21
3003972,300397,2,Software Licenses,1,26352.58,AED,9013,5003972,2025-10-14 09:31:21
3003973,300397,3,Software Licenses,1,3233.53,AED,9013,5003973,2025-10-14 09:31:21
3003981,300398,1,Marketing Materials,11,4661.95,AED,9006,5003981,2025-03-06 17:20:46
3003991,300399,1,IT Hardware,31,5175.77,AED,9019,5003991,2024-11-05 16:28:18
3003992,300399,2,IT Hardware,17,6310.09,AED,9019,5003992,2024-11-05 16:28:18
3004001,300400,1,Software Licenses,1,26638.74,AED,9015,5004001,2025-09-30 08:01:15
3004011,300401,1,IT Hardware,9,7593.17,AED,9010,5004011,2026-01-07 10:27:52
3004012,300401,2,IT Hardware,30,1281.2,AED,9010,5004012,2026-01-07 10:27:52
3004031,300403,1,IT Hardware,39,8814.08,AED,9016,,2025-07-23 09:02:22
3004051,300405,1,Facilities Maintenance,1,15896.5,AED,9006,5004051,2024-10-14 08:59:57
3004052,300405,2,Facilities Maintenance,1,17201.14,AED,9006,5004052,2024-10-14 08:59:57
3004061,300406,1,IT Hardware,20,5448.97,AED,9005,5004061,2025-09-12 11:46:05
3004071,300407,1,Software Licenses,1,36981.11,AED,9004,5004071,2026-03-18 09:58:19
3004081,300408,1,Professional Services,1,122055.95,AED,9014,5004081,2025-04-07 15:04:56
3004082,300408,2,Professional Services,1,97133.94,AED,9014,5004082,2025-04-07 15:04:56
3004121,300412,1,Office Supplies,21,79.83,AED,9001,5004121,2026-02-12 08:57:49
3004131,300413,1,IT Hardware,3,3221.2,AED,9020,5004131,2026-01-26 15:33:56
3004132,300413,2,IT Hardware,30,7349.51,AED,9020,5004132,2026-01-26 15:33:56
3004141,300414,1,IT Hardware,8,889.78,AED,9020,5004141,2025-11-28 12:59:12
3004142,300414,2,IT Hardware,14,5610.46,AED,9020,5004142,2025-11-28 12:59:12
3004151,300415,1,Office Supplies,23,221.17,AED,9013,5004151,2025-04-21 15:01:58
3004161,300416,1,Marketing Materials,24,3600.02,AED,9013,5004161,2025-05-19 09:07:42
3004162,300416,2,Marketing Materials,21,10568.75,AED,9013,5004162,2025-05-19 09:07:42
3004163,300416,3,Marketing Materials,30,8961.11,AED,9013,5004163,2025-05-19 09:07:42
3004171,300417,1,Professional Services,1,109275.21,AED,9008,5004171,2025-10-20 11:11:02
3004172,300417,2,Professional Services,1,41336.81,AED,9008,5004172,2025-10-20 11:11:02
3004181,300418,1,IT Hardware,33,6538.72,AED,9014,5004181,2026-03-09 08:59:36
3004182,300418,2,IT Hardware,3,8630.52,AED,9014,5004182,2026-03-09 08:59:36
3004183,300418,3,IT Hardware,26,8414.35,AED,9014,5004183,2026-03-09 08:59:36
3004191,300419,1,Office Supplies,37,338.68,AED,9019,5004191,2025-12-02 16:22:21
3004192,300419,2,Office Supplies,18,340.0,AED,9019,5004192,2025-12-02 16:22:21
3004201,300420,1,Marketing Materials,30,11324.59,AED,9006,5004201,2026-02-10 16:47:21
3004211,300421,1,Marketing Materials,27,14290.71,AED,9015,5004211,2026-07-27 15:42:00
3004212,300421,2,Marketing Materials,22,7739.3,AED,9015,5004212,2026-07-27 15:42:00
3004231,300423,1,Office Supplies,22,242.1,AED,9009,5004231,2026-01-14 08:53:46
3004232,300423,2,Office Supplies,36,37.16,AED,9009,5004232,2026-01-14 08:53:46
3004241,300424,1,IT Hardware,25,6674.74,AED,9012,5004241,2025-07-28 09:18:42
3004242,300424,2,IT Hardware,18,2159.12,AED,9012,5004242,2025-07-28 09:18:42
3004251,300425,1,Marketing Materials,29,1306.62,AED,9018,5004251,2025-09-01 09:37:30
3004252,300425,2,Marketing Materials,36,4568.24,AED,9018,5004252,2025-09-01 09:37:30
3004261,300426,1,Marketing Materials,35,1946.64,AED,9003,5004261,2025-10-22 10:24:59
3004262,300426,2,Marketing Materials,37,9882.09,AED,9003,5004262,2025-10-22 10:24:59
3004271,300427,1,Software Licenses,1,37836.3,AED,9003,5004271,2026-03-13 11:49:33
3004272,300427,2,Software Licenses,1,41179.11,AED,9003,5004272,2026-03-13 11:49:33
3004291,300429,1,Facilities Maintenance,1,34092.52,AED,9010,5004291,2025-07-07 10:07:58
3004292,300429,2,Facilities Maintenance,1,28797.23,AED,9010,5004292,2025-07-07 10:07:58
3004301,300430,1,Professional Services,1,27236.0,AED,9013,5004301,2026-03-18 13:44:01
3004311,300431,1,Office Supplies,25,359.58,AED,9012,5004311,2026-03-27 10:11:26
3004312,300431,2,Office Supplies,22,155.29,AED,9012,5004312,2026-03-27 10:11:26
3004321,300432,1,Office Supplies,4,57.96,AED,9012,5004321,2025-03-24 09:13:44
3004322,300432,2,Office Supplies,35,202.56,AED,9012,5004322,2025-03-24 09:13:44
3004331,300433,1,IT Hardware,3,1645.39,AED,9013,5004331,2024-11-25 09:47:20
3004351,300435,1,Facilities Maintenance,1,13734.56,AED,9013,5004351,2025-03-17 08:35:39
3004361,300436,1,IT Hardware,15,6325.25,AED,9014,5004361,2025-09-23 13:35:49
3004371,300437,1,Office Supplies,38,347.02,AED,9004,5004371,2025-11-26 09:00:39
3004381,300438,1,Office Supplies,4,382.91,AED,9009,5004381,2026-06-11 10:58:29
3004391,300439,1,Office Supplies,35,165.22,AED,9004,5004391,2024-11-27 09:06:40
3004421,300442,1,Professional Services,1,80210.31,AED,9014,5004421,2024-12-19 14:15:46
3004431,300443,1,Facilities Maintenance,1,3075.99,AED,9016,5004431,2025-10-13 08:08:54
3004432,300443,2,Facilities Maintenance,1,30728.08,AED,9016,5004432,2025-10-13 08:08:54
3004441,300444,1,Facilities Maintenance,1,23030.95,AED,9016,5004441,2026-09-14 16:50:13
3004442,300444,2,Facilities Maintenance,1,28849.19,AED,9016,5004442,2026-09-14 16:50:13
3004443,300444,3,Facilities Maintenance,1,2460.09,AED,9016,5004443,2026-09-14 16:50:13
3004451,300445,1,Office Supplies,26,132.39,AED,9006,5004451,2026-05-22 17:09:41
3004452,300445,2,Office Supplies,20,194.74,AED,9006,5004452,2026-05-22 17:09:41
3004471,300447,1,Software Licenses,1,7522.74,AED,9005,5004471,2025-11-24 08:36:48
3004491,300449,1,IT Hardware,31,5987.41,AED,9013,5004491,2025-01-06 08:43:35
3004492,300449,2,IT Hardware,14,3549.46,AED,9013,5004492,2025-01-06 08:43:35
3004511,300451,1,Facilities Maintenance,1,12799.95,AED,9017,5004511,2025-08-01 11:45:57
3004521,300452,1,Facilities Maintenance,1,39382.69,AED,9016,5004521,2026-02-06 10:42:43
3004531,300453,1,Facilities Maintenance,1,39724.77,AED,9018,5004531,2025-03-03 09:43:45
3004541,300454,1,IT Hardware,5,1302.26,AED,9010,5004541,2024-11-14 08:04:20
3004551,300455,1,Professional Services,1,109792.95,AED,9012,,2025-02-20 10:22:43
3004552,300455,2,Professional Services,1,38275.05,AED,9012,,2025-02-20 10:22:43
3004581,300458,1,Marketing Materials,29,14789.11,AED,9016,5004581,2026-01-28 16:00:14
3004582,300458,2,Marketing Materials,7,11482.17,AED,9016,5004582,2026-01-28 16:00:14
3004583,300458,3,Marketing Materials,28,14052.8,AED,9016,5004583,2026-01-28 16:00:14
3004591,300459,1,Office Supplies,25,112.14,AED,9003,5004591,2026-01-29 08:51:31
3004592,300459,2,Office Supplies,33,371.17,AED,9003,5004592,2026-01-29 08:51:31
3004593,300459,3,Office Supplies,25,344.16,AED,9003,5004593,2026-01-29 08:51:31
3004601,300460,1,Office Supplies,40,279.52,AED,9020,5004601,2024-11-05 09:45:15
3004602,300460,2,Office Supplies,40,301.05,AED,9020,5004602,2024-11-05 09:45:15
3004621,300462,1,Office Supplies,35,29.36,AED,9012,5004621,2025-08-12 09:21:55
3004622,300462,2,Office Supplies,2,371.23,AED,9012,5004622,2025-08-12 09:21:55
3004623,300462,3,Office Supplies,19,67.42,AED,9012,5004623,2025-08-12 09:21:55
3004631,300463,1,Professional Services,1,11909.61,AED,9006,5004631,2024-10-15 08:51:25
3004632,300463,2,Professional Services,1,143311.58,AED,9006,5004632,2024-10-15 08:51:25
3004633,300463,3,Professional Services,1,99451.41,AED,9006,5004633,2024-10-15 08:51:25
3004641,300464,1,Software Licenses,1,47619.84,AED,9009,5004641,2026-06-05 10:59:39
3004642,300464,2,Software Licenses,1,34570.73,AED,9009,5004642,2026-06-05 10:59:39
3004651,300465,1,IT Hardware,32,8237.28,AED,9015,5004651,2026-05-28 10:20:37
3004661,300466,1,Professional Services,1,74500.67,AED,9012,5004661,2025-04-08 10:27:30
3004701,300470,1,Office Supplies,29,264.52,AED,9015,5004701,2025-06-05 13:46:18
3004711,300471,1,Office Supplies,16,335.44,AED,9004,5004711,2026-01-19 11:55:41
3004721,300472,1,Office Supplies,12,102.34,AED,9020,5004721,2024-10-07 14:09:47
3004731,300473,1,Software Licenses,1,40006.05,AED,9005,5004731,2026-02-26 09:42:45
3004741,300474,1,Software Licenses,1,55390.98,AED,9016,5004741,2026-03-06 10:53:01
3004742,300474,2,Software Licenses,1,15214.57,AED,9016,5004742,2026-03-06 10:53:01
3004751,300475,1,IT Hardware,18,5279.54,AED,9016,5004751,2025-07-21 14:11:51
3004761,300476,1,Facilities Maintenance,1,28280.88,AED,9007,5004761,2025-03-10 14:08:46
3004762,300476,2,Facilities Maintenance,1,5924.39,AED,9007,5004762,2025-03-10 14:08:46
3004771,300477,1,Professional Services,1,24881.12,AED,9006,5004771,2025-02-12 08:07:33
3004772,300477,2,Professional Services,1,108450.1,AED,9006,5004772,2025-02-12 08:07:33
3004773,300477,3,Professional Services,1,35507.6,AED,9006,5004773,2025-02-12 08:07:33
3004781,300478,1,Professional Services,1,29051.96,AED,9001,,2025-09-08 08:34:55
3004801,300480,1,Software Licenses,1,12174.85,AED,9019,5004801,2025-02-03 09:24:42
3004802,300480,2,Software Licenses,1,38782.05,AED,9019,5004802,2025-02-03 09:24:42
3004811,300481,1,Facilities Maintenance,1,29507.15,AED,9006,5004811,2025-02-04 10:08:15
3004821,300482,1,Professional Services,1,85445.15,AED,9014,5004821,2025-11-19 09:01:42
3004831,300483,1,Office Supplies,35,243.37,AED,9014,5004831,2026-07-06 09:07:07
3004841,300484,1,Professional Services,1,37202.42,AED,9005,5004841,2025-07-30 09:19:54
3004851,300485,1,Office Supplies,16,377.56,AED,9009,5004851,2025-01-08 09:54:06
3004852,300485,2,Office Supplies,33,290.89,AED,9009,5004852,2025-01-08 09:54:06
3004861,300486,1,Marketing Materials,3,4273.31,AED,9001,5004861,2024-11-20 10:15:42
3004862,300486,2,Marketing Materials,2,12904.27,AED,9001,5004862,2024-11-20 10:15:42
3004863,300486,3,Marketing Materials,37,11184.51,AED,9001,5004863,2024-11-20 10:15:42
3004871,300487,1,Software Licenses,1,18574.81,AED,9016,5004871,2024-10-14 09:42:36
3004881,300488,1,IT Hardware,1,1959.1,AED,9017,5004881,2025-04-10 09:49:48
3004882,300488,2,IT Hardware,33,3865.88,AED,9017,5004882,2025-04-10 09:49:48
3004891,300489,1,Facilities Maintenance,1,24918.25,AED,9006,5004891,2025-06-23 12:46:42
3004901,300490,1,Facilities Maintenance,1,22996.93,AED,9010,5004901,2026-08-28 10:37:33
3004911,300491,1,Software Licenses,1,38622.78,AED,9001,,2026-04-27 17:40:01
3004912,300491,2,Software Licenses,1,30801.02,AED,9001,,2026-04-27 17:40:01
3004921,300492,1,Software Licenses,1,4704.33,AED,9006,5004921,2026-01-05 10:51:56
3004931,300493,1,Office Supplies,28,169.01,AED,9019,5004931,2024-12-09 09:21:54
3004932,300493,2,Office Supplies,17,97.61,AED,9019,5004932,2024-12-09 09:21:54
3004941,300494,1,Marketing Materials,15,4960.57,AED,9002,5004941,2024-12-06 11:27:49
3004942,300494,2,Marketing Materials,9,8631.52,AED,9002,5004942,2024-12-06 11:27:49
3004943,300494,3,Marketing Materials,38,5696.9,AED,9002,5004943,2024-12-06 11:27:49
3004961,300496,1,Professional Services,1,22020.61,AED,9007,5004961,2026-01-12 08:11:01
3004962,300496,2,Professional Services,1,113097.14,AED,9007,5004962,2026-01-12 08:11:01
3004963,300496,3,Professional Services,1,90585.01,AED,9007,5004963,2026-01-12 08:11:01
3004971,300497,1,Marketing Materials,24,11199.01,AED,9005,5004971,2026-03-02 16:45:26
3004972,300497,2,Marketing Materials,11,14726.17,AED,9005,5004972,2026-03-02 16:45:26
3004973,300497,3,Marketing Materials,23,14562.82,AED,9005,5004973,2026-03-02 16:45:26
3004981,300498,1,Professional Services,1,52418.93,AED,9001,5004981,2025-12-15 10:50:40
3004991,300499,1,Software Licenses,1,58051.42,AED,9011,5004991,2025-12-29 09:06:51
3005001,300500,1,Software Licenses,1,22259.37,AED,9010,5005001,2025-05-19 09:02:14
3005011,300501,1,Facilities Maintenance,1,24382.33,AED,9012,5005011,2024-11-11 08:08:35
3005012,300501,2,Facilities Maintenance,1,3250.8,AED,9012,5005012,2024-11-11 08:08:35
3005021,300502,1,Professional Services,1,75922.58,AED,9008,5005021,2026-04-10 13:24:30
3005022,300502,2,Professional Services,1,92781.65,AED,9008,5005022,2026-04-10 13:24:30
3005023,300502,3,Professional Services,1,47018.32,AED,9008,5005023,2026-04-10 13:24:30
3005031,300503,1,Office Supplies,14,188.93,AED,9004,5005031,2026-04-13 10:49:31
3005032,300503,2,Office Supplies,28,214.94,AED,9004,5005032,2026-04-13 10:49:31
3005041,300504,1,Professional Services,1,86384.02,AED,9005,5005041,2026-05-28 13:43:54
3005051,300505,1,Professional Services,1,64776.38,AED,9018,5005051,2026-08-14 10:57:25
3005061,300506,1,IT Hardware,6,2034.44,AED,9010,5005061,2025-10-24 08:05:58
3005071,300507,1,Marketing Materials,15,12720.0,AED,9015,5005071,2024-11-04 08:11:34
3005072,300507,2,Marketing Materials,31,11524.41,AED,9015,5005072,2024-11-04 08:11:34
3005081,300508,1,Office Supplies,17,383.52,AED,9001,5005081,2025-06-09 10:41:29
3005082,300508,2,Office Supplies,25,220.8,AED,9001,5005082,2025-06-09 10:41:29
3005101,300510,1,Facilities Maintenance,1,38578.79,AED,9006,5005101,2026-07-09 17:27:53
3005111,300511,1,Office Supplies,12,238.99,AED,9012,5005111,2026-01-20 13:42:23
3005112,300511,2,Office Supplies,8,200.08,AED,9012,5005112,2026-01-20 13:42:23
3005121,300512,1,Software Licenses,1,23602.86,AED,9001,5005121,2025-01-10 08:34:47
3005122,300512,2,Software Licenses,1,57236.14,AED,9001,5005122,2025-01-10 08:34:47
3005131,300513,1,Office Supplies,7,150.59,AED,9006,5005131,2026-05-04 13:06:29
3005132,300513,2,Office Supplies,24,367.5,AED,9006,5005132,2026-05-04 13:06:29
3005141,300514,1,Office Supplies,25,157.52,AED,9016,5005141,2024-12-19 09:48:02
3005161,300516,1,Facilities Maintenance,1,6310.23,AED,9006,5005161,2025-12-03 10:45:15
3005162,300516,2,Facilities Maintenance,1,25340.86,AED,9006,5005162,2025-12-03 10:45:15
3005181,300518,1,Marketing Materials,32,12945.66,AED,9016,5005181,2025-05-13 13:15:06
3005201,300520,1,Marketing Materials,15,1220.89,AED,9001,5005201,2025-11-24 13:14:20
3005202,300520,2,Marketing Materials,26,9253.08,AED,9001,5005202,2025-11-24 13:14:20
3005203,300520,3,Marketing Materials,34,11523.41,AED,9001,5005203,2025-11-24 13:14:20
3005211,300521,1,Facilities Maintenance,1,2707.0,AED,9010,5005211,2026-02-27 17:50:51
3005212,300521,2,Facilities Maintenance,1,39750.82,AED,9010,5005212,2026-02-27 17:50:51
3005231,300523,1,Professional Services,1,76308.95,AED,9003,5005231,2025-12-12 10:51:16
3005241,300524,1,Marketing Materials,38,12161.44,AED,9004,5005241,2025-06-30 12:44:41
3005242,300524,2,Marketing Materials,40,2315.32,AED,9004,5005242,2025-06-30 12:44:41
3005243,300524,3,Marketing Materials,21,12781.48,AED,9004,5005243,2025-06-30 12:44:41
3005261,300526,1,Professional Services,1,92731.88,AED,9019,5005261,2025-09-01 10:15:04
3005262,300526,2,Professional Services,1,81227.18,AED,9019,5005262,2025-09-01 10:15:04
3005263,300526,3,Professional Services,1,82347.03,AED,9019,5005263,2025-09-01 10:15:04
3005271,300527,1,Professional Services,1,79343.39,AED,9005,5005271,2026-03-02 08:50:32
3005281,300528,1,Marketing Materials,1,12780.85,AED,9011,5005281,2025-03-17 10:15:29
3005291,300529,1,Software Licenses,1,19571.41,AED,9007,5005291,2026-05-19 10:03:25
3005292,300529,2,Software Licenses,1,58347.78,AED,9007,5005292,2026-05-19 10:03:25
3005301,300530,1,Professional Services,1,127124.16,AED,9014,5005301,2025-01-14 08:23:15
3005311,300531,1,Marketing Materials,34,7444.18,AED,9006,,2026-07-22 10:34:15
3005312,300531,2,Marketing Materials,40,1255.89,AED,9006,,2026-07-22 10:34:15
3005321,300532,1,Facilities Maintenance,1,22104.71,AED,9017,5005321,2024-10-07 10:20:12
3005331,300533,1,Marketing Materials,30,3735.99,AED,9018,5005331,2026-07-13 08:51:34
3005341,300534,1,Software Licenses,1,26263.81,AED,9002,5005341,2026-09-14 08:08:05
3005351,300535,1,IT Hardware,7,4816.37,AED,9011,5005351,2026-08-10 10:10:49
3005352,300535,2,IT Hardware,20,1970.15,AED,9011,5005352,2026-08-10 10:10:49
3005371,300537,1,IT Hardware,38,7339.34,AED,9007,5005371,2025-05-07 09:31:29
3005372,300537,2,IT Hardware,15,950.24,AED,9007,5005372,2025-05-07 09:31:29
3005381,300538,1,Office Supplies,36,347.1,AED,9012,5005381,2026-01-12 10:49:10
3005382,300538,2,Office Supplies,33,170.69,AED,9012,5005382,2026-01-12 10:49:10
3005391,300539,1,Facilities Maintenance,1,18841.92,AED,9017,5005391,2025-09-22 09:42:53
3005392,300539,2,Facilities Maintenance,1,30618.62,AED,9017,5005392,2025-09-22 09:42:53
3005393,300539,3,Facilities Maintenance,1,36994.41,AED,9017,5005393,2025-09-22 09:42:53
3005401,300540,1,Office Supplies,11,76.47,AED,9007,5005401,2025-02-19 10:32:26
3005411,300541,1,Marketing Materials,10,7425.33,AED,9020,5005411,2026-03-09 16:18:39
3005421,300542,1,Professional Services,1,69372.44,AED,9005,5005421,2026-08-10 08:09:35
3005422,300542,2,Professional Services,1,140078.34,AED,9005,5005422,2026-08-10 08:09:35
3005423,300542,3,Professional Services,1,12432.08,AED,9005,5005423,2026-08-10 08:09:35
3005431,300543,1,Office Supplies,8,165.31,AED,9016,5005431,2026-03-25 08:37:30
3005432,300543,2,Office Supplies,5,229.47,AED,9016,5005432,2026-03-25 08:37:30
3005433,300543,3,Office Supplies,13,280.63,AED,9016,5005433,2026-03-25 08:37:30
3005441,300544,1,Marketing Materials,22,3064.82,AED,9009,5005441,2025-03-31 09:35:26
3005442,300544,2,Marketing Materials,30,3654.02,AED,9009,5005442,2025-03-31 09:35:26
3005443,300544,3,Marketing Materials,36,7253.76,AED,9009,5005443,2025-03-31 09:35:26
3005451,300545,1,Facilities Maintenance,1,16858.02,AED,9009,5005451,2024-10-14 10:38:43
3005461,300546,1,Facilities Maintenance,1,27913.99,AED,9019,5005461,2026-07-28 08:45:48
3005481,300548,1,Marketing Materials,5,14451.32,AED,9017,5005481,2025-03-31 10:27:45
3005491,300549,1,Facilities Maintenance,1,8218.44,AED,9013,5005491,2025-03-27 09:06:38
3005501,300550,1,Marketing Materials,25,13489.28,AED,9019,5005501,2025-10-06 08:07:05
3005511,300551,1,Software Licenses,1,9616.54,AED,9004,5005511,2025-01-02 08:00:12
3005531,300553,1,IT Hardware,31,4480.45,AED,9017,5005531,2026-08-17 08:26:00
3005532,300553,2,IT Hardware,15,7615.53,AED,9017,5005532,2026-08-17 08:26:00
3005533,300553,3,IT Hardware,29,8753.58,AED,9017,5005533,2026-08-17 08:26:00
3005541,300554,1,Office Supplies,22,164.44,AED,9013,5005541,2026-07-27 09:47:06
3005542,300554,2,Office Supplies,1,132.87,AED,9013,5005542,2026-07-27 09:47:06
3005543,300554,3,Office Supplies,18,215.66,AED,9013,5005543,2026-07-27 09:47:06
3005551,300555,1,Software Licenses,1,48870.75,AED,9015,5005551,2025-05-22 09:01:16
3005561,300556,1,Marketing Materials,33,2878.37,AED,9017,5005561,2025-05-13 08:39:48
3005562,300556,2,Marketing Materials,5,6218.19,AED,9017,5005562,2025-05-13 08:39:48
3005581,300558,1,IT Hardware,20,5395.96,AED,9010,5005581,2026-08-12 08:35:18
3005582,300558,2,IT Hardware,11,5868.17,AED,9010,5005582,2026-08-12 08:35:18
3005611,300561,1,Marketing Materials,36,14210.48,AED,9005,5005611,2026-09-15 08:13:40
3005612,300561,2,Marketing Materials,18,5663.03,AED,9005,5005612,2026-09-15 08:13:40
3005621,300562,1,Office Supplies,14,287.16,AED,9004,5005621,2025-10-21 09:29:46
3005622,300562,2,Office Supplies,5,47.62,AED,9004,5005622,2025-10-21 09:29:46
3005631,300563,1,Software Licenses,1,36048.61,AED,9017,5005631,2026-07-13 13:47:10
3005641,300564,1,Professional Services,1,102507.3,AED,9019,5005641,2025-05-29 10:07:22
3005651,300565,1,Marketing Materials,3,1268.8,AED,9003,5005651,2025-11-03 16:08:47
3005652,300565,2,Marketing Materials,29,685.01,AED,9003,5005652,2025-11-03 16:08:47
3005661,300566,1,IT Hardware,33,2777.16,AED,9004,5005661,2026-04-02 17:22:48
3005662,300566,2,IT Hardware,37,4551.31,AED,9004,5005662,2026-04-02 17:22:48
3005663,300566,3,IT Hardware,20,2214.19,AED,9004,5005663,2026-04-02 17:22:48
3005671,300567,1,Professional Services,1,128102.26,AED,9012,5005671,2025-11-13 09:29:09
3005672,300567,2,Professional Services,1,86903.93,AED,9012,5005672,2025-11-13 09:29:09
3005673,300567,3,Professional Services,1,40101.09,AED,9012,5005673,2025-11-13 09:29:09
3005681,300568,1,Professional Services,1,104777.44,AED,9016,5005681,2024-12-04 10:32:41
3005691,300569,1,Facilities Maintenance,1,30762.17,AED,9018,5005691,2025-11-17 08:03:39
3005701,300570,1,Software Licenses,1,13455.79,AED,9015,5005701,2025-03-17 08:43:55
3005711,300571,1,Marketing Materials,29,3374.18,AED,9005,5005711,2025-10-14 11:07:18
3005712,300571,2,Marketing Materials,39,6715.81,AED,9005,5005712,2025-10-14 11:07:18
3005731,300573,1,Software Licenses,1,13861.3,AED,9006,5005731,2025-11-10 11:02:57
3005732,300573,2,Software Licenses,1,55251.2,AED,9006,5005732,2025-11-10 11:02:57
3005733,300573,3,Software Licenses,1,28217.02,AED,9006,5005733,2025-11-10 11:02:57
3005751,300575,1,Facilities Maintenance,1,35182.32,AED,9008,5005751,2025-06-16 10:25:33
3005761,300576,1,IT Hardware,20,1805.51,AED,9002,5005761,2025-03-03 14:57:04
3005762,300576,2,IT Hardware,34,5737.86,AED,9002,5005762,2025-03-03 14:57:04
3005771,300577,1,Professional Services,1,99881.46,AED,9001,5005771,2025-01-14 12:52:11
3005772,300577,2,Professional Services,1,95444.76,AED,9001,5005772,2025-01-14 12:52:11
3005781,300578,1,Facilities Maintenance,1,7968.71,AED,9016,5005781,2025-08-05 14:37:38
3005782,300578,2,Facilities Maintenance,1,6038.37,AED,9016,5005782,2025-08-05 14:37:38
3005791,300579,1,Marketing Materials,37,11560.75,AED,9013,5005791,2025-04-25 08:22:11
3005792,300579,2,Marketing Materials,36,1201.83,AED,9013,5005792,2025-04-25 08:22:11
3005811,300581,1,Professional Services,1,64632.16,AED,9003,5005811,2025-01-07 10:34:52
3005831,300583,1,Professional Services,1,22982.13,AED,9017,5005831,2025-09-18 10:55:57
3005841,300584,1,Marketing Materials,36,866.01,AED,9018,5005841,2025-03-31 09:14:35
3005842,300584,2,Marketing Materials,3,14781.12,AED,9018,5005842,2025-03-31 09:14:35
3005851,300585,1,Office Supplies,8,279.74,AED,9016,5005851,2025-06-17 08:52:22
3005861,300586,1,Software Licenses,1,35835.55,AED,9016,5005861,2025-03-03 08:10:08
3005862,300586,2,Software Licenses,1,4612.1,AED,9016,5005862,2025-03-03 08:10:08
3005863,300586,3,Software Licenses,1,55349.85,AED,9016,5005863,2025-03-03 08:10:08
3005871,300587,1,Office Supplies,3,362.05,AED,9006,5005871,2025-07-14 09:34:31
3005872,300587,2,Office Supplies,26,270.85,AED,9006,5005872,2025-07-14 09:34:31
3005881,300588,1,Facilities Maintenance,1,20321.15,AED,9019,5005881,2025-08-27 10:31:58
3005891,300589,1,Facilities Maintenance,1,2214.1,AED,9015,5005891,2026-09-02 10:38:12
3005892,300589,2,Facilities Maintenance,1,33810.96,AED,9015,5005892,2026-09-02 10:38:12
3005901,300590,1,Facilities Maintenance,1,38654.93,AED,9020,5005901,2026-01-27 08:40:49
3005911,300591,1,Office Supplies,25,166.3,AED,9015,5005911,2025-12-29 14:30:26
3005912,300591,2,Office Supplies,17,331.32,AED,9015,5005912,2025-12-29 14:30:26
3005921,300592,1,IT Hardware,25,2591.07,AED,9012,5005921,2026-05-04 17:17:29
3005931,300593,1,Professional Services,1,75706.57,AED,9016,5005931,2026-09-14 08:27:58
3005932,300593,2,Professional Services,1,82571.75,AED,9016,5005932,2026-09-14 08:27:58
3005941,300594,1,Professional Services,1,85297.87,AED,9017,5005941,2026-01-05 12:33:46
3005951,300595,1,IT Hardware,24,4372.85,AED,9015,5005951,2025-12-18 08:07:28
3005952,300595,2,IT Hardware,22,2067.02,AED,9015,5005952,2025-12-18 08:07:28
3005961,300596,1,Facilities Maintenance,1,28789.44,AED,9010,5005961,2025-10-06 09:48:58
3005962,300596,2,Facilities Maintenance,1,9874.31,AED,9010,5005962,2025-10-06 09:48:58
3005971,300597,1,Office Supplies,8,356.21,AED,9018,5005971,2026-05-28 09:27:49
3005981,300598,1,Office Supplies,17,370.37,AED,9014,5005981,2026-05-28 11:57:15
3005991,300599,1,IT Hardware,14,2469.01,AED,9014,5005991,2024-11-08 14:05:59
3005992,300599,2,IT Hardware,31,6534.71,AED,9014,5005992,2024-11-08 14:05:59
3005993,300599,3,IT Hardware,27,4201.04,AED,9014,5005993,2024-11-08 14:05:59
3006001,300600,1,Professional Services,1,133475.82,AED,9013,5006001,2026-06-22 16:26:08
3006011,300601,1,Marketing Materials,21,5289.08,AED,9011,5006011,2025-08-11 13:42:23
3006021,300602,1,Facilities Maintenance,1,32303.19,AED,9019,5006021,2026-06-29 10:49:41
3006031,300603,1,Facilities Maintenance,1,17240.64,AED,9001,5006031,2025-05-15 08:50:10
3006032,300603,2,Facilities Maintenance,1,25652.96,AED,9001,5006032,2025-05-15 08:50:10
3006033,300603,3,Facilities Maintenance,1,10564.15,AED,9001,5006033,2025-05-15 08:50:10
3006051,300605,1,Software Licenses,1,8538.61,AED,9015,5006051,2026-08-18 12:25:14
3006052,300605,2,Software Licenses,1,2446.81,AED,9015,5006052,2026-08-18 12:25:14
3006061,300606,1,IT Hardware,3,3297.61,AED,9019,5006061,2026-06-05 10:57:20
3006071,300607,1,Marketing Materials,34,2072.39,AED,9018,5006071,2025-06-30 16:37:28
3006081,300608,1,Professional Services,1,10938.91,AED,9013,5006081,2024-10-10 10:56:31
3006082,300608,2,Professional Services,1,46534.36,AED,9013,5006082,2024-10-10 10:56:31
3006083,300608,3,Professional Services,1,35189.72,AED,9013,5006083,2024-10-10 10:56:31
3006091,300609,1,IT Hardware,37,828.6,AED,9019,5006091,2025-11-03 08:37:16
3006101,300610,1,Software Licenses,1,49325.36,AED,9002,5006101,2026-05-27 16:12:24
3006111,300611,1,Software Licenses,1,4093.6,AED,9012,5006111,2024-11-27 09:09:15
3006121,300612,1,Office Supplies,24,66.44,AED,9007,5006121,2025-03-17 08:51:42
3006131,300613,1,Software Licenses,1,13569.1,AED,9020,5006131,2024-12-12 10:24:23
3006141,300614,1,Facilities Maintenance,1,3548.61,AED,9015,5006141,2024-12-06 09:18:49
3006151,300615,1,Office Supplies,37,398.18,AED,9003,5006151,2025-06-13 14:11:30
3006161,300616,1,Facilities Maintenance,1,4092.48,AED,9020,5006161,2026-06-22 16:14:49
3006162,300616,2,Facilities Maintenance,1,36334.45,AED,9020,5006162,2026-06-22 16:14:49
3006163,300616,3,Facilities Maintenance,1,28320.73,AED,9020,5006163,2026-06-22 16:14:49
3006181,300618,1,Professional Services,1,53531.15,AED,9016,5006181,2025-01-06 10:12:10
3006191,300619,1,Marketing Materials,21,10640.08,AED,9008,5006191,2024-12-16 10:10:38
3006192,300619,2,Marketing Materials,15,8555.49,AED,9008,5006192,2024-12-16 10:10:38
3006201,300620,1,Software Licenses,1,56193.11,AED,9003,5006201,2026-05-04 11:37:53
3006211,300621,1,Facilities Maintenance,1,28529.41,AED,9005,5006211,2026-05-27 09:55:06
3006221,300622,1,Office Supplies,2,30.17,AED,9009,5006221,2026-04-27 08:45:01
3006222,300622,2,Office Supplies,35,56.3,AED,9009,5006222,2026-04-27 08:45:01
3006231,300623,1,Marketing Materials,6,7592.26,AED,9015,5006231,2026-04-22 08:40:15
3006241,300624,1,Marketing Materials,3,4095.64,AED,9013,5006241,2025-09-12 09:20:00
3006242,300624,2,Marketing Materials,7,5543.62,AED,9013,5006242,2025-09-12 09:20:00
3006261,300626,1,Professional Services,1,127615.04,AED,9008,5006261,2026-01-15 11:25:28
3006271,300627,1,IT Hardware,13,1285.34,AED,9004,5006271,2025-03-27 09:59:22
3006272,300627,2,IT Hardware,33,4293.24,AED,9004,5006272,2025-03-27 09:59:22
3006273,300627,3,IT Hardware,19,2809.5,AED,9004,5006273,2025-03-27 09:59:22
3006281,300628,1,Professional Services,1,53773.81,AED,9004,5006281,2025-12-12 09:47:29
3006282,300628,2,Professional Services,1,117022.65,AED,9004,5006282,2025-12-12 09:47:29
3006283,300628,3,Professional Services,1,89922.56,AED,9004,5006283,2025-12-12 09:47:29
3006291,300629,1,Facilities Maintenance,1,20073.31,AED,9016,5006291,2025-04-23 09:36:20
3006301,300630,1,Software Licenses,1,27540.89,AED,9009,5006301,2025-01-13 11:26:19
3006311,300631,1,Marketing Materials,19,10375.28,AED,9004,5006311,2026-06-10 08:28:57
3006321,300632,1,Marketing Materials,27,7610.34,AED,9005,5006321,2026-04-22 08:13:19
3006331,300633,1,Office Supplies,37,395.49,AED,9015,5006331,2024-11-07 10:13:05
3006341,300634,1,Office Supplies,28,348.22,AED,9018,5006341,2026-06-26 11:34:42
3006361,300636,1,IT Hardware,14,8006.28,AED,9006,5006361,2024-12-18 10:17:17
3006371,300637,1,Professional Services,1,58849.7,AED,9017,5006371,2025-01-10 10:20:36
3006372,300637,2,Professional Services,1,92176.89,AED,9017,5006372,2025-01-10 10:20:36
3006373,300637,3,Professional Services,1,61437.43,AED,9017,5006373,2025-01-10 10:20:36
3006381,300638,1,Office Supplies,25,110.58,AED,9015,5006381,2026-07-14 09:27:44
3006391,300639,1,Facilities Maintenance,1,11454.85,AED,9009,5006391,2026-07-23 10:01:32
3006392,300639,2,Facilities Maintenance,1,31551.8,AED,9009,5006392,2026-07-23 10:01:32
3006393,300639,3,Facilities Maintenance,1,17666.52,AED,9009,5006393,2026-07-23 10:01:32
3006401,300640,1,IT Hardware,3,4196.06,AED,9018,5006401,2025-12-09 10:52:02
3006411,300641,1,Facilities Maintenance,1,38217.4,AED,9012,5006411,2025-03-03 08:59:06
3006431,300643,1,Software Licenses,1,11028.21,AED,9012,5006431,2025-02-13 08:24:27
3006441,300644,1,Marketing Materials,16,14111.19,AED,9011,5006441,2025-09-15 14:36:28
3006442,300644,2,Marketing Materials,9,11469.12,AED,9011,5006442,2025-09-15 14:36:28
3006451,300645,1,Facilities Maintenance,1,4870.06,AED,9015,5006451,2025-02-07 10:05:12
3006452,300645,2,Facilities Maintenance,1,12581.2,AED,9015,5006452,2025-02-07 10:05:12
3006461,300646,1,Marketing Materials,28,9858.14,AED,9005,5006461,2025-09-08 09:56:20
3006471,300647,1,Professional Services,1,89711.65,AED,9011,5006471,2025-07-10 12:58:19
3006481,300648,1,Software Licenses,1,3910.36,AED,9020,5006481,2026-01-26 16:49:47
3006482,300648,2,Software Licenses,1,43545.35,AED,9020,5006482,2026-01-26 16:49:47
3006491,300649,1,Professional Services,1,129038.77,AED,9013,5006491,2026-07-16 08:20:20
3006492,300649,2,Professional Services,1,39500.12,AED,9013,5006492,2026-07-16 08:20:20
3006501,300650,1,Marketing Materials,34,14377.61,AED,9020,5006501,2025-12-19 10:22:01
3006521,300652,1,Software Licenses,1,41513.27,AED,9004,5006521,2024-10-21 10:55:22
3006531,300653,1,Facilities Maintenance,1,32566.41,AED,9003,5006531,2026-08-06 08:41:09
3006541,300654,1,Office Supplies,8,341.77,AED,9006,5006541,2025-01-02 09:06:00
3006542,300654,2,Office Supplies,36,364.95,AED,9006,5006542,2025-01-02 09:06:00
3006551,300655,1,Software Licenses,1,44792.02,AED,9009,5006551,2024-10-29 08:50:14
3006552,300655,2,Software Licenses,1,7593.13,AED,9009,5006552,2024-10-29 08:50:14
3006561,300656,1,Marketing Materials,36,3871.52,AED,9015,5006561,2026-03-02 09:50:24
3006571,300657,1,IT Hardware,37,2972.81,AED,9015,5006571,2026-09-10 09:30:50
3006581,300658,1,Office Supplies,31,355.71,AED,9008,5006581,2026-08-17 10:10:18
3006582,300658,2,Office Supplies,12,368.61,AED,9008,5006582,2026-08-17 10:10:18
3006583,300658,3,Office Supplies,16,38.51,AED,9008,5006583,2026-08-17 10:10:18
3006591,300659,1,Software Licenses,1,55844.64,AED,9016,5006591,2025-12-19 09:50:08
3006601,300660,1,Software Licenses,1,37310.65,AED,9016,5006601,2025-03-14 09:20:52
3006602,300660,2,Software Licenses,1,11885.32,AED,9016,5006602,2025-03-14 09:20:52
3006611,300661,1,Office Supplies,11,272.05,AED,9010,5006611,2025-06-30 11:28:24
3006621,300662,1,Professional Services,1,128398.28,AED,9015,5006621,2026-01-15 15:57:54
3006622,300662,2,Professional Services,1,17192.99,AED,9015,5006622,2026-01-15 15:57:54
3006631,300663,1,Office Supplies,26,320.43,AED,9012,5006631,2025-02-24 09:04:06
3006641,300664,1,Professional Services,1,74075.93,AED,9014,5006641,2025-08-28 14:25:04
3006651,300665,1,Software Licenses,1,27520.95,AED,9014,5006651,2026-02-26 09:40:28
3006661,300666,1,Facilities Maintenance,1,29421.3,AED,9003,5006661,2025-12-22 08:47:58
3006671,300667,1,Facilities Maintenance,1,11055.32,AED,9014,5006671,2025-07-23 17:28:07
3006681,300668,1,Facilities Maintenance,1,8713.57,AED,9014,5006681,2024-11-25 08:49:01
3006682,300668,2,Facilities Maintenance,1,11540.77,AED,9014,5006682,2024-11-25 08:49:01
3006683,300668,3,Facilities Maintenance,1,15800.83,AED,9014,5006683,2024-11-25 08:49:01
3006691,300669,1,IT Hardware,23,2655.02,AED,9017,5006691,2025-07-07 15:20:25
3006701,300670,1,Office Supplies,39,31.41,AED,9003,5006701,2026-08-03 13:38:35
3006711,300671,1,Facilities Maintenance,1,22884.78,AED,9013,5006711,2024-11-18 10:54:53
3006712,300671,2,Facilities Maintenance,1,19059.13,AED,9013,5006712,2024-11-18 10:54:53
3006721,300672,1,Facilities Maintenance,1,33595.75,AED,9011,5006721,2026-09-07 12:40:02
3006731,300673,1,IT Hardware,37,5866.0,AED,9003,5006731,2025-07-11 09:27:09
3006741,300674,1,IT Hardware,33,4315.79,AED,9012,5006741,2025-01-24 08:06:29
3006742,300674,2,IT Hardware,8,1276.69,AED,9012,5006742,2025-01-24 08:06:29
3006761,300676,1,Facilities Maintenance,1,5346.91,AED,9007,5006761,2025-02-18 12:50:51
3006771,300677,1,Software Licenses,1,27398.56,AED,9014,5006771,2025-10-15 08:38:25
3006781,300678,1,Marketing Materials,35,634.06,AED,9014,5006781,2025-09-26 08:43:24
3006782,300678,2,Marketing Materials,39,8396.64,AED,9014,5006782,2025-09-26 08:43:24
3006791,300679,1,Professional Services,1,144201.67,AED,9019,5006791,2026-04-30 08:40:34
3006792,300679,2,Professional Services,1,45131.22,AED,9019,5006792,2026-04-30 08:40:34
3006793,300679,3,Professional Services,1,68515.33,AED,9019,5006793,2026-04-30 08:40:34
3006801,300680,1,IT Hardware,38,7469.26,AED,9010,5006801,2025-08-04 10:37:38
3006802,300680,2,IT Hardware,35,8600.03,AED,9010,5006802,2025-08-04 10:37:38
3006803,300680,3,IT Hardware,24,4432.84,AED,9010,5006803,2025-08-04 10:37:38
3006821,300682,1,Software Licenses,1,5246.74,AED,9003,5006821,2025-02-05 10:17:48
3006831,300683,1,Software Licenses,1,47414.16,AED,9006,5006831,2025-09-29 10:57:36
3006841,300684,1,Marketing Materials,14,9143.8,AED,9013,5006841,2025-11-28 08:53:23
3006851,300685,1,Facilities Maintenance,1,17087.16,AED,9009,5006851,2025-08-13 09:00:50
3006852,300685,2,Facilities Maintenance,1,37906.71,AED,9009,5006852,2025-08-13 09:00:50
3006871,300687,1,Facilities Maintenance,1,18852.71,AED,9019,5006871,2025-12-11 08:49:02
3006881,300688,1,Software Licenses,1,31165.87,AED,9004,5006881,2025-08-21 13:19:26
3006882,300688,2,Software Licenses,1,47993.52,AED,9004,5006882,2025-08-21 13:19:26
3006883,300688,3,Software Licenses,1,28466.29,AED,9004,5006883,2025-08-21 13:19:26
3006901,300690,1,Facilities Maintenance,1,23665.34,AED,9019,5006901,2025-01-15 16:18:16
3006902,300690,2,Facilities Maintenance,1,30022.78,AED,9019,5006902,2025-01-15 16:18:16
3006911,300691,1,Professional Services,1,118697.54,AED,9012,5006911,2024-10-01 10:15:28
3006921,300692,1,IT Hardware,5,2747.98,AED,9006,5006921,2024-10-22 10:55:15
3006931,300693,1,Office Supplies,26,222.01,AED,9012,5006931,2026-06-29 09:18:21
3006941,300694,1,Professional Services,1,123737.1,AED,9011,5006941,2024-12-31 10:50:36
3006951,300695,1,Facilities Maintenance,1,28842.84,AED,9013,,2026-03-02 10:27:39
3006952,300695,2,Facilities Maintenance,1,14639.06,AED,9013,,2026-03-02 10:27:39
3006953,300695,3,Facilities Maintenance,1,26200.55,AED,9013,,2026-03-02 10:27:39
3006961,300696,1,IT Hardware,19,8226.88,AED,9006,5006961,2024-12-23 10:43:30
3006962,300696,2,IT Hardware,29,7601.57,AED,9006,5006962,2024-12-23 10:43:30
3006963,300696,3,IT Hardware,17,1982.33,AED,9006,5006963,2024-12-23 10:43:30
3006971,300697,1,Professional Services,1,103730.18,AED,9004,5006971,2026-07-29 16:36:46
3006972,300697,2,Professional Services,1,89591.46,AED,9004,5006972,2026-07-29 16:36:46
3006973,300697,3,Professional Services,1,124064.05,AED,9004,5006973,2026-07-29 16:36:46
3006981,300698,1,Professional Services,1,60799.65,AED,9005,5006981,2025-01-06 11:11:43
3006982,300698,2,Professional Services,1,137984.36,AED,9005,5006982,2025-01-06 11:11:43
3006991,300699,1,Facilities Maintenance,1,31143.56,AED,9016,5006991,2025-08-25 09:23:14
3007001,300700,1,Facilities Maintenance,1,17657.93,AED,9014,5007001,2026-01-19 14:13:28
3007011,300701,1,Marketing Materials,31,8532.35,AED,9015,,2026-04-22 08:02:57
3007012,300701,2,Marketing Materials,10,12246.32,AED,9015,,2026-04-22 08:02:57
3007021,300702,1,IT Hardware,38,3589.6,AED,9011,5007021,2025-03-31 10:49:31
3007031,300703,1,Professional Services,1,77494.91,AED,9011,5007031,2026-01-20 08:19:01
3007032,300703,2,Professional Services,1,16732.34,AED,9011,5007032,2026-01-20 08:19:01
3007041,300704,1,Software Licenses,1,27838.38,AED,9012,5007041,2026-03-11 09:31:25
3007051,300705,1,IT Hardware,10,6630.25,AED,9013,5007051,2024-12-24 10:56:35
3007071,300707,1,Facilities Maintenance,1,7472.83,AED,9018,5007071,2025-06-16 11:52:25
3007072,300707,2,Facilities Maintenance,1,28169.75,AED,9018,5007072,2025-06-16 11:52:25
3007081,300708,1,IT Hardware,26,6868.28,AED,9018,5007081,2026-05-11 11:02:01
3007091,300709,1,Office Supplies,5,151.07,AED,9004,5007091,2025-04-28 11:18:57
3007092,300709,2,Office Supplies,12,103.06,AED,9004,5007092,2025-04-28 11:18:57
3007101,300710,1,Professional Services,1,54818.6,AED,9008,5007101,2025-09-08 09:15:58
3007102,300710,2,Professional Services,1,57452.64,AED,9008,5007102,2025-09-08 09:15:58
3007103,300710,3,Professional Services,1,45136.41,AED,9008,5007103,2025-09-08 09:15:58
3007111,300711,1,Professional Services,1,62060.3,AED,9011,5007111,2026-04-20 10:23:35
3007131,300713,1,Facilities Maintenance,1,17876.17,AED,9003,5007131,2025-08-25 09:13:40
3007132,300713,2,Facilities Maintenance,1,6161.08,AED,9003,5007132,2025-08-25 09:13:40
3007141,300714,1,Professional Services,1,41415.24,AED,9017,5007141,2026-04-06 08:18:55
3007142,300714,2,Professional Services,1,89682.73,AED,9017,5007142,2026-04-06 08:18:55
3007143,300714,3,Professional Services,1,123991.09,AED,9017,5007143,2026-04-06 08:18:55
3007151,300715,1,Office Supplies,36,44.58,AED,9020,5007151,2026-04-30 10:28:41
3007152,300715,2,Office Supplies,35,366.54,AED,9020,5007152,2026-04-30 10:28:41
3007161,300716,1,Office Supplies,15,319.63,AED,9002,5007161,2025-09-15 09:00:48
3007162,300716,2,Office Supplies,26,100.24,AED,9002,5007162,2025-09-15 09:00:48
3007163,300716,3,Office Supplies,14,173.31,AED,9002,5007163,2025-09-15 09:00:48
3007181,300718,1,Professional Services,1,15155.2,AED,9004,5007181,2026-08-07 08:16:59
3007182,300718,2,Professional Services,1,48884.31,AED,9004,5007182,2026-08-07 08:16:59
3007183,300718,3,Professional Services,1,63571.64,AED,9004,5007183,2026-08-07 08:16:59
3007191,300719,1,Facilities Maintenance,1,30871.63,AED,9014,5007191,2025-04-14 08:27:24
3007201,300720,1,Office Supplies,7,298.66,AED,9007,5007201,2025-03-27 11:38:17
3007211,300721,1,Professional Services,1,100463.39,AED,9014,5007211,2025-02-17 09:07:46
3007212,300721,2,Professional Services,1,39293.23,AED,9014,5007212,2025-02-17 09:07:46
3007213,300721,3,Professional Services,1,36141.58,AED,9014,5007213,2025-02-17 09:07:46
3007221,300722,1,Software Licenses,1,39875.24,AED,9014,5007221,2026-08-12 14:43:49
3007222,300722,2,Software Licenses,1,48964.87,AED,9014,5007222,2026-08-12 14:43:49
3007223,300722,3,Software Licenses,1,20034.48,AED,9014,5007223,2026-08-12 14:43:49
3007231,300723,1,IT Hardware,31,8882.24,AED,9015,5007231,2025-04-21 14:38:28
3007232,300723,2,IT Hardware,4,5108.73,AED,9015,5007232,2025-04-21 14:38:28
3007233,300723,3,IT Hardware,30,1478.61,AED,9015,5007233,2025-04-21 14:38:28
3007241,300724,1,Professional Services,1,148178.6,AED,9007,5007241,2026-05-21 14:57:33
3007251,300725,1,Facilities Maintenance,1,37533.89,AED,9006,5007251,2025-01-28 08:51:58
3007261,300726,1,Professional Services,1,17605.15,AED,9016,5007261,2024-10-16 12:24:29
3007262,300726,2,Professional Services,1,67989.85,AED,9016,5007262,2024-10-16 12:24:29
3007263,300726,3,Professional Services,1,113948.73,AED,9016,5007263,2024-10-16 12:24:29
3007271,300727,1,Facilities Maintenance,1,13722.95,AED,9010,5007271,2026-03-16 08:12:56
3007272,300727,2,Facilities Maintenance,1,3559.93,AED,9010,5007272,2026-03-16 08:12:56
3007273,300727,3,Facilities Maintenance,1,15047.53,AED,9010,5007273,2026-03-16 08:12:56
3007281,300728,1,Marketing Materials,17,13238.75,AED,9003,5007281,2026-08-06 08:17:40
3007282,300728,2,Marketing Materials,31,5098.0,AED,9003,5007282,2026-08-06 08:17:40
3007283,300728,3,Marketing Materials,19,10053.73,AED,9003,5007283,2026-08-06 08:17:40
3007291,300729,1,Marketing Materials,28,11506.32,AED,9020,5007291,2025-09-08 15:18:51
3007301,300730,1,IT Hardware,8,4574.87,AED,9004,5007301,2025-11-21 12:51:57
3007311,300731,1,Professional Services,1,96302.08,AED,9003,5007311,2024-11-06 10:21:33
3007312,300731,2,Professional Services,1,30086.36,AED,9003,5007312,2024-11-06 10:21:33
3007321,300732,1,Marketing Materials,9,12430.25,AED,9004,5007321,2024-12-30 08:54:38
3007331,300733,1,IT Hardware,14,4452.18,AED,9004,5007331,2026-01-26 10:17:11
3007341,300734,1,Marketing Materials,2,6029.22,AED,9002,5007341,2025-07-25 12:09:05
3007351,300735,1,Office Supplies,16,76.02,AED,9009,5007351,2026-05-20 15:38:32
3007352,300735,2,Office Supplies,21,43.04,AED,9009,5007352,2026-05-20 15:38:32
3007353,300735,3,Office Supplies,28,379.11,AED,9009,5007353,2026-05-20 15:38:32
3007361,300736,1,IT Hardware,17,7885.58,AED,9001,5007361,2024-11-26 08:22:03
3007371,300737,1,IT Hardware,24,5442.38,AED,9018,5007371,2025-03-24 09:01:24
3007372,300737,2,IT Hardware,39,984.46,AED,9018,5007372,2025-03-24 09:01:24
3007381,300738,1,Marketing Materials,18,11627.64,AED,9005,5007381,2026-07-30 11:30:20
3007391,300739,1,Marketing Materials,8,9220.13,AED,9020,5007391,2026-07-02 08:24:07
3007401,300740,1,Marketing Materials,21,7145.22,AED,9020,5007401,2025-03-05 09:58:06
3007402,300740,2,Marketing Materials,21,2416.69,AED,9020,5007402,2025-03-05 09:58:06
3007403,300740,3,Marketing Materials,25,14903.74,AED,9020,5007403,2025-03-05 09:58:06
3007421,300742,1,Software Licenses,1,43534.33,AED,9014,5007421,2025-04-18 09:06:59
3007422,300742,2,Software Licenses,1,45957.84,AED,9014,5007422,2025-04-18 09:06:59
3007431,300743,1,Marketing Materials,16,641.07,AED,9011,5007431,2026-09-02 12:12:29
3007441,300744,1,IT Hardware,29,3911.08,AED,9002,5007441,2026-06-16 11:17:21
3007471,300747,1,Office Supplies,32,61.56,AED,9006,5007471,2024-12-23 10:35:52
3007481,300748,1,Office Supplies,1,189.21,AED,9004,5007481,2025-07-01 10:05:25
3007491,300749,1,Professional Services,1,94575.71,AED,9005,5007491,2026-05-15 17:22:13
3007492,300749,2,Professional Services,1,32305.08,AED,9005,5007492,2026-05-15 17:22:13
3007501,300750,1,Software Licenses,1,40174.44,AED,9012,5007501,2026-04-20 08:54:02
3007511,300751,1,Office Supplies,35,367.61,AED,9016,5007511,2026-01-01 09:37:39
3007512,300751,2,Office Supplies,19,358.97,AED,9016,5007512,2026-01-01 09:37:39
3007513,300751,3,Office Supplies,4,393.25,AED,9016,5007513,2026-01-01 09:37:39
3007531,300753,1,Professional Services,1,30355.89,AED,9014,5007531,2025-11-06 15:43:21
3007532,300753,2,Professional Services,1,118402.33,AED,9014,5007532,2025-11-06 15:43:21
3007541,300754,1,Office Supplies,38,201.99,AED,9015,5007541,2025-03-21 11:53:06
3007542,300754,2,Office Supplies,27,316.8,AED,9015,5007542,2025-03-21 11:53:06
3007551,300755,1,Marketing Materials,34,10539.75,AED,9015,5007551,2025-07-11 08:00:17
3007561,300756,1,Marketing Materials,34,14798.14,AED,9009,5007561,2025-10-30 08:52:23
3007581,300758,1,Office Supplies,21,340.15,AED,9016,5007581,2025-05-15 09:42:00
3007582,300758,2,Office Supplies,22,259.83,AED,9016,5007582,2025-05-15 09:42:00
3007601,300760,1,Marketing Materials,7,7381.27,AED,9008,5007601,2025-10-07 09:54:36
3007611,300761,1,Marketing Materials,21,14610.75,AED,9012,5007611,2025-04-22 09:07:35
3007621,300762,1,Professional Services,1,17530.96,AED,9010,5007621,2026-08-06 08:16:10
3007622,300762,2,Professional Services,1,149596.32,AED,9010,5007622,2026-08-06 08:16:10
3007623,300762,3,Professional Services,1,135726.38,AED,9010,5007623,2026-08-06 08:16:10
3007631,300763,1,Marketing Materials,16,9068.36,AED,9007,5007631,2025-12-11 09:37:35
3007641,300764,1,Facilities Maintenance,1,14386.34,AED,9007,5007641,2025-01-20 08:09:06
3007651,300765,1,Office Supplies,24,264.26,AED,9016,5007651,2026-01-07 10:49:10
3007652,300765,2,Office Supplies,15,93.37,AED,9016,5007652,2026-01-07 10:49:10
3007653,300765,3,Office Supplies,14,46.86,AED,9016,5007653,2026-01-07 10:49:10
3007661,300766,1,Facilities Maintenance,1,8390.96,AED,9013,5007661,2026-01-27 13:43:24
3007662,300766,2,Facilities Maintenance,1,36566.88,AED,9013,5007662,2026-01-27 13:43:24
3007671,300767,1,Software Licenses,1,54657.11,AED,9012,5007671,2026-04-20 08:05:37
3007681,300768,1,Facilities Maintenance,1,36048.38,AED,9008,5007681,2024-10-10 08:49:22
3007682,300768,2,Facilities Maintenance,1,9959.53,AED,9008,5007682,2024-10-10 08:49:22
3007683,300768,3,Facilities Maintenance,1,33660.61,AED,9008,5007683,2024-10-10 08:49:22
3007701,300770,1,Office Supplies,8,355.15,AED,9003,5007701,2024-12-16 10:04:50
3007702,300770,2,Office Supplies,40,43.84,AED,9003,5007702,2024-12-16 10:04:50
3007711,300771,1,IT Hardware,31,4773.13,AED,9009,,2025-05-19 10:38:30
3007712,300771,2,IT Hardware,38,8794.75,AED,9009,,2025-05-19 10:38:30
3007721,300772,1,Facilities Maintenance,1,18255.35,AED,9019,5007721,2026-02-03 16:12:51
3007722,300772,2,Facilities Maintenance,1,31267.27,AED,9019,5007722,2026-02-03 16:12:51
3007731,300773,1,Office Supplies,24,350.64,AED,9009,5007731,2025-10-27 09:23:25
3007732,300773,2,Office Supplies,7,100.07,AED,9009,5007732,2025-10-27 09:23:25
3007741,300774,1,Office Supplies,29,28.85,AED,9007,5007741,2025-06-16 10:29:01
3007742,300774,2,Office Supplies,28,353.13,AED,9007,5007742,2025-06-16 10:29:01
3007743,300774,3,Office Supplies,11,259.41,AED,9007,5007743,2025-06-16 10:29:01
3007751,300775,1,Office Supplies,22,192.1,AED,9013,5007751,2025-07-07 09:21:13
3007752,300775,2,Office Supplies,24,341.11,AED,9013,5007752,2025-07-07 09:21:13
3007753,300775,3,Office Supplies,32,321.0,AED,9013,5007753,2025-07-07 09:21:13
3007761,300776,1,Marketing Materials,21,9584.96,AED,9014,5007761,2025-03-03 08:35:25
3007762,300776,2,Marketing Materials,38,6058.13,AED,9014,5007762,2025-03-03 08:35:25
3007763,300776,3,Marketing Materials,20,1563.11,AED,9014,5007763,2025-03-03 08:35:25
3007771,300777,1,Professional Services,1,93774.11,AED,9009,5007771,2026-02-23 10:57:25
3007781,300778,1,Facilities Maintenance,1,34896.49,AED,9003,5007781,2025-01-30 11:26:02
3007791,300779,1,Facilities Maintenance,1,37982.98,AED,9003,5007791,2024-12-30 10:25:22
3007792,300779,2,Facilities Maintenance,1,5369.05,AED,9003,5007792,2024-12-30 10:25:22
3007793,300779,3,Facilities Maintenance,1,10021.55,AED,9003,5007793,2024-12-30 10:25:22
3007801,300780,1,Office Supplies,39,28.08,AED,9004,5007801,2024-12-09 09:06:00
3007802,300780,2,Office Supplies,14,84.29,AED,9004,5007802,2024-12-09 09:06:00
3007811,300781,1,Facilities Maintenance,1,15998.9,AED,9008,5007811,2025-04-30 09:18:42
3007821,300782,1,IT Hardware,32,1285.84,AED,9015,5007821,2025-08-04 08:11:36
3007831,300783,1,Professional Services,1,124323.39,AED,9009,5007831,2025-07-01 10:13:58
3007851,300785,1,IT Hardware,24,4187.84,AED,9011,5007851,2025-12-03 14:47:52
3007852,300785,2,IT Hardware,28,5787.92,AED,9011,5007852,2025-12-03 14:47:52
3007861,300786,1,Software Licenses,1,17242.04,AED,9003,5007861,2025-02-12 17:40:06
3007862,300786,2,Software Licenses,1,18660.08,AED,9003,5007862,2025-02-12 17:40:06
3007871,300787,1,Professional Services,1,11368.3,AED,9012,5007871,2026-01-28 15:28:21
3007872,300787,2,Professional Services,1,84132.11,AED,9012,5007872,2026-01-28 15:28:21
3007873,300787,3,Professional Services,1,16613.53,AED,9012,5007873,2026-01-28 15:28:21
3007881,300788,1,Office Supplies,14,270.48,AED,9003,,2025-02-10 13:31:04
3007891,300789,1,IT Hardware,30,4110.05,AED,9016,5007891,2025-05-12 11:40:19
3007892,300789,2,IT Hardware,10,4989.38,AED,9016,5007892,2025-05-12 11:40:19
3007901,300790,1,IT Hardware,11,2695.83,AED,9011,5007901,2024-11-07 10:24:35
3007911,300791,1,Facilities Maintenance,1,24356.05,AED,9003,5007911,2025-03-07 09:25:38
3007912,300791,2,Facilities Maintenance,1,11163.8,AED,9003,5007912,2025-03-07 09:25:38
3007921,300792,1,IT Hardware,29,6710.3,AED,9001,5007921,2025-03-10 10:52:09
3007922,300792,2,IT Hardware,14,7065.26,AED,9001,5007922,2025-03-10 10:52:09
3007923,300792,3,IT Hardware,38,3192.37,AED,9001,5007923,2025-03-10 10:52:09
3007961,300796,1,Software Licenses,1,39546.35,AED,9015,5007961,2026-08-24 08:18:58
3007962,300796,2,Software Licenses,1,23476.81,AED,9015,5007962,2026-08-24 08:18:58
3007971,300797,1,Facilities Maintenance,1,2420.62,AED,9011,5007971,2025-01-27 17:08:48
3007991,300799,1,Office Supplies,20,313.82,AED,9016,5007991,2024-12-06 09:49:25
3007992,300799,2,Office Supplies,26,329.5,AED,9016,5007992,2024-12-06 09:49:25
3008011,300801,1,Marketing Materials,37,11270.05,AED,9006,5008011,2025-02-19 08:14:18
3008021,300802,1,Office Supplies,33,361.31,AED,9020,5008021,2024-12-23 09:43:33
3008041,300804,1,Software Licenses,1,41558.24,AED,9003,5008041,2024-11-27 10:32:01
3008061,300806,1,Software Licenses,1,39639.6,AED,9020,5008061,2025-12-17 10:16:12
3008062,300806,2,Software Licenses,1,44628.52,AED,9020,5008062,2025-12-17 10:16:12
3008071,300807,1,IT Hardware,26,1302.72,AED,9002,5008071,2025-08-22 10:15:09
3008081,300808,1,Office Supplies,38,338.58,AED,9020,5008081,2026-08-05 10:18:28
3008082,300808,2,Office Supplies,14,302.07,AED,9020,5008082,2026-08-05 10:18:28
3008091,300809,1,Marketing Materials,33,10845.48,AED,9001,5008091,2026-04-06 10:01:07
3008092,300809,2,Marketing Materials,6,2056.06,AED,9001,5008092,2026-04-06 10:01:07
3008101,300810,1,Professional Services,1,40954.06,AED,9016,5008101,2025-07-07 10:34:54
3008102,300810,2,Professional Services,1,126147.87,AED,9016,5008102,2025-07-07 10:34:54
3008103,300810,3,Professional Services,1,62349.8,AED,9016,5008103,2025-07-07 10:34:54
3008111,300811,1,Marketing Materials,37,8259.63,AED,9007,5008111,2025-06-09 08:40:21
3008131,300813,1,Facilities Maintenance,1,15146.21,AED,9001,5008131,2025-04-07 09:45:55
3008132,300813,2,Facilities Maintenance,1,35557.6,AED,9001,5008132,2025-04-07 09:45:55
3008141,300814,1,Office Supplies,1,276.2,AED,9009,5008141,2025-01-06 09:04:48
3008151,300815,1,Professional Services,1,87619.3,AED,9002,5008151,2026-01-22 10:13:34
3008152,300815,2,Professional Services,1,61107.82,AED,9002,5008152,2026-01-22 10:13:34
3008153,300815,3,Professional Services,1,86124.98,AED,9002,5008153,2026-01-22 10:13:34
3008161,300816,1,Office Supplies,25,96.09,AED,9006,5008161,2025-12-30 10:31:53
3008162,300816,2,Office Supplies,38,313.12,AED,9006,5008162,2025-12-30 10:31:53
3008191,300819,1,Office Supplies,30,166.81,AED,9016,5008191,2026-08-13 08:43:02
3008201,300820,1,Professional Services,1,145483.86,AED,9013,5008201,2025-09-08 08:42:09
3008211,300821,1,Marketing Materials,37,4551.43,AED,9020,5008211,2025-02-05 09:18:01
3008221,300822,1,Office Supplies,29,57.76,AED,9011,5008221,2025-07-25 09:30:26
3008222,300822,2,Office Supplies,17,104.87,AED,9011,5008222,2025-07-25 09:30:26
3008231,300823,1,Facilities Maintenance,1,22203.46,AED,9011,5008231,2025-08-13 10:20:06
3008232,300823,2,Facilities Maintenance,1,38788.26,AED,9011,5008232,2025-08-13 10:20:06
3008241,300824,1,Marketing Materials,5,1144.84,AED,9002,5008241,2025-06-30 10:54:11
3008261,300826,1,Professional Services,1,145723.37,AED,9020,5008261,2025-11-18 09:00:00
3008262,300826,2,Professional Services,1,66847.84,AED,9020,5008262,2025-11-18 09:00:00
3008263,300826,3,Professional Services,1,64363.9,AED,9020,5008263,2025-11-18 09:00:00
3008271,300827,1,Office Supplies,10,102.19,AED,9013,5008271,2025-11-03 10:54:23
3008281,300828,1,Marketing Materials,19,1312.07,AED,9016,5008281,2026-07-06 10:55:33
3008282,300828,2,Marketing Materials,35,11427.46,AED,9016,5008282,2026-07-06 10:55:33
3008301,300830,1,Software Licenses,1,39348.09,AED,9017,5008301,2025-11-21 11:52:52
3008311,300831,1,Office Supplies,9,194.07,AED,9005,5008311,2025-05-27 08:43:42
3008312,300831,2,Office Supplies,1,303.59,AED,9005,5008312,2025-05-27 08:43:42
3008321,300832,1,Professional Services,1,134548.24,AED,9003,5008321,2026-02-23 13:13:34
3008331,300833,1,IT Hardware,31,3320.6,AED,9004,5008331,2024-10-21 09:37:55
3008332,300833,2,IT Hardware,38,6153.88,AED,9004,5008332,2024-10-21 09:37:55
3008341,300834,1,Facilities Maintenance,1,5922.04,AED,9008,5008341,2024-12-27 08:20:44
3008342,300834,2,Facilities Maintenance,1,38637.67,AED,9008,5008342,2024-12-27 08:20:44
3008351,300835,1,Marketing Materials,5,12580.69,AED,9020,5008351,2026-08-07 10:53:47
3008352,300835,2,Marketing Materials,38,14754.97,AED,9020,5008352,2026-08-07 10:53:47
3008361,300836,1,Professional Services,1,79043.7,AED,9017,5008361,2025-10-01 08:16:42
3008371,300837,1,Software Licenses,1,32660.65,AED,9014,5008371,2025-03-13 09:30:52
3008381,300838,1,Facilities Maintenance,1,16608.87,AED,9007,5008381,2025-06-24 10:11:17
3008411,300841,1,Software Licenses,1,21747.68,AED,9014,5008411,2026-04-13 08:10:01
3008421,300842,1,Office Supplies,15,315.61,AED,9011,5008421,2025-09-01 12:12:50
3008431,300843,1,Marketing Materials,20,10967.54,AED,9002,5008431,2025-03-17 10:35:54
3008432,300843,2,Marketing Materials,22,757.56,AED,9002,5008432,2025-03-17 10:35:54
3008441,300844,1,Software Licenses,1,36968.07,AED,9020,5008441,2025-03-31 09:48:56
3008442,300844,2,Software Licenses,1,39444.45,AED,9020,5008442,2025-03-31 09:48:56
3008451,300845,1,Professional Services,1,20527.1,AED,9010,5008451,2026-02-10 10:23:33
3008452,300845,2,Professional Services,1,83849.22,AED,9010,5008452,2026-02-10 10:23:33
3008461,300846,1,Marketing Materials,23,12065.71,AED,9006,5008461,2026-01-05 09:21:34
3008471,300847,1,Marketing Materials,9,12433.06,AED,9009,5008471,2025-12-18 10:29:19
3008481,300848,1,Professional Services,1,76320.04,AED,9007,5008481,2024-12-02 08:23:04
3008491,300849,1,Software Licenses,1,59802.1,AED,9007,5008491,2026-09-14 10:12:16
3008492,300849,2,Software Licenses,1,36664.02,AED,9007,5008492,2026-09-14 10:12:16
3008493,300849,3,Software Licenses,1,5199.33,AED,9007,5008493,2026-09-14 10:12:16
3008501,300850,1,IT Hardware,39,3736.96,AED,9010,5008501,2026-03-26 09:02:57
3008502,300850,2,IT Hardware,37,7056.3,AED,9010,5008502,2026-03-26 09:02:57
3008511,300851,1,Facilities Maintenance,1,27052.51,AED,9002,5008511,2025-10-23 08:03:19
3008521,300852,1,Professional Services,1,79104.06,AED,9001,5008521,2026-06-24 08:58:38
3008522,300852,2,Professional Services,1,37444.17,AED,9001,5008522,2026-06-24 08:58:38
3008523,300852,3,Professional Services,1,24329.88,AED,9001,5008523,2026-06-24 08:58:38
3008531,300853,1,Office Supplies,14,318.75,AED,9010,5008531,2026-09-09 08:26:10
3008532,300853,2,Office Supplies,2,362.4,AED,9010,5008532,2026-09-09 08:26:10
3008541,300854,1,Software Licenses,1,35591.3,AED,9017,5008541,2026-05-06 09:31:14
3008542,300854,2,Software Licenses,1,42229.5,AED,9017,5008542,2026-05-06 09:31:14
3008561,300856,1,Facilities Maintenance,1,35537.34,AED,9006,5008561,2026-02-13 09:09:56
3008571,300857,1,Office Supplies,4,20.7,AED,9010,5008571,2025-02-26 10:01:41
3008572,300857,2,Office Supplies,5,82.58,AED,9010,5008572,2025-02-26 10:01:41
3008581,300858,1,Marketing Materials,22,1820.6,AED,9003,5008581,2025-05-12 09:45:41
3008591,300859,1,Marketing Materials,2,14485.6,AED,9016,5008591,2026-07-13 11:12:37
3008592,300859,2,Marketing Materials,24,5369.35,AED,9016,5008592,2026-07-13 11:12:37
3008601,300860,1,IT Hardware,31,7479.39,AED,9003,5008601,2026-08-27 17:19:32
3008611,300861,1,Facilities Maintenance,1,22202.42,AED,9011,5008611,2026-02-23 13:14:08
3008612,300861,2,Facilities Maintenance,1,39235.61,AED,9011,5008612,2026-02-23 13:14:08
3008621,300862,1,Professional Services,1,43929.53,AED,9008,5008621,2024-12-13 10:53:23
3008622,300862,2,Professional Services,1,98761.36,AED,9008,5008622,2024-12-13 10:53:23
3008631,300863,1,Marketing Materials,20,2739.58,AED,9009,5008631,2026-03-17 08:01:23
3008651,300865,1,Office Supplies,7,44.22,AED,9017,5008651,2025-02-25 17:28:31
3008661,300866,1,IT Hardware,25,1397.46,AED,9010,5008661,2025-01-15 09:40:55
3008671,300867,1,Software Licenses,1,30142.67,AED,9006,5008671,2024-12-23 11:33:06
3008672,300867,2,Software Licenses,1,6134.39,AED,9006,5008672,2024-12-23 11:33:06
3008691,300869,1,Office Supplies,4,119.85,AED,9018,5008691,2025-07-09 17:39:58
3008692,300869,2,Office Supplies,40,98.99,AED,9018,5008692,2025-07-09 17:39:58
3008711,300871,1,Professional Services,1,37594.31,AED,9001,5008711,2026-08-28 09:38:38
3008712,300871,2,Professional Services,1,105181.63,AED,9001,5008712,2026-08-28 09:38:38
3008721,300872,1,Professional Services,1,109255.32,AED,9007,5008721,2025-08-11 08:38:58
3008722,300872,2,Professional Services,1,149471.71,AED,9007,5008722,2025-08-11 08:38:58
3008723,300872,3,Professional Services,1,19161.38,AED,9007,5008723,2025-08-11 08:38:58
3008731,300873,1,Professional Services,1,128818.41,AED,9015,5008731,2024-12-12 08:20:51
3008732,300873,2,Professional Services,1,21442.85,AED,9015,5008732,2024-12-12 08:20:51
3008741,300874,1,Professional Services,1,76747.32,AED,9005,5008741,2026-05-11 10:03:50
3008742,300874,2,Professional Services,1,49387.83,AED,9005,5008742,2026-05-11 10:03:50
3008743,300874,3,Professional Services,1,71601.0,AED,9005,5008743,2026-05-11 10:03:50
3008751,300875,1,Professional Services,1,145128.46,AED,9012,,2025-06-06 08:38:34
3008752,300875,2,Professional Services,1,57948.96,AED,9012,,2025-06-06 08:38:34
3008753,300875,3,Professional Services,1,116033.7,AED,9012,,2025-06-06 08:38:34
3008761,300876,1,Software Licenses,1,42279.87,AED,9017,5008761,2025-04-17 09:37:15
3008771,300877,1,IT Hardware,15,3100.02,AED,9016,5008771,2026-04-29 09:26:26
3008781,300878,1,Office Supplies,27,150.21,AED,9010,5008781,2025-11-06 10:32:42
3008782,300878,2,Office Supplies,37,369.19,AED,9010,5008782,2025-11-06 10:32:42
3008783,300878,3,Office Supplies,14,290.92,AED,9010,5008783,2025-11-06 10:32:42
3008791,300879,1,Software Licenses,1,34312.32,AED,9008,5008791,2026-01-30 08:49:07
3008792,300879,2,Software Licenses,1,53464.74,AED,9008,5008792,2026-01-30 08:49:07
3008793,300879,3,Software Licenses,1,59839.06,AED,9008,5008793,2026-01-30 08:49:07
3008801,300880,1,IT Hardware,31,2657.14,AED,9013,5008801,2026-08-25 16:30:31
3008802,300880,2,IT Hardware,14,8341.35,AED,9013,5008802,2026-08-25 16:30:31
3008803,300880,3,IT Hardware,12,4446.08,AED,9013,5008803,2026-08-25 16:30:31
3008831,300883,1,IT Hardware,22,4185.21,AED,9011,5008831,2026-06-17 09:16:38
3008832,300883,2,IT Hardware,30,822.78,AED,9011,5008832,2026-06-17 09:16:38
3008841,300884,1,Software Licenses,1,8374.43,AED,9006,5008841,2026-04-01 15:45:32
3008851,300885,1,Marketing Materials,10,2435.32,AED,9020,5008851,2025-05-19 08:00:22
3008852,300885,2,Marketing Materials,31,9958.0,AED,9020,5008852,2025-05-19 08:00:22
3008861,300886,1,Facilities Maintenance,1,23589.98,AED,9004,5008861,2026-05-21 09:00:19
3008862,300886,2,Facilities Maintenance,1,19133.29,AED,9004,5008862,2026-05-21 09:00:19
3008871,300887,1,Facilities Maintenance,1,16274.0,AED,9019,5008871,2026-08-12 09:13:04
3008872,300887,2,Facilities Maintenance,1,5722.61,AED,9019,5008872,2026-08-12 09:13:04
3008881,300888,1,Marketing Materials,10,3125.22,AED,9002,5008881,2026-05-06 08:55:33
3008882,300888,2,Marketing Materials,4,4925.94,AED,9002,5008882,2026-05-06 08:55:33
3008883,300888,3,Marketing Materials,34,4759.23,AED,9002,5008883,2026-05-06 08:55:33
3008891,300889,1,IT Hardware,25,4348.2,AED,9015,5008891,2026-05-18 08:07:07
3008892,300889,2,IT Hardware,22,6276.11,AED,9015,5008892,2026-05-18 08:07:07
3008893,300889,3,IT Hardware,14,3988.76,AED,9015,5008893,2026-05-18 08:07:07
3008901,300890,1,Facilities Maintenance,1,19812.88,AED,9008,5008901,2025-03-20 10:06:20
3008902,300890,2,Facilities Maintenance,1,22987.05,AED,9008,5008902,2025-03-20 10:06:20
3008903,300890,3,Facilities Maintenance,1,7477.34,AED,9008,5008903,2025-03-20 10:06:20
3008911,300891,1,Software Licenses,1,32591.98,AED,9006,5008911,2026-04-01 14:23:10
3008912,300891,2,Software Licenses,1,18306.54,AED,9006,5008912,2026-04-01 14:23:10
3008913,300891,3,Software Licenses,1,59292.91,AED,9006,5008913,2026-04-01 14:23:10
3008931,300893,1,Facilities Maintenance,1,15293.68,AED,9004,,2026-07-16 14:33:22
3008941,300894,1,Facilities Maintenance,1,2443.39,AED,9016,5008941,2024-10-25 08:24:34
3008951,300895,1,Professional Services,1,13448.13,AED,9005,5008951,2024-10-28 11:54:21
3008961,300896,1,IT Hardware,28,2937.94,AED,9012,5008961,2025-12-08 10:03:19
3008962,300896,2,IT Hardware,10,3803.01,AED,9012,5008962,2025-12-08 10:03:19
3008971,300897,1,Professional Services,1,116570.85,AED,9019,5008971,2025-01-06 10:18:10
3008972,300897,2,Professional Services,1,77636.17,AED,9019,5008972,2025-01-06 10:18:10
3008981,300898,1,Professional Services,1,11182.2,AED,9004,5008981,2025-01-14 10:50:24
3008991,300899,1,Office Supplies,30,244.6,AED,9009,5008991,2025-10-30 14:24:58
3009011,300901,1,Office Supplies,30,380.06,AED,9002,5009011,2025-12-16 15:31:59
3009031,300903,1,Facilities Maintenance,1,6431.46,AED,9018,5009031,2026-04-03 11:06:28
3009032,300903,2,Facilities Maintenance,1,34657.89,AED,9018,5009032,2026-04-03 11:06:28
3009041,300904,1,Office Supplies,30,203.09,AED,9003,5009041,2024-12-23 08:49:48
3009042,300904,2,Office Supplies,1,57.73,AED,9003,5009042,2024-12-23 08:49:48
3009043,300904,3,Office Supplies,20,353.13,AED,9003,5009043,2024-12-23 08:49:48
3009051,300905,1,Software Licenses,1,26196.52,AED,9013,5009051,2024-12-02 17:14:27
3009052,300905,2,Software Licenses,1,15126.95,AED,9013,5009052,2024-12-02 17:14:27
3009053,300905,3,Software Licenses,1,39197.92,AED,9013,5009053,2024-12-02 17:14:27
3009071,300907,1,Marketing Materials,13,9125.27,AED,9012,5009071,2025-06-23 10:13:46
3009072,300907,2,Marketing Materials,12,13062.16,AED,9012,5009072,2025-06-23 10:13:46
3009081,300908,1,Software Licenses,1,26966.74,AED,9007,5009081,2025-12-03 14:49:00
3009082,300908,2,Software Licenses,1,46500.2,AED,9007,5009082,2025-12-03 14:49:00
3009083,300908,3,Software Licenses,1,2011.44,AED,9007,5009083,2025-12-03 14:49:00
3009091,300909,1,Marketing Materials,27,4122.43,AED,9001,5009091,2026-03-16 10:20:35
3009092,300909,2,Marketing Materials,15,10428.75,AED,9001,5009092,2026-03-16 10:20:35
3009101,300910,1,Professional Services,1,18169.91,AED,9002,5009101,2026-05-15 12:18:03
3009111,300911,1,Marketing Materials,36,2265.41,AED,9007,5009111,2025-11-21 10:09:38
3009112,300911,2,Marketing Materials,14,10808.4,AED,9007,5009112,2025-11-21 10:09:38
3009121,300912,1,Professional Services,1,130591.35,AED,9012,5009121,2026-06-22 09:27:06
3009141,300914,1,IT Hardware,30,7581.48,AED,9014,5009141,2025-01-06 10:46:00
3009151,300915,1,Marketing Materials,26,4580.85,AED,9001,5009151,2025-08-08 10:40:05
3009161,300916,1,IT Hardware,17,1569.02,AED,9011,5009161,2026-09-14 08:24:54
3009162,300916,2,IT Hardware,18,6990.23,AED,9011,5009162,2026-09-14 08:24:54
3009163,300916,3,IT Hardware,3,6821.54,AED,9011,5009163,2026-09-14 08:24:54
3009171,300917,1,Software Licenses,1,19338.55,AED,9007,5009171,2025-12-29 09:04:22
3009191,300919,1,Office Supplies,39,289.92,AED,9016,5009191,2026-03-02 08:10:47
3009192,300919,2,Office Supplies,12,22.93,AED,9016,5009192,2026-03-02 08:10:47
3009201,300920,1,Software Licenses,1,16687.73,AED,9005,5009201,2026-09-01 17:38:51
3009202,300920,2,Software Licenses,1,27426.8,AED,9005,5009202,2026-09-01 17:38:51
3009203,300920,3,Software Licenses,1,2141.57,AED,9005,5009203,2026-09-01 17:38:51
3009211,300921,1,Facilities Maintenance,1,11104.78,AED,9006,5009211,2026-05-04 10:38:38
3009212,300921,2,Facilities Maintenance,1,2930.08,AED,9006,5009212,2026-05-04 10:38:38
3009221,300922,1,IT Hardware,32,3101.17,AED,9012,5009221,2026-01-22 08:16:44
3009251,300925,1,Software Licenses,1,11093.02,AED,9019,5009251,2025-05-19 09:21:42
3009252,300925,2,Software Licenses,1,10331.75,AED,9019,5009252,2025-05-19 09:21:42
3009253,300925,3,Software Licenses,1,16985.01,AED,9019,5009253,2025-05-19 09:21:42
3009281,300928,1,Software Licenses,1,4416.69,AED,9019,5009281,2024-11-29 10:46:29
3009282,300928,2,Software Licenses,1,13060.29,AED,9019,5009282,2024-11-29 10:46:29
3009283,300928,3,Software Licenses,1,52435.98,AED,9019,5009283,2024-11-29 10:46:29
3009291,300929,1,IT Hardware,3,1057.27,AED,9011,5009291,2026-07-21 10:48:16
3009292,300929,2,IT Hardware,24,8240.84,AED,9011,5009292,2026-07-21 10:48:16
3009293,300929,3,IT Hardware,37,6192.27,AED,9011,5009293,2026-07-21 10:48:16
3009301,300930,1,Facilities Maintenance,1,7994.33,AED,9020,5009301,2025-04-21 08:14:21
3009302,300930,2,Facilities Maintenance,1,10302.38,AED,9020,5009302,2025-04-21 08:14:21
3009311,300931,1,Office Supplies,25,48.93,AED,9004,5009311,2026-02-12 17:42:22
3009321,300932,1,Software Licenses,1,2351.73,AED,9010,5009321,2026-05-28 08:42:12
3009322,300932,2,Software Licenses,1,57842.44,AED,9010,5009322,2026-05-28 08:42:12
3009331,300933,1,Office Supplies,14,165.79,AED,9007,5009331,2025-09-01 10:25:23
3009332,300933,2,Office Supplies,3,383.16,AED,9007,5009332,2025-09-01 10:25:23
3009341,300934,1,Marketing Materials,1,4294.88,AED,9001,5009341,2026-02-23 08:43:46
3009361,300936,1,Facilities Maintenance,1,24464.75,AED,9016,5009361,2025-12-22 09:22:41
3009371,300937,1,Office Supplies,24,349.69,AED,9005,5009371,2025-03-04 10:54:03
3009391,300939,1,Professional Services,1,39067.26,AED,9020,5009391,2026-05-12 10:45:12
3009392,300939,2,Professional Services,1,110417.16,AED,9020,5009392,2026-05-12 10:45:12
3009401,300940,1,Office Supplies,37,130.35,AED,9004,,2026-08-20 16:49:26
3009402,300940,2,Office Supplies,30,123.69,AED,9004,,2026-08-20 16:49:26
3009403,300940,3,Office Supplies,8,85.86,AED,9004,,2026-08-20 16:49:26
3009411,300941,1,Software Licenses,1,31272.26,AED,9016,5009411,2026-05-06 16:20:59
3009421,300942,1,Facilities Maintenance,1,11350.25,AED,9017,5009421,2025-01-24 08:16:29
3009441,300944,1,Professional Services,1,133721.07,AED,9004,5009441,2025-12-08 09:00:19
3009442,300944,2,Professional Services,1,119108.13,AED,9004,5009442,2025-12-08 09:00:19
3009443,300944,3,Professional Services,1,85165.56,AED,9004,5009443,2025-12-08 09:00:19
3009451,300945,1,Marketing Materials,24,4888.18,AED,9014,5009451,2025-03-03 10:56:45
3009461,300946,1,Marketing Materials,25,4765.9,AED,9020,5009461,2026-08-14 12:56:04
3009471,300947,1,Office Supplies,20,168.15,AED,9014,5009471,2025-12-25 08:24:20
3009481,300948,1,Professional Services,1,21848.08,AED,9003,5009481,2024-10-08 16:52:16
3009501,300950,1,Software Licenses,1,5746.0,AED,9001,5009501,2026-01-27 10:40:43
3009511,300951,1,Software Licenses,1,32138.27,AED,9009,5009511,2026-06-11 10:41:44
3009512,300951,2,Software Licenses,1,32521.47,AED,9009,5009512,2026-06-11 10:41:44
3009513,300951,3,Software Licenses,1,21165.79,AED,9009,5009513,2026-06-11 10:41:44
3009521,300952,1,IT Hardware,22,6418.18,AED,9011,5009521,2025-10-13 08:52:48
3009522,300952,2,IT Hardware,7,5317.49,AED,9011,5009522,2025-10-13 08:52:48
3009531,300953,1,Marketing Materials,1,14852.95,AED,9009,5009531,2025-11-03 15:31:49
3009541,300954,1,Marketing Materials,18,12894.67,AED,9013,5009541,2025-10-21 08:50:36
3009542,300954,2,Marketing Materials,20,12044.61,AED,9013,5009542,2025-10-21 08:50:36
3009551,300955,1,Office Supplies,4,326.54,AED,9009,5009551,2026-04-13 09:44:18
3009552,300955,2,Office Supplies,20,202.94,AED,9009,5009552,2026-04-13 09:44:18
3009561,300956,1,IT Hardware,33,4335.14,AED,9017,5009561,2026-03-30 09:35:09
3009571,300957,1,Marketing Materials,21,9353.48,AED,9020,5009571,2025-01-13 09:47:46
3009581,300958,1,Marketing Materials,9,4238.43,AED,9009,,2026-05-19 09:48:16
3009591,300959,1,Marketing Materials,25,6907.61,AED,9018,5009591,2026-06-10 17:17:12
3009592,300959,2,Marketing Materials,38,10876.6,AED,9018,5009592,2026-06-10 17:17:12
3009601,300960,1,Office Supplies,7,205.13,AED,9013,5009601,2026-07-08 08:53:37
3009602,300960,2,Office Supplies,13,41.75,AED,9013,5009602,2026-07-08 08:53:37
3009611,300961,1,Professional Services,1,14042.05,AED,9013,5009611,2025-08-25 08:42:15
3009612,300961,2,Professional Services,1,141972.39,AED,9013,5009612,2025-08-25 08:42:15
3009621,300962,1,Software Licenses,1,53322.44,AED,9017,5009621,2025-05-22 08:35:06
3009631,300963,1,Professional Services,1,110972.27,AED,9011,5009631,2026-06-08 08:22:26
3009641,300964,1,IT Hardware,9,846.61,AED,9013,5009641,2026-06-25 10:07:40
3009642,300964,2,IT Hardware,12,2104.7,AED,9013,5009642,2026-06-25 10:07:40
3009651,300965,1,Software Licenses,1,10330.87,AED,9015,5009651,2026-07-17 09:54:22
3009671,300967,1,Facilities Maintenance,1,25979.18,AED,9014,5009671,2024-11-25 12:05:06
3009701,300970,1,Office Supplies,18,103.84,AED,9013,5009701,2025-01-13 15:15:00
3009702,300970,2,Office Supplies,16,151.29,AED,9013,5009702,2025-01-13 15:15:00
3009711,300971,1,Marketing Materials,12,7240.25,AED,9014,5009711,2024-10-15 09:03:10
3009712,300971,2,Marketing Materials,13,2256.23,AED,9014,5009712,2024-10-15 09:03:10
3009721,300972,1,Software Licenses,1,4575.39,AED,9008,5009721,2025-06-03 08:30:14
3009731,300973,1,Professional Services,1,85250.52,AED,9002,5009731,2025-07-07 12:52:08
3009732,300973,2,Professional Services,1,48446.21,AED,9002,5009732,2025-07-07 12:52:08
3009741,300974,1,Office Supplies,28,284.17,AED,9020,5009741,2025-08-07 09:00:11
3009742,300974,2,Office Supplies,20,64.01,AED,9020,5009742,2025-08-07 09:00:11
3009771,300977,1,Marketing Materials,5,8913.22,AED,9018,5009771,2025-03-28 14:38:56
3009772,300977,2,Marketing Materials,30,11633.98,AED,9018,5009772,2025-03-28 14:38:56
3009773,300977,3,Marketing Materials,10,4365.22,AED,9018,5009773,2025-03-28 14:38:56
3009781,300978,1,Office Supplies,25,154.93,AED,9014,5009781,2026-03-09 08:02:40
3009782,300978,2,Office Supplies,19,372.0,AED,9014,5009782,2026-03-09 08:02:40
3009791,300979,1,Marketing Materials,23,5338.19,AED,9006,5009791,2026-03-26 08:32:47
3009792,300979,2,Marketing Materials,32,6276.09,AED,9006,5009792,2026-03-26 08:32:47
3009821,300982,1,IT Hardware,26,2929.12,AED,9014,5009821,2024-10-15 09:41:49
3009831,300983,1,IT Hardware,25,7842.36,AED,9020,5009831,2025-03-21 10:47:43
3009841,300984,1,Facilities Maintenance,1,29668.71,AED,9019,5009841,2025-06-16 09:13:01
3009851,300985,1,Software Licenses,1,57564.12,AED,9007,5009851,2025-02-21 10:46:08
3009852,300985,2,Software Licenses,1,16627.64,AED,9007,5009852,2025-02-21 10:46:08
3009853,300985,3,Software Licenses,1,51652.51,AED,9007,5009853,2025-02-21 10:46:08
3009871,300987,1,IT Hardware,11,2188.88,AED,9001,5009871,2026-04-24 13:04:43
3009872,300987,2,IT Hardware,39,5403.74,AED,9001,5009872,2026-04-24 13:04:43
3009881,300988,1,Office Supplies,10,140.11,AED,9001,5009881,2025-04-18 16:31:04
3009882,300988,2,Office Supplies,37,181.91,AED,9001,5009882,2025-04-18 16:31:04
3009901,300990,1,Office Supplies,33,250.98,AED,9011,5009901,2026-01-13 08:41:53
3009911,300991,1,Office Supplies,25,160.42,AED,9004,5009911,2024-10-14 15:01:14
3009921,300992,1,Professional Services,1,110570.2,AED,9005,5009921,2025-05-23 10:34:47
3009931,300993,1,Professional Services,1,139306.99,AED,9006,5009931,2024-12-18 09:15:01
3009932,300993,2,Professional Services,1,30254.31,AED,9006,5009932,2024-12-18 09:15:01
3009941,300994,1,Professional Services,1,149634.21,AED,9001,5009941,2026-08-17 08:54:56
3009951,300995,1,Office Supplies,7,315.13,AED,9015,5009951,2025-04-04 08:15:42
3009961,300996,1,Office Supplies,20,121.14,AED,9003,5009961,2026-06-24 09:47:17
3009962,300996,2,Office Supplies,22,259.21,AED,9003,5009962,2026-06-24 09:47:17
3009971,300997,1,IT Hardware,40,7920.9,AED,9002,5009971,2024-10-23 10:49:05
3009981,300998,1,Facilities Maintenance,1,11572.98,AED,9008,5009981,2026-02-16 08:04:32
3009991,300999,1,Professional Services,1,102837.6,AED,9013,5009991,2026-04-02 08:46:06
3009992,300999,2,Professional Services,1,26136.83,AED,9013,5009992,2026-04-02 08:46:06
3010001,301000,1,Facilities Maintenance,1,16561.47,AED,9001,5010001,2024-12-25 08:43:01
3010041,301004,1,Office Supplies,2,171.97,AED,9017,5010041,2026-01-29 10:11:55
3010051,301005,1,Marketing Materials,40,4760.13,AED,9012,5010051,2026-04-16 09:36:20
3010061,301006,1,Professional Services,1,104401.87,AED,9018,,2025-09-08 13:07:44
3010062,301006,2,Professional Services,1,53141.37,AED,9018,,2025-09-08 13:07:44
3010071,301007,1,Professional Services,1,57057.65,AED,9009,5010071,2026-04-10 17:00:40
3010081,301008,1,IT Hardware,9,1172.66,AED,9002,5010081,2024-11-28 09:23:06
3010091,301009,1,Facilities Maintenance,1,24852.38,AED,9013,5010091,2025-01-03 08:30:57
3010101,301010,1,Office Supplies,30,143.98,AED,9002,5010101,2025-06-05 13:02:17
3010111,301011,1,Software Licenses,1,39367.99,AED,9018,5010111,2026-03-26 13:42:57
3010112,301011,2,Software Licenses,1,6725.75,AED,9018,5010112,2026-03-26 13:42:57
3010121,301012,1,Facilities Maintenance,1,8241.57,AED,9009,,2025-06-03 09:55:56
3010131,301013,1,Software Licenses,1,53531.53,AED,9002,,2025-07-14 08:53:19
3010132,301013,2,Software Licenses,1,59420.74,AED,9002,,2025-07-14 08:53:19
3010141,301014,1,Professional Services,1,111807.04,AED,9016,5010141,2026-05-25 08:14:11
3010142,301014,2,Professional Services,1,137638.96,AED,9016,5010142,2026-05-25 08:14:11
3010143,301014,3,Professional Services,1,54405.18,AED,9016,5010143,2026-05-25 08:14:11
3010151,301015,1,IT Hardware,26,4803.25,AED,9016,5010151,2024-10-14 08:18:39
3010152,301015,2,IT Hardware,32,5058.8,AED,9016,5010152,2024-10-14 08:18:39
3010153,301015,3,IT Hardware,33,1228.97,AED,9016,5010153,2024-10-14 08:18:39
3010161,301016,1,Professional Services,1,23180.01,AED,9007,5010161,2025-04-16 15:36:12
3010162,301016,2,Professional Services,1,15459.1,AED,9007,5010162,2025-04-16 15:36:12
3010163,301016,3,Professional Services,1,34992.69,AED,9007,5010163,2025-04-16 15:36:12
3010171,301017,1,Office Supplies,9,148.24,AED,9002,5010171,2025-03-10 08:10:51
3010172,301017,2,Office Supplies,20,86.66,AED,9002,5010172,2025-03-10 08:10:51
3010181,301018,1,Office Supplies,39,211.51,AED,9014,5010181,2025-04-28 13:20:30
3010182,301018,2,Office Supplies,7,182.3,AED,9014,5010182,2025-04-28 13:20:30
3010191,301019,1,Facilities Maintenance,1,32933.22,AED,9010,,2025-08-25 16:40:13
3010192,301019,2,Facilities Maintenance,1,29562.62,AED,9010,,2025-08-25 16:40:13
3010201,301020,1,Software Licenses,1,49687.07,AED,9015,5010201,2025-01-02 14:27:23
3010211,301021,1,Software Licenses,1,9693.44,AED,9012,5010211,2024-11-04 08:34:18
3010212,301021,2,Software Licenses,1,4501.5,AED,9012,5010212,2024-11-04 08:34:18
3010213,301021,3,Software Licenses,1,16243.01,AED,9012,5010213,2024-11-04 08:34:18
3010221,301022,1,Facilities Maintenance,1,28219.38,AED,9019,5010221,2024-11-04 14:40:29
3010222,301022,2,Facilities Maintenance,1,3598.53,AED,9019,5010222,2024-11-04 14:40:29
3010223,301022,3,Facilities Maintenance,1,35344.34,AED,9019,5010223,2024-11-04 14:40:29
3010231,301023,1,Marketing Materials,3,7155.29,AED,9019,,2026-03-02 15:39:36
3010232,301023,2,Marketing Materials,30,10943.67,AED,9019,,2026-03-02 15:39:36
3010233,301023,3,Marketing Materials,11,9450.5,AED,9019,,2026-03-02 15:39:36
3010241,301024,1,Facilities Maintenance,1,27113.84,AED,9013,5010241,2025-05-21 10:17:59
3010251,301025,1,IT Hardware,39,5764.34,AED,9017,5010251,2025-09-29 12:41:48
3010252,301025,2,IT Hardware,24,8975.35,AED,9017,5010252,2025-09-29 12:41:48
3010261,301026,1,Marketing Materials,25,2846.91,AED,9012,5010261,2024-11-28 08:52:09
3010262,301026,2,Marketing Materials,26,13372.32,AED,9012,5010262,2024-11-28 08:52:09
3010263,301026,3,Marketing Materials,40,8685.1,AED,9012,5010263,2024-11-28 08:52:09
3010271,301027,1,Marketing Materials,6,7264.17,AED,9014,5010271,2024-10-10 08:26:05
3010281,301028,1,IT Hardware,15,1745.42,AED,9005,5010281,2025-09-22 13:04:45
3010282,301028,2,IT Hardware,21,7800.9,AED,9005,5010282,2025-09-22 13:04:45
3010283,301028,3,IT Hardware,15,3036.22,AED,9005,5010283,2025-09-22 13:04:45
3010291,301029,1,Software Licenses,1,18705.94,AED,9014,,2025-01-03 08:58:35
3010301,301030,1,Facilities Maintenance,1,37754.06,AED,9006,5010301,2026-02-19 10:33:49
3010311,301031,1,Software Licenses,1,42411.82,AED,9018,5010311,2025-07-10 08:55:53
3010321,301032,1,Software Licenses,1,51272.4,AED,9006,5010321,2025-08-11 11:44:07
3010341,301034,1,Facilities Maintenance,1,36909.41,AED,9017,5010341,2026-06-19 13:57:56
3010342,301034,2,Facilities Maintenance,1,27269.53,AED,9017,5010342,2026-06-19 13:57:56
3010343,301034,3,Facilities Maintenance,1,27541.56,AED,9017,5010343,2026-06-19 13:57:56
3010351,301035,1,Professional Services,1,132691.51,AED,9002,5010351,2024-11-19 10:45:37
3010361,301036,1,IT Hardware,6,6844.51,AED,9015,5010361,2026-01-06 09:53:09
3010371,301037,1,IT Hardware,22,8218.06,AED,9007,5010371,2026-08-06 10:18:13
3010381,301038,1,Software Licenses,1,50390.62,AED,9009,5010381,2025-09-16 08:43:15
3010391,301039,1,Marketing Materials,3,986.47,AED,9006,5010391,2026-08-26 08:59:19
3010392,301039,2,Marketing Materials,20,677.05,AED,9006,5010392,2026-08-26 08:59:19
3010393,301039,3,Marketing Materials,10,3614.55,AED,9006,5010393,2026-08-26 08:59:19
3010401,301040,1,Professional Services,1,51917.97,AED,9008,5010401,2026-04-21 08:38:22
3010411,301041,1,Professional Services,1,106933.64,AED,9011,5010411,2025-01-20 10:56:39
3010421,301042,1,IT Hardware,6,7036.46,AED,9017,5010421,2026-02-06 09:49:39
3010422,301042,2,IT Hardware,6,6554.72,AED,9017,5010422,2026-02-06 09:49:39
3010423,301042,3,IT Hardware,33,4258.84,AED,9017,5010423,2026-02-06 09:49:39
3010431,301043,1,Office Supplies,2,232.64,AED,9007,5010431,2025-06-05 10:17:52
3010432,301043,2,Office Supplies,4,302.45,AED,9007,5010432,2025-06-05 10:17:52
3010441,301044,1,Office Supplies,34,283.71,AED,9014,5010441,2025-04-21 08:05:13
3010451,301045,1,IT Hardware,33,3576.24,AED,9014,5010451,2025-05-27 10:08:00
3010452,301045,2,IT Hardware,27,4527.06,AED,9014,5010452,2025-05-27 10:08:00
3010453,301045,3,IT Hardware,29,5119.07,AED,9014,5010453,2025-05-27 10:08:00
3010461,301046,1,Marketing Materials,14,12985.01,AED,9005,5010461,2025-03-17 10:47:01
3010462,301046,2,Marketing Materials,19,14536.99,AED,9005,5010462,2025-03-17 10:47:01
3010463,301046,3,Marketing Materials,12,1904.16,AED,9005,5010463,2025-03-17 10:47:01
3010471,301047,1,Office Supplies,36,25.28,AED,9008,5010471,2024-10-15 10:13:40
3010481,301048,1,Marketing Materials,34,10482.19,AED,9018,5010481,2025-03-14 10:51:08
3010482,301048,2,Marketing Materials,1,7471.28,AED,9018,5010482,2025-03-14 10:51:08
3010491,301049,1,IT Hardware,11,4275.14,AED,9002,5010491,2025-09-01 09:50:33
3010492,301049,2,IT Hardware,36,3206.13,AED,9002,5010492,2025-09-01 09:50:33
3010493,301049,3,IT Hardware,5,8556.27,AED,9002,5010493,2025-09-01 09:50:33
3010501,301050,1,Marketing Materials,9,12205.77,AED,9001,5010501,2026-05-18 13:47:48
3010502,301050,2,Marketing Materials,19,7450.84,AED,9001,5010502,2026-05-18 13:47:48
3010503,301050,3,Marketing Materials,2,13400.77,AED,9001,5010503,2026-05-18 13:47:48
3010521,301052,1,Facilities Maintenance,1,35820.39,AED,9002,5010521,2025-06-25 13:29:09
3010522,301052,2,Facilities Maintenance,1,1875.55,AED,9002,5010522,2025-06-25 13:29:09
3010523,301052,3,Facilities Maintenance,1,21958.29,AED,9002,5010523,2025-06-25 13:29:09
3010531,301053,1,Software Licenses,1,20986.08,AED,9004,5010531,2026-05-08 10:24:40
3010541,301054,1,Software Licenses,1,26132.41,AED,9016,5010541,2026-05-05 11:23:29
3010542,301054,2,Software Licenses,1,47625.83,AED,9016,5010542,2026-05-05 11:23:29
3010561,301056,1,Marketing Materials,4,3534.56,AED,9018,5010561,2026-06-12 09:41:42
3010581,301058,1,Professional Services,1,98793.38,AED,9012,,2026-02-16 11:00:24
3010591,301059,1,Facilities Maintenance,1,35021.13,AED,9001,5010591,2026-09-04 09:53:36
3010601,301060,1,Office Supplies,40,282.63,AED,9007,5010601,2026-02-05 09:30:30
3010611,301061,1,Facilities Maintenance,1,39009.39,AED,9008,5010611,2025-11-26 09:38:00
3010612,301061,2,Facilities Maintenance,1,18533.22,AED,9008,5010612,2025-11-26 09:38:00
3010613,301061,3,Facilities Maintenance,1,31756.44,AED,9008,5010613,2025-11-26 09:38:00
3010621,301062,1,Software Licenses,1,39552.16,AED,9019,5010621,2026-04-08 14:10:06
3010631,301063,1,Facilities Maintenance,1,1848.41,AED,9012,5010631,2025-11-04 14:33:35
3010641,301064,1,Office Supplies,34,120.73,AED,9006,5010641,2025-12-22 10:07:13
3010651,301065,1,Professional Services,1,26030.02,AED,9008,5010651,2024-11-26 14:52:13
3010652,301065,2,Professional Services,1,142211.3,AED,9008,5010652,2024-11-26 14:52:13
3010653,301065,3,Professional Services,1,14022.97,AED,9008,5010653,2024-11-26 14:52:13
3010671,301067,1,IT Hardware,40,3595.15,AED,9017,5010671,2026-09-09 10:28:28
3010672,301067,2,IT Hardware,17,8678.74,AED,9017,5010672,2026-09-09 10:28:28
3010681,301068,1,Facilities Maintenance,1,3004.91,AED,9007,5010681,2025-07-02 09:07:32
3010682,301068,2,Facilities Maintenance,1,14288.68,AED,9007,5010682,2025-07-02 09:07:32
3010701,301070,1,Professional Services,1,95872.47,AED,9018,5010701,2025-03-03 08:07:04
3010702,301070,2,Professional Services,1,115615.55,AED,9018,5010702,2025-03-03 08:07:04
3010711,301071,1,Facilities Maintenance,1,26284.87,AED,9002,5010711,2024-12-16 10:33:41
3010721,301072,1,IT Hardware,18,3342.31,AED,9011,5010721,2026-07-21 09:00:47
3010731,301073,1,Office Supplies,14,310.18,AED,9007,5010731,2025-01-17 10:18:37
3010741,301074,1,Office Supplies,28,343.61,AED,9014,5010741,2025-09-17 08:15:06
3010742,301074,2,Office Supplies,20,390.3,AED,9014,5010742,2025-09-17 08:15:06
3010743,301074,3,Office Supplies,29,277.57,AED,9014,5010743,2025-09-17 08:15:06
3010761,301076,1,Facilities Maintenance,1,13507.95,AED,9006,5010761,2026-02-09 15:26:55
3010771,301077,1,Professional Services,1,64205.1,AED,9003,5010771,2025-12-24 16:24:41
3010772,301077,2,Professional Services,1,138242.12,AED,9003,5010772,2025-12-24 16:24:41
3010773,301077,3,Professional Services,1,96193.57,AED,9003,5010773,2025-12-24 16:24:41
3010781,301078,1,Marketing Materials,27,683.9,AED,9013,5010781,2025-11-18 17:51:47
3010782,301078,2,Marketing Materials,36,7945.91,AED,9013,5010782,2025-11-18 17:51:47
3010791,301079,1,Marketing Materials,15,4769.52,AED,9010,5010791,2025-01-10 09:35:34
3010801,301080,1,Facilities Maintenance,1,32111.88,AED,9013,5010801,2025-04-28 09:41:01
3010802,301080,2,Facilities Maintenance,1,32504.41,AED,9013,5010802,2025-04-28 09:41:01
3010803,301080,3,Facilities Maintenance,1,5569.32,AED,9013,5010803,2025-04-28 09:41:01
3010811,301081,1,Professional Services,1,105170.22,AED,9013,5010811,2025-11-24 09:18:55
3010812,301081,2,Professional Services,1,63673.57,AED,9013,5010812,2025-11-24 09:18:55
3010821,301082,1,Professional Services,1,67826.75,AED,9007,5010821,2025-10-06 08:58:30
3010831,301083,1,Office Supplies,9,348.97,AED,9006,5010831,2026-08-31 08:49:04
3010841,301084,1,Professional Services,1,76164.46,AED,9014,5010841,2026-08-18 10:57:46
3010842,301084,2,Professional Services,1,120769.38,AED,9014,5010842,2026-08-18 10:57:46
3010851,301085,1,Office Supplies,29,134.76,AED,9005,5010851,2026-09-09 11:32:42
3010861,301086,1,Office Supplies,16,23.73,AED,9003,5010861,2024-10-24 16:05:01
3010862,301086,2,Office Supplies,9,316.25,AED,9003,5010862,2024-10-24 16:05:01
3010871,301087,1,Facilities Maintenance,1,4363.19,AED,9008,5010871,2024-12-23 09:10:03
3010881,301088,1,Professional Services,1,70357.55,AED,9002,5010881,2024-11-21 09:05:37
3010901,301090,1,IT Hardware,18,5190.53,AED,9017,5010901,2025-12-05 10:50:29
3010902,301090,2,IT Hardware,16,1457.59,AED,9017,5010902,2025-12-05 10:50:29
3010911,301091,1,IT Hardware,39,5065.74,AED,9014,5010911,2026-06-15 09:16:15
3010921,301092,1,Professional Services,1,13425.88,AED,9007,5010921,2025-06-10 09:34:14
3010922,301092,2,Professional Services,1,84066.7,AED,9007,5010922,2025-06-10 09:34:14
3010931,301093,1,Facilities Maintenance,1,5779.01,AED,9005,5010931,2025-06-27 10:27:06
3010941,301094,1,Facilities Maintenance,1,14645.59,AED,9014,5010941,2025-01-27 12:44:08
3010942,301094,2,Facilities Maintenance,1,35617.86,AED,9014,5010942,2025-01-27 12:44:08
3010951,301095,1,Professional Services,1,149962.89,AED,9019,5010951,2026-06-03 08:34:29
3010952,301095,2,Professional Services,1,24786.22,AED,9019,5010952,2026-06-03 08:34:29
3010961,301096,1,Software Licenses,1,12242.56,AED,9010,5010961,2024-11-04 09:39:57
3010962,301096,2,Software Licenses,1,16352.18,AED,9010,5010962,2024-11-04 09:39:57
3010963,301096,3,Software Licenses,1,39438.11,AED,9010,5010963,2024-11-04 09:39:57
3010971,301097,1,Professional Services,1,62293.12,AED,9004,5010971,2024-12-12 09:05:57
3010972,301097,2,Professional Services,1,23741.64,AED,9004,5010972,2024-12-12 09:05:57
3010981,301098,1,Marketing Materials,40,881.3,AED,9011,5010981,2025-04-29 10:05:23
3010991,301099,1,Office Supplies,38,156.73,AED,9016,5010991,2025-01-27 14:04:34
3010992,301099,2,Office Supplies,24,364.93,AED,9016,5010992,2025-01-27 14:04:34
3011001,301100,1,IT Hardware,34,2744.89,AED,9012,5011001,2025-05-09 08:11:20
