TRANSACTION_ID,TRANSACTION_TYPE,TRANSACTION_DATE,PO_HEADER_ID,PO_LINE_ID,QUANTITY,CREATED_BY
1,RECEIVE,2026-02-23 11:16:04,500001,5000011,6,S.HASSAN
2,RECEIVE,2026-02-26 11:35:56,500001,5000011,7,S.HASSAN
3,RECEIVE,2026-04-22 15:47:20,500002,5000021,21,BUYER.SARA
4,RECEIVE,2025-08-20 10:27:13,500003,5000031,35,L.NAIR
5,RECEIVE,2025-08-25 09:42:09,500003,5000032,22,L.NAIR
6,RECEIVE,2026-05-07 08:05:32,500004,5000041,37,N.SAEED
7,RECEIVE,2026-05-11 09:57:49,500004,5000042,8,N.SAEED
8,RECEIVE,2026-05-18 09:59:11,500004,5000042,8,N.SAEED
9,RECEIVE,2025-01-17 17:53:57,500006,5000061,7,A.KHAN
10,RECEIVE,2025-01-30 09:10:57,500006,5000061,7,A.KHAN
11,RECEIVE,2025-03-20 17:37:20,500008,5000081,1,BUYER.SARA
12,RECEIVE,2025-03-20 09:02:23,500008,5000082,1,BUYER.SARA
13,RECEIVE,2025-03-21 10:12:09,500008,5000083,1,BUYER.SARA
14,RECEIVE,2025-05-21 10:11:29,500009,5000091,36,R.MENON
15,RECEIVE,2025-04-17 10:34:55,500010,5000101,1,M.RAHMAN
16,RECEIVE,2025-04-14 09:14:30,500010,5000102,1,M.RAHMAN
17,RECEIVE,2025-04-01 09:21:52,500010,5000103,1,M.RAHMAN
18,RECEIVE,2025-03-17 09:10:27,500011,5000111,1,N.SAEED
19,RECEIVE,2024-11-28 11:52:28,500012,5000121,28,BUYER.SARA
20,RECEIVE,2026-03-09 08:46:24,500013,5000131,1,M.RAHMAN
21,RECEIVE,2026-03-09 10:48:29,500013,5000132,1,M.RAHMAN
22,RECEIVE,2026-04-01 08:35:36,500014,5000141,9,BUYER.SARA
23,RECEIVE,2026-02-25 08:04:32,500015,5000151,1,BUYER.JAMES
24,RECEIVE,2026-02-23 14:00:10,500015,5000152,1,BUYER.JAMES
25,RECEIVE,2026-06-04 09:52:18,500016,5000161,1,BUYER.OMAR
26,RECEIVE,2025-03-21 10:24:24,500017,5000171,20,L.NAIR
27,RECEIVE,2025-03-20 10:15:10,500017,5000172,36,L.NAIR
28,RECEIVE,2026-05-04 08:05:33,500018,5000181,1,F.ALI
29,RECEIVE,2026-05-04 10:15:17,500018,5000182,27,F.ALI
30,RECEIVE,2026-05-04 12:34:17,500018,5000183,10,F.ALI
31,RECEIVE,2025-04-16 10:41:50,500019,5000191,1,A.KHAN
32,RECEIVE,2025-03-27 17:11:35,500019,5000192,1,A.KHAN
33,RECEIVE,2025-03-27 14:18:10,500019,5000193,1,A.KHAN
34,RECEIVE,2026-05-15 10:08:51,500020,5000201,1,R.MENON
35,RECEIVE,2026-05-13 13:30:13,500020,5000202,1,R.MENON
36,RECEIVE,2026-05-18 10:09:27,500020,5000203,1,R.MENON
37,RECEIVE,2025-03-05 16:19:54,500021,5000211,1,BUYER.JAMES
38,RECEIVE,2025-03-10 09:51:14,500021,5000212,1,BUYER.JAMES
39,RECEIVE,2025-03-10 16:06:08,500021,5000213,1,BUYER.JAMES
40,RECEIVE,2025-09-22 11:45:44,500022,5000221,2,R.MENON
41,RECEIVE,2025-10-13 09:49:48,500023,5000231,39,J.THOMAS
42,RECEIVE,2025-10-14 09:39:45,500023,5000232,7,J.THOMAS
43,RECEIVE,2025-10-10 09:09:43,500023,5000233,14,J.THOMAS
44,RECEIVE,2026-04-13 09:54:29,500024,5000241,7,N.SAEED
45,RECEIVE,2026-04-20 13:55:39,500024,5000241,7,N.SAEED
46,RECEIVE,2025-11-19 10:57:18,500025,5000251,2,F.ALI
47,RECEIVE,2025-11-24 10:09:10,500025,5000251,3,F.ALI
48,RECEIVE,2025-11-24 15:12:53,500025,5000252,32,F.ALI
49,RECEIVE,2026-07-06 08:18:12,500026,5000261,1,F.ALI
50,RECEIVE,2026-07-17 11:10:56,500026,5000262,1,F.ALI
51,RECEIVE,2025-10-22 15:42:37,500027,5000271,1,S.HASSAN
52,RECEIVE,2025-10-28 08:02:18,500027,5000272,1,S.HASSAN
53,RECEIVE,2025-10-21 10:16:35,500027,5000273,1,S.HASSAN
54,RECEIVE,2025-08-25 10:21:51,500028,5000281,1,S.HASSAN
55,RECEIVE,2026-06-15 16:30:42,500029,5000291,35,BUYER.JAMES
56,RECEIVE,2026-06-16 09:42:48,500029,5000292,3,BUYER.JAMES
57,RECEIVE,2026-06-16 08:44:17,500029,5000293,13,BUYER.JAMES
58,RECEIVE,2025-10-30 08:45:53,500030,5000301,1,M.RAHMAN
59,RECEIVE,2025-11-04 08:50:54,500030,5000302,1,M.RAHMAN
60,RECEIVE,2025-10-27 08:50:24,500030,5000303,1,M.RAHMAN
61,RECEIVE,2026-04-24 09:08:05,500031,5000311,1,BUYER.OMAR
62,RECEIVE,2026-05-01 08:32:20,500031,5000312,1,BUYER.OMAR
63,RECEIVE,2026-01-07 10:06:35,500032,5000321,27,BUYER.PRIYA
64,RECEIVE,2026-01-09 08:09:12,500032,5000322,1,BUYER.PRIYA
65,RECEIVE,2026-01-13 10:26:36,500032,5000322,1,BUYER.PRIYA
66,RECEIVE,2026-04-29 09:10:21,500034,5000341,7,BUYER.PRIYA
67,RECEIVE,2026-09-08 10:47:50,500035,5000351,1,N.SAEED
68,RECEIVE,2026-09-10 10:22:48,500035,5000352,1,N.SAEED
69,RECEIVE,2026-08-17 09:21:26,500036,5000361,1,N.SAEED
70,RECEIVE,2025-07-21 08:46:35,500037,5000371,1,BUYER.OMAR
71,RECEIVE,2025-07-22 17:08:31,500037,5000372,1,BUYER.OMAR
72,RECEIVE,2025-07-21 09:36:50,500037,5000373,1,BUYER.OMAR
73,RECEIVE,2026-08-27 10:52:54,500038,5000381,1,J.THOMAS
74,RECEIVE,2024-12-05 17:00:54,500039,5000391,32,A.KHAN
75,RECEIVE,2024-12-05 08:34:17,500039,5000392,33,A.KHAN
76,RECEIVE,2025-11-18 08:10:28,500041,5000411,20,R.MENON
77,RECEIVE,2025-05-05 09:46:30,500042,5000421,39,F.ALI
78,RECEIVE,2025-05-05 09:10:54,500042,5000422,13,F.ALI
79,RECEIVE,2025-05-12 10:41:24,500042,5000422,13,F.ALI
80,RECEIVE,2025-05-06 08:00:15,500042,5000423,36,F.ALI
81,RECEIVE,2025-04-21 08:13:00,500043,5000431,13,N.SAEED
82,RECEIVE,2025-11-24 12:16:10,500044,5000441,1,L.NAIR
83,RECEIVE,2025-07-21 08:29:51,500045,5000451,1,A.KHAN
84,RECEIVE,2025-07-11 16:47:27,500045,5000452,1,A.KHAN
85,RECEIVE,2026-05-11 10:26:23,500046,5000461,1,J.THOMAS
86,RECEIVE,2026-05-08 09:44:25,500046,5000462,1,J.THOMAS
87,RECEIVE,2025-10-22 10:32:15,500047,5000471,15,L.NAIR
88,RECEIVE,2025-04-15 10:58:55,500048,5000481,1,N.SAEED
89,RECEIVE,2025-11-17 11:08:05,500049,5000491,1,BUYER.JAMES
90,RECEIVE,2025-11-17 09:55:14,500049,5000492,1,BUYER.JAMES
91,RECEIVE,2025-05-08 14:27:37,500050,5000501,39,M.RAHMAN
92,RECEIVE,2025-05-09 10:05:36,500050,5000502,21,M.RAHMAN
93,RECEIVE,2026-06-26 09:04:34,500051,5000511,1,N.SAEED
94,RECEIVE,2026-07-13 12:32:22,500052,5000521,1,N.SAEED
95,RECEIVE,2026-07-13 13:05:00,500052,5000522,1,N.SAEED
96,RECEIVE,2024-11-21 13:46:41,500053,5000531,7,N.SAEED
97,RECEIVE,2024-12-02 12:18:51,500053,5000531,7,N.SAEED
98,RECEIVE,2025-12-19 08:29:41,500054,5000541,1,M.RAHMAN
99,RECEIVE,2025-01-29 09:59:41,500055,5000551,16,BUYER.SARA
100,RECEIVE,2025-01-30 09:28:23,500055,5000552,4,BUYER.SARA
101,RECEIVE,2024-12-19 08:04:00,500058,5000581,32,J.THOMAS
102,RECEIVE,2024-12-30 08:11:51,500058,5000582,36,J.THOMAS
103,RECEIVE,2026-08-03 10:44:22,500059,5000591,31,F.ALI
104,RECEIVE,2025-06-11 08:51:34,500060,5000601,1,M.RAHMAN
105,RECEIVE,2025-11-03 13:19:31,500061,5000611,1,R.MENON
106,RECEIVE,2025-11-03 11:09:15,500061,5000612,1,R.MENON
107,RECEIVE,2025-10-30 09:14:00,500061,5000613,1,R.MENON
108,RECEIVE,2026-09-23 10:56:06,500062,5000621,29,N.SAEED
109,RECEIVE,2026-07-20 10:55:00,500063,5000631,31,BUYER.JAMES
110,RECEIVE,2025-10-10 09:28:50,500064,5000641,1,R.MENON
111,RECEIVE,2026-09-21 10:22:49,500065,5000651,20,A.KHAN
112,RECEIVE,2026-09-28 10:11:46,500065,5000652,31,A.KHAN
113,RECEIVE,2024-11-22 09:30:17,500066,5000661,1,R.MENON
114,RECEIVE,2024-11-21 12:42:51,500066,5000662,1,R.MENON
115,RECEIVE,2025-10-20 08:27:50,500067,5000671,19,R.MENON
116,RECEIVE,2026-09-10 10:41:43,500068,5000681,1,J.THOMAS
117,RECEIVE,2026-09-11 13:56:20,500068,5000682,1,J.THOMAS
118,RECEIVE,2026-07-27 08:20:17,500069,5000691,4,N.SAEED
119,RECEIVE,2026-07-27 13:49:08,500069,5000692,11,N.SAEED
120,RECEIVE,2024-12-16 08:54:28,500070,5000701,1,BUYER.OMAR
121,RECEIVE,2024-12-16 15:00:18,500070,5000702,1,BUYER.OMAR
122,RECEIVE,2024-12-20 10:23:03,500070,5000703,1,BUYER.OMAR
123,RECEIVE,2026-06-15 10:29:34,500071,5000711,1,N.SAEED
124,RECEIVE,2026-02-17 08:39:28,500072,5000721,40,F.ALI
125,RECEIVE,2026-07-28 10:35:30,500073,5000731,29,J.THOMAS
126,RECEIVE,2026-08-04 09:00:20,500074,5000741,23,F.ALI
127,RECEIVE,2025-08-22 09:12:12,500075,5000751,1,L.NAIR
128,RECEIVE,2025-02-25 16:07:23,500076,5000761,23,L.NAIR
129,RECEIVE,2025-03-04 10:04:18,500076,5000762,16,L.NAIR
130,RECEIVE,2025-03-07 13:10:40,500076,5000763,40,L.NAIR
131,RECEIVE,2026-01-29 09:53:37,500077,5000771,24,L.NAIR
132,RECEIVE,2025-09-01 13:53:00,500078,5000781,1,L.NAIR
133,RECEIVE,2026-03-10 10:33:14,500079,5000791,12,N.SAEED
134,RECEIVE,2026-03-16 12:21:31,500079,5000792,33,N.SAEED
135,RECEIVE,2026-01-26 16:37:04,500080,5000801,1,A.KHAN
136,RECEIVE,2025-08-25 10:04:08,500081,5000811,12,S.HASSAN
137,RECEIVE,2025-03-20 09:13:25,500082,5000821,2,BUYER.JAMES
138,RECEIVE,2025-03-28 15:44:46,500082,5000822,17,BUYER.JAMES
139,RECEIVE,2025-03-19 10:08:47,500082,5000823,15,BUYER.JAMES
140,RECEIVE,2024-10-24 08:26:05,500083,5000831,1,A.KHAN
141,RECEIVE,2024-10-29 08:40:19,500083,5000832,1,A.KHAN
142,RECEIVE,2025-12-22 11:18:52,500084,5000841,1,A.KHAN
143,RECEIVE,2024-10-28 10:20:45,500086,5000861,1,R.MENON
144,RECEIVE,2024-11-05 09:48:49,500086,5000862,1,R.MENON
145,RECEIVE,2025-08-06 08:03:38,500087,5000871,35,R.MENON
146,RECEIVE,2025-01-29 08:10:12,500088,5000881,14,M.RAHMAN
147,RECEIVE,2025-02-03 17:33:31,500088,5000882,20,M.RAHMAN
148,RECEIVE,2025-05-16 09:47:29,500089,5000891,1,F.ALI
149,RECEIVE,2025-03-17 10:35:30,500090,5000901,1,S.HASSAN
150,RECEIVE,2025-03-11 10:36:08,500090,5000902,1,S.HASSAN
151,RECEIVE,2025-11-19 08:46:59,500091,5000911,13,A.KHAN
152,RECEIVE,2025-11-24 09:52:04,500091,5000911,14,A.KHAN
153,RECEIVE,2025-11-24 12:36:33,500091,5000912,28,A.KHAN
154,RECEIVE,2025-11-24 09:20:41,500091,5000913,21,A.KHAN
155,RECEIVE,2025-01-27 08:20:00,500092,5000921,19,A.KHAN
156,RECEIVE,2026-03-02 10:23:43,500093,5000931,1,J.THOMAS
157,RECEIVE,2026-03-12 08:24:48,500093,5000932,1,J.THOMAS
158,RECEIVE,2026-02-24 14:28:39,500093,5000933,1,J.THOMAS
159,RECEIVE,2026-01-26 10:07:09,500094,5000941,22,J.THOMAS
160,RECEIVE,2026-04-24 13:38:10,500095,5000951,15,F.ALI
161,RECEIVE,2026-04-22 13:12:12,500095,5000952,23,F.ALI
162,RECEIVE,2026-04-20 09:05:56,500096,5000961,1,L.NAIR
163,RECEIVE,2024-10-16 10:37:19,500097,5000971,1,R.MENON
164,RECEIVE,2024-10-14 09:20:50,500097,5000972,32,R.MENON
165,RECEIVE,2026-06-18 10:30:17,500098,5000981,31,R.MENON
166,RECEIVE,2026-06-25 09:09:11,500098,5000982,39,R.MENON
167,RECEIVE,2026-06-19 09:59:10,500098,5000983,19,R.MENON
168,RECEIVE,2026-04-27 08:10:14,500099,5000991,1,A.KHAN
169,RECEIVE,2026-04-22 16:27:05,500099,5000992,1,A.KHAN
170,RECEIVE,2024-10-28 15:32:05,500100,5001001,8,F.ALI
171,RECEIVE,2024-10-21 10:48:24,500100,5001002,11,F.ALI
172,RECEIVE,2025-02-28 09:24:56,500101,5001011,1,S.HASSAN
173,RECEIVE,2026-04-27 14:01:33,500102,5001021,1,M.RAHMAN
174,RECEIVE,2026-04-20 08:15:11,500102,5001022,1,M.RAHMAN
175,RECEIVE,2026-04-21 10:20:30,500102,5001023,1,M.RAHMAN
176,RECEIVE,2025-01-24 11:30:32,500103,5001031,1,BUYER.PRIYA
177,RECEIVE,2024-12-13 08:54:17,500104,5001041,34,M.RAHMAN
178,RECEIVE,2024-12-11 13:17:27,500104,5001042,18,M.RAHMAN
179,RECEIVE,2025-04-11 08:16:40,500105,5001051,10,F.ALI
180,RECEIVE,2025-04-11 12:16:26,500105,5001052,27,F.ALI
181,RECEIVE,2026-01-30 08:04:07,500106,5001061,4,L.NAIR
182,RECEIVE,2026-02-10 08:57:20,500106,5001061,4,L.NAIR
183,RECEIVE,2026-01-30 10:10:41,500106,5001062,19,L.NAIR
184,RECEIVE,2026-02-02 08:24:37,500106,5001062,20,L.NAIR
185,RECEIVE,2025-09-04 10:55:33,500107,5001071,22,S.HASSAN
186,RECEIVE,2026-05-04 08:59:14,500108,5001081,40,BUYER.JAMES
187,RECEIVE,2025-10-02 17:35:25,500109,5001091,1,F.ALI
188,RECEIVE,2025-10-06 09:39:17,500109,5001092,1,F.ALI
189,RECEIVE,2025-10-20 13:05:31,500109,5001093,1,F.ALI
190,RECEIVE,2025-09-19 12:12:32,500110,5001101,1,R.MENON
191,RECEIVE,2025-09-26 08:05:21,500110,5001102,1,R.MENON
192,RECEIVE,2025-09-23 08:37:38,500110,5001103,1,R.MENON
193,RECEIVE,2025-12-30 08:20:44,500112,5001121,22,F.ALI
194,RECEIVE,2025-12-26 09:03:50,500112,5001122,9,F.ALI
195,RECEIVE,2025-12-30 12:34:26,500112,5001122,10,F.ALI
196,RECEIVE,2025-12-29 10:34:45,500112,5001123,18,F.ALI
197,RECEIVE,2026-07-01 13:58:49,500113,5001131,10,L.NAIR
198,RECEIVE,2025-11-17 08:08:28,500114,5001141,24,L.NAIR
199,RECEIVE,2026-08-06 10:48:59,500115,5001151,26,F.ALI
200,RECEIVE,2026-08-03 15:24:50,500115,5001152,21,F.ALI
201,RECEIVE,2026-08-05 10:48:46,500115,5001153,33,F.ALI
202,RECEIVE,2026-01-20 11:05:53,500116,5001161,32,F.ALI
203,RECEIVE,2025-03-24 09:52:55,500117,5001171,1,M.RAHMAN
204,RECEIVE,2025-10-06 09:45:12,500118,5001181,1,S.HASSAN
205,RECEIVE,2025-10-13 09:33:42,500119,5001191,1,M.RAHMAN
206,RECEIVE,2025-04-15 10:36:05,500120,5001201,30,S.HASSAN
207,RECEIVE,2025-04-16 08:25:00,500120,5001202,32,S.HASSAN
208,RECEIVE,2026-06-29 09:16:37,500121,5001211,4,S.HASSAN
209,RECEIVE,2026-07-02 08:45:41,500121,5001211,4,S.HASSAN
210,RECEIVE,2026-06-19 10:30:36,500121,5001212,2,S.HASSAN
211,RECEIVE,2026-06-19 09:32:45,500121,5001213,3,S.HASSAN
212,RECEIVE,2026-02-09 09:42:24,500122,5001221,4,M.RAHMAN
213,RECEIVE,2026-02-13 12:10:56,500122,5001222,12,M.RAHMAN
214,RECEIVE,2026-02-17 09:57:55,500122,5001222,12,M.RAHMAN
215,RECEIVE,2026-02-09 10:51:06,500122,5001223,8,M.RAHMAN
216,RECEIVE,2026-02-11 13:28:34,500122,5001223,8,M.RAHMAN
217,RECEIVE,2025-03-13 09:24:57,500123,5001231,1,F.ALI
218,RECEIVE,2026-06-17 10:26:28,500124,5001241,1,L.NAIR
219,RECEIVE,2026-06-18 16:32:03,500124,5001242,1,L.NAIR
220,RECEIVE,2026-06-09 09:11:26,500124,5001243,1,L.NAIR
221,RECEIVE,2025-02-06 08:39:35,500125,5001251,39,R.MENON
222,RECEIVE,2025-02-07 11:43:13,500125,5001252,6,R.MENON
223,RECEIVE,2026-04-07 10:53:36,500126,5001261,1,N.SAEED
224,RECEIVE,2026-04-20 09:27:55,500126,5001262,1,N.SAEED
225,RECEIVE,2026-04-06 09:05:41,500126,5001263,1,N.SAEED
226,RECEIVE,2025-02-11 13:45:37,500127,5001271,19,S.HASSAN
227,RECEIVE,2025-12-17 09:19:10,500128,5001281,1,J.THOMAS
228,RECEIVE,2025-12-15 09:53:50,500128,5001282,1,J.THOMAS
229,RECEIVE,2025-12-16 14:57:44,500128,5001283,1,J.THOMAS
230,RECEIVE,2025-08-18 15:32:20,500130,5001301,10,A.KHAN
231,RECEIVE,2026-01-19 09:46:26,500131,5001311,1,R.MENON
232,RECEIVE,2025-11-20 08:54:14,500132,5001321,1,A.KHAN
233,RECEIVE,2026-05-11 10:44:45,500133,5001331,1,F.ALI
234,RECEIVE,2025-07-28 08:22:56,500134,5001341,1,J.THOMAS
235,RECEIVE,2026-07-10 10:18:37,500135,5001351,1,N.SAEED
236,RECEIVE,2026-01-28 09:50:03,500136,5001361,1,N.SAEED
237,RECEIVE,2025-06-03 10:26:27,500137,5001371,1,F.ALI
238,RECEIVE,2025-07-07 10:21:11,500138,5001381,8,S.HASSAN
239,RECEIVE,2025-07-17 08:38:51,500138,5001381,9,S.HASSAN
240,RECEIVE,2025-07-09 10:31:32,500139,5001391,1,BUYER.JAMES
241,RECEIVE,2025-11-17 09:20:29,500140,5001401,1,BUYER.JAMES
242,RECEIVE,2025-11-12 09:21:10,500140,5001402,1,BUYER.JAMES
243,RECEIVE,2025-11-11 09:10:47,500140,5001403,1,BUYER.JAMES
244,RECEIVE,2024-11-29 10:35:29,500141,5001411,1,BUYER.OMAR
245,RECEIVE,2024-11-29 09:21:04,500141,5001412,1,BUYER.OMAR
246,RECEIVE,2025-01-20 10:21:38,500142,5001421,1,L.NAIR
247,RECEIVE,2026-03-23 14:20:14,500143,5001431,1,BUYER.OMAR
248,RECEIVE,2026-03-23 16:33:10,500143,5001432,1,BUYER.OMAR
249,RECEIVE,2026-01-12 17:04:40,500144,5001441,1,L.NAIR
250,RECEIVE,2025-10-21 15:38:47,500145,5001451,24,BUYER.SARA
251,RECEIVE,2025-10-22 09:19:39,500145,5001452,6,BUYER.SARA
252,RECEIVE,2025-10-23 08:05:10,500145,5001453,6,BUYER.SARA
253,RECEIVE,2026-07-30 09:33:24,500147,5001471,1,M.RAHMAN
254,RECEIVE,2026-07-22 09:25:12,500147,5001472,1,M.RAHMAN
255,RECEIVE,2026-07-24 10:04:18,500147,5001473,1,M.RAHMAN
256,RECEIVE,2025-08-28 13:23:45,500148,5001481,1,F.ALI
257,RECEIVE,2026-05-11 09:07:21,500150,5001501,4,A.KHAN
258,RECEIVE,2026-02-09 13:28:45,500151,5001511,1,F.ALI
259,RECEIVE,2026-02-03 16:30:28,500151,5001512,1,F.ALI
260,RECEIVE,2026-02-09 08:14:28,500151,5001513,1,F.ALI
261,RECEIVE,2024-12-19 09:01:34,500152,5001521,1,J.THOMAS
262,RECEIVE,2024-12-30 08:48:39,500152,5001522,1,J.THOMAS
263,RECEIVE,2026-09-07 11:39:31,500153,5001531,13,N.SAEED
264,RECEIVE,2026-09-10 15:24:59,500153,5001531,14,N.SAEED
265,RECEIVE,2026-08-03 08:16:47,500154,5001541,25,L.NAIR
266,RECEIVE,2026-08-06 08:24:03,500154,5001542,13,L.NAIR
267,RECEIVE,2026-08-10 09:11:50,500154,5001542,14,L.NAIR
268,RECEIVE,2025-06-26 09:42:32,500155,5001551,1,N.SAEED
269,RECEIVE,2025-07-14 10:24:49,500155,5001552,1,N.SAEED
270,RECEIVE,2026-02-06 17:52:13,500156,5001561,16,L.NAIR
271,RECEIVE,2026-02-09 09:51:33,500156,5001562,11,L.NAIR
272,RECEIVE,2025-06-02 10:20:04,500157,5001571,7,A.KHAN
273,RECEIVE,2025-05-29 08:54:09,500157,5001572,35,A.KHAN
274,RECEIVE,2026-05-04 08:07:38,500158,5001581,36,L.NAIR
275,RECEIVE,2026-05-04 08:41:44,500158,5001582,9,L.NAIR
276,RECEIVE,2026-03-02 10:44:43,500159,5001591,1,N.SAEED
277,RECEIVE,2026-02-20 09:07:41,500159,5001592,1,N.SAEED
278,RECEIVE,2026-06-15 09:24:36,500160,5001601,6,L.NAIR
279,RECEIVE,2026-06-23 08:34:50,500160,5001601,7,L.NAIR
280,RECEIVE,2025-11-21 09:27:01,500161,5001611,37,N.SAEED
281,RECEIVE,2025-08-11 08:21:53,500162,5001621,32,M.RAHMAN
282,RECEIVE,2025-08-11 11:24:45,500162,5001622,1,M.RAHMAN
283,RECEIVE,2025-06-24 08:08:18,500163,5001631,30,M.RAHMAN
284,RECEIVE,2026-03-06 14:32:47,500164,5001641,32,N.SAEED
285,RECEIVE,2026-08-03 09:23:40,500165,5001651,18,N.SAEED
286,RECEIVE,2026-07-20 10:12:50,500166,5001661,39,BUYER.JAMES
287,RECEIVE,2026-07-16 13:48:05,500166,5001662,38,BUYER.JAMES
288,RECEIVE,2025-05-05 10:16:42,500167,5001671,3,BUYER.PRIYA
289,RECEIVE,2025-04-21 12:03:09,500168,5001681,8,J.THOMAS
290,RECEIVE,2025-04-22 08:08:00,500168,5001681,9,J.THOMAS
291,RECEIVE,2025-04-21 11:45:05,500168,5001682,19,J.THOMAS
292,RECEIVE,2025-04-23 09:54:00,500168,5001682,20,J.THOMAS
293,RECEIVE,2025-04-25 09:48:32,500168,5001683,29,J.THOMAS
294,RECEIVE,2026-08-24 10:50:48,500169,5001691,8,M.RAHMAN
295,RECEIVE,2025-11-17 08:44:17,500170,5001701,8,M.RAHMAN
296,RECEIVE,2025-11-24 14:53:55,500170,5001701,8,M.RAHMAN
297,RECEIVE,2025-02-10 09:10:48,500171,5001711,1,R.MENON
298,RECEIVE,2025-02-17 09:06:21,500171,5001711,2,R.MENON
299,RECEIVE,2025-07-07 14:28:17,500172,5001721,20,F.ALI
300,RECEIVE,2025-09-09 08:43:36,500173,5001731,1,F.ALI
301,RECEIVE,2025-09-05 10:02:00,500173,5001732,1,F.ALI
302,RECEIVE,2025-09-09 10:50:44,500173,5001733,1,F.ALI
303,RECEIVE,2025-06-24 08:57:00,500174,5001741,1,R.MENON
304,RECEIVE,2025-06-27 08:42:49,500176,5001761,33,F.ALI
305,RECEIVE,2025-06-26 16:19:03,500176,5001762,8,F.ALI
306,RECEIVE,2025-06-26 09:04:26,500176,5001763,30,F.ALI
307,RECEIVE,2024-11-07 08:49:00,500177,5001771,27,F.ALI
308,RECEIVE,2026-01-22 15:43:07,500178,5001781,2,J.THOMAS
309,RECEIVE,2026-01-19 10:54:59,500178,5001782,4,J.THOMAS
310,RECEIVE,2026-01-26 10:00:44,500178,5001782,5,J.THOMAS
311,RECEIVE,2025-02-19 13:31:02,500179,5001791,1,N.SAEED
312,RECEIVE,2025-02-24 16:52:45,500179,5001792,1,N.SAEED
313,RECEIVE,2025-06-09 10:03:54,500180,5001801,27,N.SAEED
314,RECEIVE,2025-06-09 10:58:56,500180,5001802,14,N.SAEED
315,RECEIVE,2025-06-16 08:14:50,500180,5001802,14,N.SAEED
316,RECEIVE,2026-03-30 08:02:29,500181,5001811,21,BUYER.SARA
317,RECEIVE,2025-06-25 09:32:35,500182,5001821,33,M.RAHMAN
318,RECEIVE,2025-06-27 08:41:56,500182,5001822,9,M.RAHMAN
319,RECEIVE,2025-03-18 12:13:03,500183,5001831,1,A.KHAN
320,RECEIVE,2025-03-26 08:36:46,500183,5001832,1,A.KHAN
321,RECEIVE,2026-02-02 09:56:49,500184,5001841,1,A.KHAN
322,RECEIVE,2026-02-02 09:19:29,500184,5001842,1,A.KHAN
323,RECEIVE,2026-02-02 10:21:50,500184,5001843,1,A.KHAN
324,RECEIVE,2026-06-09 08:26:47,500185,5001851,1,S.HASSAN
325,RECEIVE,2025-07-28 08:29:06,500186,5001861,1,BUYER.SARA
326,RECEIVE,2026-03-23 13:23:48,500187,5001871,4,L.NAIR
327,RECEIVE,2026-03-26 08:40:09,500187,5001872,17,L.NAIR
328,RECEIVE,2026-03-30 11:33:58,500187,5001872,17,L.NAIR
329,RECEIVE,2025-07-28 08:14:40,500188,5001881,1,R.MENON
330,RECEIVE,2026-04-14 13:18:46,500189,5001891,1,N.SAEED
331,RECEIVE,2026-07-02 10:30:19,500190,5001901,1,R.MENON
332,RECEIVE,2025-08-13 14:11:55,500192,5001921,15,S.HASSAN
333,RECEIVE,2026-08-11 17:04:34,500193,5001931,9,J.THOMAS
334,RECEIVE,2026-08-11 09:41:17,500193,5001932,31,J.THOMAS
335,RECEIVE,2026-08-17 08:11:12,500193,5001933,5,J.THOMAS
336,RECEIVE,2026-05-26 08:39:56,500194,5001941,1,S.HASSAN
337,RECEIVE,2026-05-26 09:50:11,500194,5001942,1,S.HASSAN
338,RECEIVE,2026-06-02 08:07:14,500194,5001943,1,S.HASSAN
339,RECEIVE,2025-02-06 10:28:22,500195,5001951,1,BUYER.OMAR
340,RECEIVE,2025-05-21 08:53:34,500196,5001961,1,F.ALI
341,RECEIVE,2026-09-14 14:34:18,500197,5001971,1,L.NAIR
342,RECEIVE,2026-09-14 12:16:26,500197,5001972,1,L.NAIR
343,RECEIVE,2026-03-19 09:31:26,500198,5001981,27,M.RAHMAN
344,RECEIVE,2026-04-01 16:28:42,500198,5001982,28,M.RAHMAN
345,RECEIVE,2026-03-18 10:48:53,500198,5001983,31,M.RAHMAN
346,RECEIVE,2025-09-01 09:18:12,500199,5001991,16,S.HASSAN
347,RECEIVE,2025-09-09 15:26:13,500199,5001991,17,S.HASSAN
348,RECEIVE,2025-11-12 14:29:20,500200,5002001,15,A.KHAN
349,RECEIVE,2025-11-07 14:53:22,500200,5002002,32,A.KHAN
350,RECEIVE,2025-11-11 14:03:57,500200,5002003,26,A.KHAN
351,RECEIVE,2025-02-24 08:56:42,500202,5002021,38,S.HASSAN
352,RECEIVE,2026-05-28 09:19:28,500203,5002031,20,BUYER.OMAR
353,RECEIVE,2026-07-16 08:34:46,500204,5002041,19,L.NAIR
354,RECEIVE,2025-04-17 10:20:24,500205,5002051,14,F.ALI
355,RECEIVE,2025-08-14 16:37:03,500206,5002061,1,BUYER.SARA
356,RECEIVE,2025-08-11 08:44:03,500206,5002062,1,BUYER.SARA
357,RECEIVE,2025-08-18 14:50:05,500206,5002063,1,BUYER.SARA
358,RECEIVE,2026-06-16 08:58:51,500207,5002071,2,F.ALI
359,RECEIVE,2026-06-29 10:40:30,500207,5002071,2,F.ALI
360,RECEIVE,2026-06-15 08:53:20,500207,5002072,35,F.ALI
361,RECEIVE,2025-12-08 09:44:46,500208,5002081,1,L.NAIR
362,RECEIVE,2025-11-28 17:13:02,500208,5002082,1,L.NAIR
363,RECEIVE,2026-02-23 08:29:06,500209,5002091,1,M.RAHMAN
364,RECEIVE,2026-02-05 08:27:07,500209,5002092,1,M.RAHMAN
365,RECEIVE,2026-02-05 10:38:21,500209,5002093,1,M.RAHMAN
366,RECEIVE,2025-07-29 08:29:23,500210,5002101,1,N.SAEED
367,RECEIVE,2026-06-30 12:19:01,500211,5002111,24,BUYER.PRIYA
368,RECEIVE,2026-06-29 12:10:03,500211,5002112,12,BUYER.PRIYA
369,RECEIVE,2026-06-30 15:50:41,500211,5002113,17,BUYER.PRIYA
370,RECEIVE,2026-07-13 14:12:48,500211,5002113,18,BUYER.PRIYA
371,RECEIVE,2026-08-24 08:50:04,500212,5002121,1,N.SAEED
372,RECEIVE,2025-11-17 08:48:07,500213,5002131,25,L.NAIR
373,RECEIVE,2025-05-07 10:05:37,500214,5002141,23,F.ALI
374,RECEIVE,2025-05-06 10:24:41,500214,5002142,27,F.ALI
375,RECEIVE,2026-09-03 10:49:56,500215,5002151,8,F.ALI
376,RECEIVE,2026-09-08 10:41:16,500215,5002151,8,F.ALI
377,RECEIVE,2026-04-08 09:54:31,500216,5002161,5,A.KHAN
378,RECEIVE,2026-04-03 08:22:33,500216,5002162,32,A.KHAN
379,RECEIVE,2025-07-08 10:34:23,500217,5002171,1,J.THOMAS
380,RECEIVE,2026-03-16 08:30:45,500218,5002181,1,BUYER.JAMES
381,RECEIVE,2025-10-06 09:43:08,500219,5002191,1,BUYER.JAMES
382,RECEIVE,2025-10-06 15:17:43,500219,5002192,1,BUYER.JAMES
383,RECEIVE,2025-07-17 08:42:59,500220,5002201,1,R.MENON
384,RECEIVE,2025-07-30 09:01:11,500220,5002202,1,R.MENON
385,RECEIVE,2025-12-05 14:57:35,500221,5002211,1,BUYER.JAMES
386,RECEIVE,2025-06-23 08:49:23,500222,5002221,1,L.NAIR
387,RECEIVE,2025-07-18 08:40:39,500223,5002231,1,F.ALI
388,RECEIVE,2025-09-29 08:08:31,500224,5002241,33,J.THOMAS
389,RECEIVE,2025-10-02 14:51:34,500224,5002242,34,J.THOMAS
390,RECEIVE,2025-09-26 14:10:35,500224,5002243,14,J.THOMAS
391,RECEIVE,2024-10-28 10:25:57,500225,5002251,3,M.RAHMAN
392,RECEIVE,2024-10-28 16:01:15,500225,5002252,39,M.RAHMAN
393,RECEIVE,2024-10-28 12:41:53,500225,5002253,11,M.RAHMAN
394,RECEIVE,2025-04-17 08:16:45,500226,5002261,12,BUYER.SARA
395,RECEIVE,2025-04-21 09:20:47,500226,5002262,3,BUYER.SARA
396,RECEIVE,2025-02-28 10:35:01,500227,5002271,33,S.HASSAN
397,RECEIVE,2025-02-27 10:04:20,500227,5002272,16,S.HASSAN
398,RECEIVE,2025-03-04 08:48:07,500227,5002272,17,S.HASSAN
399,RECEIVE,2025-02-27 10:12:27,500227,5002273,15,S.HASSAN
400,RECEIVE,2026-03-30 10:31:57,500228,5002281,5,BUYER.SARA
401,RECEIVE,2026-02-09 10:21:26,500229,5002291,1,N.SAEED
402,RECEIVE,2025-08-04 10:41:42,500230,5002301,1,F.ALI
403,RECEIVE,2025-08-04 13:07:01,500230,5002302,1,F.ALI
404,RECEIVE,2025-08-18 10:35:51,500231,5002311,1,BUYER.JAMES
405,RECEIVE,2025-08-18 09:40:38,500231,5002312,1,BUYER.JAMES
406,RECEIVE,2025-06-20 17:47:17,500232,5002321,35,A.KHAN
407,RECEIVE,2025-06-20 09:13:57,500232,5002322,39,A.KHAN
408,RECEIVE,2026-04-15 08:20:57,500233,5002331,11,M.RAHMAN
409,RECEIVE,2026-04-16 10:16:48,500233,5002332,8,M.RAHMAN
410,RECEIVE,2026-04-24 08:43:09,500233,5002332,8,M.RAHMAN
411,RECEIVE,2025-06-05 10:45:13,500234,5002341,29,M.RAHMAN
412,RECEIVE,2025-05-26 08:42:12,500234,5002342,3,M.RAHMAN
413,RECEIVE,2025-05-27 10:41:46,500234,5002343,8,M.RAHMAN
414,RECEIVE,2025-10-29 08:23:08,500235,5002351,20,N.SAEED
415,RECEIVE,2025-10-31 10:15:05,500235,5002352,37,N.SAEED
416,RECEIVE,2025-10-30 10:36:31,500235,5002353,21,N.SAEED
417,RECEIVE,2025-04-17 17:25:58,500236,5002361,1,R.MENON
418,RECEIVE,2025-02-14 10:29:18,500237,5002371,27,M.RAHMAN
419,RECEIVE,2025-02-13 09:16:13,500237,5002372,2,M.RAHMAN
420,RECEIVE,2025-06-26 14:22:51,500238,5002381,25,J.THOMAS
421,RECEIVE,2025-12-22 09:10:38,500239,5002391,1,M.RAHMAN
422,RECEIVE,2025-11-18 10:29:34,500240,5002401,38,A.KHAN
423,RECEIVE,2025-11-20 10:00:56,500240,5002402,29,A.KHAN
424,RECEIVE,2025-11-18 09:24:29,500240,5002403,32,A.KHAN
425,RECEIVE,2024-10-25 12:47:06,500241,5002411,1,L.NAIR
426,RECEIVE,2024-10-28 17:52:28,500241,5002412,1,L.NAIR
427,RECEIVE,2024-10-31 09:38:54,500241,5002413,1,L.NAIR
428,RECEIVE,2025-03-28 10:10:32,500242,5002421,21,A.KHAN
429,RECEIVE,2025-07-23 09:05:02,500243,5002431,1,N.SAEED
430,RECEIVE,2025-07-14 15:37:43,500243,5002432,1,N.SAEED
431,RECEIVE,2025-07-14 09:51:21,500243,5002433,1,N.SAEED
432,RECEIVE,2025-06-05 10:17:02,500244,5002441,1,R.MENON
433,RECEIVE,2026-01-26 14:34:42,500245,5002451,1,J.THOMAS
434,RECEIVE,2026-01-26 16:08:07,500245,5002452,1,J.THOMAS
435,RECEIVE,2025-10-15 09:23:39,500246,5002461,37,L.NAIR
436,RECEIVE,2025-09-24 10:59:26,500247,5002471,1,L.NAIR
437,RECEIVE,2025-01-09 15:28:11,500248,5002481,15,BUYER.OMAR
438,RECEIVE,2025-01-21 17:10:46,500248,5002481,16,BUYER.OMAR
439,RECEIVE,2025-01-10 08:07:21,500248,5002482,19,BUYER.OMAR
440,RECEIVE,2025-01-13 08:56:38,500248,5002483,16,BUYER.OMAR
441,RECEIVE,2025-04-28 10:48:27,500249,5002491,18,S.HASSAN
442,RECEIVE,2025-04-29 15:17:52,500249,5002492,31,S.HASSAN
443,RECEIVE,2025-04-24 13:14:01,500249,5002493,9,S.HASSAN
444,RECEIVE,2025-04-30 10:10:37,500249,5002493,9,S.HASSAN
445,RECEIVE,2025-06-27 16:08:36,500250,5002501,26,R.MENON
446,RECEIVE,2025-06-30 12:45:35,500250,5002502,26,R.MENON
447,RECEIVE,2025-05-20 09:07:14,500251,5002511,31,N.SAEED
448,RECEIVE,2026-03-24 10:34:16,500252,5002521,1,F.ALI
449,RECEIVE,2026-05-13 09:55:35,500253,5002531,18,R.MENON
450,RECEIVE,2026-05-12 12:01:41,500253,5002532,1,R.MENON
451,RECEIVE,2025-09-08 11:53:08,500254,5002541,1,R.MENON
452,RECEIVE,2025-02-21 12:47:21,500255,5002551,36,F.ALI
453,RECEIVE,2025-02-20 08:23:32,500255,5002552,30,F.ALI
454,RECEIVE,2025-05-26 08:26:02,500256,5002561,1,J.THOMAS
455,RECEIVE,2025-07-11 17:19:16,500257,5002571,1,N.SAEED
456,RECEIVE,2025-07-18 10:35:02,500257,5002572,1,N.SAEED
457,RECEIVE,2024-12-09 08:20:38,500258,5002581,1,L.NAIR
458,RECEIVE,2024-12-11 11:10:04,500259,5002591,39,BUYER.SARA
459,RECEIVE,2025-05-13 08:18:23,500260,5002601,1,BUYER.SARA
460,RECEIVE,2025-05-13 10:20:47,500260,5002602,1,BUYER.SARA
461,RECEIVE,2025-03-25 08:48:21,500261,5002611,1,R.MENON
462,RECEIVE,2025-02-10 09:31:18,500262,5002621,1,F.ALI
463,RECEIVE,2025-02-05 09:06:46,500262,5002622,1,F.ALI
464,RECEIVE,2026-08-04 15:03:24,500264,5002641,24,L.NAIR
465,RECEIVE,2026-07-06 11:21:26,500265,5002651,1,BUYER.PRIYA
466,RECEIVE,2026-06-29 09:41:38,500265,5002652,1,BUYER.PRIYA
467,RECEIVE,2026-03-23 16:54:32,500266,5002661,1,F.ALI
468,RECEIVE,2026-03-26 10:14:51,500266,5002662,1,F.ALI
469,RECEIVE,2024-12-06 08:21:58,500267,5002671,1,N.SAEED
470,RECEIVE,2025-02-10 09:51:20,500268,5002681,1,BUYER.JAMES
471,RECEIVE,2025-01-27 10:01:26,500268,5002682,1,BUYER.JAMES
472,RECEIVE,2026-01-29 14:28:15,500269,5002691,15,S.HASSAN
473,RECEIVE,2026-01-27 09:26:00,500269,5002692,16,S.HASSAN
474,RECEIVE,2026-02-06 12:07:55,500269,5002692,16,S.HASSAN
475,RECEIVE,2026-01-27 10:26:32,500269,5002693,30,S.HASSAN
476,RECEIVE,2024-12-23 08:26:42,500270,5002701,2,S.HASSAN
477,RECEIVE,2024-12-30 16:17:51,500270,5002701,2,S.HASSAN
478,RECEIVE,2025-03-03 13:37:02,500271,5002711,8,M.RAHMAN
479,RECEIVE,2026-07-21 10:00:59,500273,5002731,1,L.NAIR
480,RECEIVE,2025-02-28 10:47:22,500274,5002741,12,BUYER.JAMES
481,RECEIVE,2025-03-10 17:52:30,500274,5002741,13,BUYER.JAMES
482,RECEIVE,2026-02-05 08:14:28,500275,5002751,16,BUYER.PRIYA
483,RECEIVE,2026-02-06 08:12:35,500275,5002752,9,BUYER.PRIYA
484,RECEIVE,2026-02-12 08:39:19,500275,5002752,9,BUYER.PRIYA
485,RECEIVE,2026-05-18 17:25:54,500276,5002761,1,F.ALI
486,RECEIVE,2025-11-03 08:02:04,500277,5002771,16,M.RAHMAN
487,RECEIVE,2025-11-10 10:01:30,500277,5002772,33,M.RAHMAN
488,RECEIVE,2025-01-27 10:30:40,500278,5002781,19,M.RAHMAN
489,RECEIVE,2025-01-31 09:23:28,500278,5002782,6,M.RAHMAN
490,RECEIVE,2026-05-14 09:26:44,500279,5002791,34,M.RAHMAN
491,RECEIVE,2026-05-11 10:08:26,500279,5002792,5,M.RAHMAN
492,RECEIVE,2025-09-19 08:06:43,500280,5002801,2,S.HASSAN
493,RECEIVE,2024-11-13 10:24:08,500281,5002811,1,F.ALI
494,RECEIVE,2026-05-20 17:12:18,500282,5002821,1,J.THOMAS
495,RECEIVE,2026-02-09 13:00:16,500283,5002831,24,BUYER.OMAR
496,RECEIVE,2026-02-06 10:53:37,500283,5002832,39,BUYER.OMAR
497,RECEIVE,2026-02-06 17:53:23,500283,5002833,1,BUYER.OMAR
498,RECEIVE,2026-02-13 08:21:06,500283,5002833,1,BUYER.OMAR
499,RECEIVE,2025-09-03 09:36:24,500284,5002841,1,N.SAEED
500,RECEIVE,2025-09-09 08:11:52,500284,5002842,1,N.SAEED
501,RECEIVE,2025-05-27 09:13:00,500285,5002851,1,F.ALI
502,RECEIVE,2025-05-23 08:35:56,500285,5002852,1,F.ALI
503,RECEIVE,2025-05-29 10:53:29,500285,5002853,1,F.ALI
504,RECEIVE,2025-03-20 08:40:59,500286,5002861,3,N.SAEED
505,RECEIVE,2025-03-19 09:38:07,500286,5002862,11,N.SAEED
506,RECEIVE,2026-05-19 09:09:55,500287,5002871,1,J.THOMAS
507,RECEIVE,2026-05-20 09:24:57,500287,5002872,1,J.THOMAS
508,RECEIVE,2026-05-15 08:57:03,500287,5002873,1,J.THOMAS
509,RECEIVE,2024-12-23 10:43:31,500288,5002881,1,R.MENON
510,RECEIVE,2024-12-25 09:47:28,500288,5002882,1,R.MENON
511,RECEIVE,2024-12-20 08:38:20,500288,5002883,1,R.MENON
512,RECEIVE,2026-04-07 08:18:20,500290,5002901,26,N.SAEED
513,RECEIVE,2025-12-25 12:18:25,500291,5002911,1,R.MENON
514,RECEIVE,2025-03-10 10:50:23,500292,5002921,1,L.NAIR
515,RECEIVE,2025-05-06 14:07:59,500293,5002931,32,M.RAHMAN
516,RECEIVE,2026-06-03 08:15:47,500294,5002941,4,F.ALI
517,RECEIVE,2026-01-19 14:31:44,500295,5002951,1,M.RAHMAN
518,RECEIVE,2026-07-01 08:55:29,500296,5002961,1,S.HASSAN
519,RECEIVE,2026-01-26 08:35:33,500297,5002971,13,BUYER.JAMES
520,RECEIVE,2026-01-21 11:15:20,500297,5002972,14,BUYER.JAMES
521,RECEIVE,2025-11-24 08:08:18,500298,5002981,1,M.RAHMAN
522,RECEIVE,2026-08-18 13:33:22,500299,5002991,1,BUYER.PRIYA
523,RECEIVE,2025-01-27 09:08:10,500300,5003001,1,BUYER.SARA
524,RECEIVE,2025-02-07 10:48:49,500300,5003002,1,BUYER.SARA
525,RECEIVE,2024-12-19 08:54:34,500301,5003011,19,BUYER.PRIYA
526,RECEIVE,2026-08-03 14:05:25,500302,5003021,1,L.NAIR
527,RECEIVE,2026-02-09 08:33:52,500303,5003031,1,A.KHAN
528,RECEIVE,2025-01-15 10:19:18,500306,5003061,32,BUYER.PRIYA
529,RECEIVE,2025-01-23 09:52:02,500307,5003071,25,J.THOMAS
530,RECEIVE,2024-12-09 14:54:28,500308,5003081,38,A.KHAN
531,RECEIVE,2024-12-09 08:53:14,500308,5003082,10,A.KHAN
532,RECEIVE,2026-03-12 08:26:34,500309,5003091,38,F.ALI
533,RECEIVE,2025-08-11 12:43:42,500310,5003101,1,J.THOMAS
534,RECEIVE,2025-08-04 08:21:17,500310,5003102,1,J.THOMAS
535,RECEIVE,2025-08-04 09:20:23,500310,5003103,1,J.THOMAS
536,RECEIVE,2026-06-08 09:40:03,500311,5003111,37,M.RAHMAN
537,RECEIVE,2026-02-03 08:19:22,500312,5003121,1,S.HASSAN
538,RECEIVE,2025-05-30 08:30:19,500313,5003131,1,S.HASSAN
539,RECEIVE,2025-12-30 09:28:09,500314,5003141,9,M.RAHMAN
540,RECEIVE,2026-02-24 08:54:10,500315,5003151,1,F.ALI
541,RECEIVE,2026-06-08 08:02:15,500316,5003161,11,F.ALI
542,RECEIVE,2026-06-08 10:06:57,500316,5003162,2,F.ALI
543,RECEIVE,2025-09-04 14:43:18,500317,5003171,1,BUYER.PRIYA
544,RECEIVE,2025-09-04 11:26:29,500317,5003172,1,BUYER.PRIYA
545,RECEIVE,2025-09-08 15:43:42,500317,5003173,1,BUYER.PRIYA
546,RECEIVE,2026-06-02 08:32:17,500318,5003181,1,J.THOMAS
547,RECEIVE,2025-04-04 17:13:48,500319,5003191,1,R.MENON
548,RECEIVE,2025-06-13 09:51:13,500320,5003201,1,A.KHAN
549,RECEIVE,2026-06-10 14:13:02,500321,5003211,1,BUYER.JAMES
550,RECEIVE,2025-07-24 10:09:02,500323,5003231,4,S.HASSAN
551,RECEIVE,2026-07-01 17:43:47,500324,5003241,28,S.HASSAN
552,RECEIVE,2025-11-24 10:01:22,500325,5003251,10,R.MENON
553,RECEIVE,2026-09-28 10:12:45,500327,5003271,21,F.ALI
554,RECEIVE,2026-09-28 09:45:06,500327,5003272,18,F.ALI
555,RECEIVE,2026-09-29 10:30:33,500327,5003273,6,F.ALI
556,RECEIVE,2026-01-05 10:44:41,500328,5003281,19,L.NAIR
557,RECEIVE,2026-01-01 10:24:53,500328,5003282,17,L.NAIR
558,RECEIVE,2026-01-07 08:21:46,500328,5003282,18,L.NAIR
559,RECEIVE,2024-11-28 09:21:39,500329,5003291,1,BUYER.SARA
560,RECEIVE,2025-06-23 08:04:00,500330,5003301,16,BUYER.PRIYA
561,RECEIVE,2025-06-16 15:04:32,500330,5003302,12,BUYER.PRIYA
562,RECEIVE,2025-06-18 16:54:23,500330,5003303,10,BUYER.PRIYA
563,RECEIVE,2025-07-09 16:32:30,500331,5003311,15,L.NAIR
564,RECEIVE,2025-07-21 08:04:58,500331,5003311,16,L.NAIR
565,RECEIVE,2025-07-10 17:02:39,500331,5003312,39,L.NAIR
566,RECEIVE,2025-07-14 11:07:39,500331,5003313,2,L.NAIR
567,RECEIVE,2025-07-16 10:19:39,500331,5003313,3,L.NAIR
568,RECEIVE,2026-05-28 10:52:56,500332,5003321,39,BUYER.PRIYA
569,RECEIVE,2026-08-10 08:50:22,500333,5003331,1,A.KHAN
570,RECEIVE,2025-02-03 13:59:08,500334,5003341,39,M.RAHMAN
571,RECEIVE,2025-02-03 10:36:38,500334,5003342,40,M.RAHMAN
572,RECEIVE,2025-02-03 08:15:01,500334,5003343,40,M.RAHMAN
573,RECEIVE,2025-08-18 11:03:08,500335,5003351,1,S.HASSAN
574,RECEIVE,2025-08-22 08:24:23,500335,5003352,1,S.HASSAN
575,RECEIVE,2026-08-04 14:23:40,500336,5003361,1,F.ALI
576,RECEIVE,2025-10-15 11:43:54,500337,5003371,14,BUYER.SARA
577,RECEIVE,2025-10-20 10:22:03,500337,5003371,15,BUYER.SARA
578,RECEIVE,2025-10-15 09:11:43,500337,5003372,5,BUYER.SARA
579,RECEIVE,2025-10-14 13:04:40,500337,5003373,24,BUYER.SARA
580,RECEIVE,2025-03-25 16:01:12,500338,5003381,1,F.ALI
581,RECEIVE,2025-03-25 08:54:30,500338,5003382,1,F.ALI
582,RECEIVE,2025-03-24 10:27:09,500338,5003383,1,F.ALI
583,RECEIVE,2026-09-21 12:51:18,500339,5003391,39,L.NAIR
584,RECEIVE,2026-09-17 10:20:33,500339,5003392,5,L.NAIR
585,RECEIVE,2026-09-28 09:42:56,500339,5003392,5,L.NAIR
586,RECEIVE,2025-09-04 10:11:21,500340,5003401,25,S.HASSAN
587,RECEIVE,2025-09-04 10:34:18,500340,5003402,14,S.HASSAN
588,RECEIVE,2025-03-20 08:54:52,500342,5003421,23,A.KHAN
589,RECEIVE,2025-05-23 16:11:34,500343,5003431,1,J.THOMAS
590,RECEIVE,2025-05-20 10:28:07,500343,5003432,1,J.THOMAS
591,RECEIVE,2025-05-16 08:04:31,500344,5003441,1,J.THOMAS
592,RECEIVE,2025-04-28 08:52:58,500346,5003461,21,BUYER.OMAR
593,RECEIVE,2025-04-28 09:46:55,500346,5003462,10,BUYER.OMAR
594,RECEIVE,2024-12-16 08:59:54,500348,5003481,35,S.HASSAN
595,RECEIVE,2025-04-17 08:29:31,500349,5003491,35,BUYER.PRIYA
596,RECEIVE,2025-03-10 10:50:20,500351,5003511,1,A.KHAN
597,RECEIVE,2025-03-04 13:50:39,500351,5003512,1,A.KHAN
598,RECEIVE,2025-05-23 09:42:42,500352,5003521,19,BUYER.PRIYA
599,RECEIVE,2026-05-21 11:32:32,500353,5003531,10,M.RAHMAN
600,RECEIVE,2025-12-19 08:14:10,500354,5003541,1,M.RAHMAN
601,RECEIVE,2026-03-12 08:09:09,500355,5003551,1,S.HASSAN
602,RECEIVE,2026-03-23 08:57:01,500355,5003552,1,S.HASSAN
603,RECEIVE,2026-03-13 08:31:25,500355,5003553,1,S.HASSAN
604,RECEIVE,2026-07-13 11:04:41,500356,5003561,24,A.KHAN
605,RECEIVE,2026-07-13 12:36:47,500356,5003562,11,A.KHAN
606,RECEIVE,2026-01-21 10:21:00,500357,5003571,1,A.KHAN
607,RECEIVE,2026-01-05 10:51:46,500357,5003572,1,A.KHAN
608,RECEIVE,2025-07-01 09:52:19,500360,5003601,1,J.THOMAS
609,RECEIVE,2025-05-26 08:59:16,500361,5003611,2,F.ALI
610,RECEIVE,2026-02-02 09:28:50,500362,5003621,1,M.RAHMAN
611,RECEIVE,2025-03-17 10:13:45,500363,5003631,1,J.THOMAS
612,RECEIVE,2025-03-19 10:03:54,500363,5003632,1,J.THOMAS
613,RECEIVE,2025-07-29 09:47:50,500365,5003651,6,A.KHAN
614,RECEIVE,2026-05-12 14:32:16,500366,5003661,8,L.NAIR
615,RECEIVE,2026-05-18 10:38:46,500366,5003661,9,L.NAIR
616,RECEIVE,2025-01-13 11:15:18,500367,5003671,1,L.NAIR
617,RECEIVE,2025-01-20 10:25:49,500367,5003672,1,L.NAIR
618,RECEIVE,2025-06-30 09:26:02,500368,5003681,1,S.HASSAN
619,RECEIVE,2026-05-07 14:33:31,500369,5003691,14,S.HASSAN
620,RECEIVE,2026-05-08 17:44:29,500369,5003692,37,S.HASSAN
621,RECEIVE,2026-08-27 08:57:22,500370,5003701,1,R.MENON
622,RECEIVE,2026-09-07 08:00:58,500370,5003702,1,R.MENON
623,RECEIVE,2026-08-14 10:10:48,500371,5003711,1,S.HASSAN
624,RECEIVE,2025-03-07 17:01:36,500373,5003731,31,BUYER.JAMES
625,RECEIVE,2025-03-10 08:48:13,500373,5003732,25,BUYER.JAMES
626,RECEIVE,2026-01-12 08:54:01,500374,5003741,1,M.RAHMAN
627,RECEIVE,2025-12-29 17:17:16,500374,5003742,1,M.RAHMAN
628,RECEIVE,2025-08-21 10:26:05,500375,5003751,37,BUYER.PRIYA
629,RECEIVE,2025-04-14 11:58:53,500376,5003761,36,M.RAHMAN
630,RECEIVE,2026-04-21 09:14:02,500378,5003781,1,A.KHAN
631,RECEIVE,2025-08-14 10:27:52,500379,5003791,1,F.ALI
632,RECEIVE,2025-08-06 08:41:24,500379,5003792,1,F.ALI
633,RECEIVE,2024-11-18 11:13:43,500380,5003801,1,J.THOMAS
634,RECEIVE,2024-11-07 10:29:21,500380,5003802,1,J.THOMAS
635,RECEIVE,2024-11-15 09:54:24,500380,5003803,1,J.THOMAS
636,RECEIVE,2025-03-21 15:03:47,500381,5003811,1,L.NAIR
640,RECEIVE,2026-06-03 09:37:50,500384,5003841,20,N.SAEED
641,RECEIVE,2026-06-15 09:16:23,500384,5003841,20,N.SAEED
642,RECEIVE,2025-06-30 10:18:43,500385,5003851,1,J.THOMAS
643,RECEIVE,2025-06-11 09:29:34,500386,5003861,1,M.RAHMAN
644,RECEIVE,2025-05-26 09:30:07,500387,5003871,1,R.MENON
645,RECEIVE,2026-04-20 12:39:37,500388,5003881,38,L.NAIR
646,RECEIVE,2026-04-20 10:55:34,500388,5003882,6,L.NAIR
647,RECEIVE,2026-05-05 12:21:51,500388,5003882,6,L.NAIR
648,RECEIVE,2026-04-16 08:55:46,500388,5003883,22,L.NAIR
649,RECEIVE,2025-08-08 12:29:09,500389,5003891,18,BUYER.OMAR
650,RECEIVE,2026-07-21 09:44:04,500390,5003901,1,L.NAIR
651,RECEIVE,2025-02-10 10:58:45,500391,5003911,1,J.THOMAS
652,RECEIVE,2026-02-16 09:48:02,500392,5003921,1,A.KHAN
653,RECEIVE,2025-07-18 08:01:47,500393,5003931,1,J.THOMAS
654,RECEIVE,2025-05-12 10:20:14,500394,5003941,1,BUYER.SARA
655,RECEIVE,2024-12-16 08:23:40,500395,5003951,1,A.KHAN
656,RECEIVE,2024-12-17 08:10:44,500395,5003952,1,A.KHAN
657,RECEIVE,2025-11-14 08:30:38,500396,5003961,20,M.RAHMAN
658,RECEIVE,2025-10-29 15:01:55,500397,5003971,1,M.RAHMAN
659,RECEIVE,2025-10-30 16:55:08,500397,5003972,1,M.RAHMAN
660,RECEIVE,2025-11-04 08:27:43,500397,5003973,1,M.RAHMAN
661,RECEIVE,2025-03-17 15:32:31,500398,5003981,11,R.MENON
662,RECEIVE,2024-11-19 09:07:36,500399,5003991,31,M.RAHMAN
663,RECEIVE,2024-11-25 12:21:44,500399,5003992,8,M.RAHMAN
664,RECEIVE,2024-12-02 08:36:09,500399,5003992,9,M.RAHMAN
665,RECEIVE,2025-10-13 08:24:04,500400,5004001,1,S.HASSAN
666,RECEIVE,2026-01-20 17:15:32,500401,5004011,9,N.SAEED
667,RECEIVE,2026-01-20 12:11:37,500401,5004012,30,N.SAEED
668,RECEIVE,2026-04-21 12:25:17,500402,5004021,20,BUYER.OMAR
669,RECEIVE,2026-04-20 17:45:29,500402,5004022,39,BUYER.OMAR
670,RECEIVE,2026-04-20 08:33:42,500402,5004023,8,BUYER.OMAR
671,RECEIVE,2025-10-14 08:15:50,500404,5004041,34,BUYER.SARA
672,RECEIVE,2025-10-13 08:59:03,500404,5004042,2,BUYER.SARA
673,RECEIVE,2025-10-16 09:17:13,500404,5004043,2,BUYER.SARA
674,RECEIVE,2024-10-29 10:01:53,500405,5004051,1,S.HASSAN
675,RECEIVE,2024-10-28 08:24:29,500405,5004052,1,S.HASSAN
676,RECEIVE,2025-09-24 13:14:06,500406,5004061,20,L.NAIR
677,RECEIVE,2026-03-30 09:20:15,500407,5004071,1,L.NAIR
678,RECEIVE,2025-04-28 08:41:33,500408,5004081,1,S.HASSAN
679,RECEIVE,2025-04-28 14:55:56,500408,5004082,1,S.HASSAN
680,RECEIVE,2024-12-16 15:44:16,500410,5004101,1,BUYER.OMAR
681,RECEIVE,2026-06-05 09:20:12,500411,5004111,38,BUYER.JAMES
682,RECEIVE,2026-02-18 10:45:40,500412,5004121,10,J.THOMAS
683,RECEIVE,2026-03-06 10:56:35,500412,5004121,11,J.THOMAS
684,RECEIVE,2026-02-09 09:59:04,500413,5004131,1,R.MENON
685,RECEIVE,2026-02-16 09:31:25,500413,5004131,2,R.MENON
686,RECEIVE,2026-02-16 08:13:32,500413,5004132,30,R.MENON
687,RECEIVE,2025-12-24 13:16:17,500414,5004141,8,S.HASSAN
688,RECEIVE,2025-12-15 09:42:52,500414,5004142,14,S.HASSAN
689,RECEIVE,2025-04-28 17:27:28,500415,5004151,11,N.SAEED
690,RECEIVE,2025-05-01 09:22:33,500415,5004151,12,N.SAEED
691,RECEIVE,2025-05-28 15:06:27,500416,5004161,24,N.SAEED
692,RECEIVE,2025-05-30 09:31:18,500416,5004162,21,N.SAEED
693,RECEIVE,2025-05-30 10:45:08,500416,5004163,30,N.SAEED
694,RECEIVE,2025-11-03 10:52:27,500417,5004171,1,L.NAIR
695,RECEIVE,2025-11-13 09:03:35,500417,5004172,1,L.NAIR
696,RECEIVE,2026-03-20 08:23:50,500418,5004181,33,S.HASSAN
697,RECEIVE,2026-03-18 12:28:17,500418,5004182,3,S.HASSAN
698,RECEIVE,2026-03-25 10:42:33,500418,5004183,26,S.HASSAN
699,RECEIVE,2025-12-15 13:31:22,500419,5004191,37,N.SAEED
700,RECEIVE,2025-12-15 10:55:55,500419,5004192,18,N.SAEED
701,RECEIVE,2026-03-03 09:43:19,500420,5004201,30,L.NAIR
702,RECEIVE,2026-08-11 16:21:08,500421,5004211,27,F.ALI
703,RECEIVE,2026-08-10 08:12:26,500421,5004212,22,F.ALI
704,RECEIVE,2026-05-04 10:56:11,500422,5004221,1,BUYER.OMAR
705,RECEIVE,2026-05-01 11:18:28,500422,5004222,1,BUYER.OMAR
706,RECEIVE,2026-01-26 08:42:39,500423,5004231,22,A.KHAN
707,RECEIVE,2026-01-26 11:07:49,500423,5004232,36,A.KHAN
708,RECEIVE,2025-08-08 10:53:32,500424,5004241,12,R.MENON
709,RECEIVE,2025-08-13 10:31:30,500424,5004241,13,R.MENON
710,RECEIVE,2025-08-07 08:41:19,500424,5004242,18,R.MENON
711,RECEIVE,2025-09-16 17:38:45,500425,5004251,29,R.MENON
712,RECEIVE,2025-09-15 10:28:27,500425,5004252,36,R.MENON
713,RECEIVE,2025-11-21 10:26:55,500426,5004261,35,L.NAIR
714,RECEIVE,2025-11-25 17:36:22,500426,5004262,37,L.NAIR
715,RECEIVE,2026-03-23 09:52:40,500427,5004271,1,S.HASSAN
716,RECEIVE,2026-03-30 11:06:33,500427,5004272,1,S.HASSAN
717,RECEIVE,2024-11-05 08:36:11,500428,5004281,1,BUYER.SARA
718,RECEIVE,2024-10-28 09:41:14,500428,5004282,1,BUYER.SARA
719,RECEIVE,2025-07-28 08:45:52,500429,5004291,1,A.KHAN
720,RECEIVE,2025-07-21 09:18:33,500429,5004292,1,A.KHAN
721,RECEIVE,2026-04-16 13:50:48,500430,5004301,1,S.HASSAN
722,RECEIVE,2026-04-09 10:44:26,500431,5004311,12,A.KHAN
723,RECEIVE,2026-04-20 08:09:00,500431,5004311,13,A.KHAN
724,RECEIVE,2026-04-09 10:50:11,500431,5004312,22,A.KHAN
725,RECEIVE,2025-04-09 10:04:17,500432,5004321,4,A.KHAN
726,RECEIVE,2025-04-07 16:14:03,500432,5004322,35,A.KHAN
727,RECEIVE,2024-12-02 09:11:08,500433,5004331,3,N.SAEED
728,RECEIVE,2025-02-24 09:23:28,500434,5004341,1,BUYER.SARA
729,RECEIVE,2025-03-03 08:30:19,500434,5004342,1,BUYER.SARA
730,RECEIVE,2025-03-31 09:26:58,500435,5004351,1,L.NAIR
731,RECEIVE,2025-09-29 13:12:27,500436,5004361,7,J.THOMAS
732,RECEIVE,2025-10-03 10:49:32,500436,5004361,8,J.THOMAS
733,RECEIVE,2025-12-04 12:26:45,500437,5004371,38,M.RAHMAN
734,RECEIVE,2026-06-23 16:29:38,500438,5004381,4,A.KHAN
735,RECEIVE,2024-12-06 15:27:58,500439,5004391,35,M.RAHMAN
736,RECEIVE,2024-12-05 09:57:35,500440,5004401,5,BUYER.JAMES
737,RECEIVE,2024-12-09 12:11:22,500440,5004401,6,BUYER.JAMES
738,RECEIVE,2024-12-02 10:29:03,500440,5004402,10,BUYER.JAMES
739,RECEIVE,2024-12-02 09:51:48,500440,5004403,19,BUYER.JAMES
740,RECEIVE,2026-01-26 13:46:46,500441,5004411,1,BUYER.OMAR
741,RECEIVE,2024-12-30 08:45:14,500442,5004421,1,J.THOMAS
742,RECEIVE,2026-09-28 10:38:59,500444,5004441,1,L.NAIR
745,RECEIVE,2026-05-29 09:36:35,500445,5004451,26,S.HASSAN
746,RECEIVE,2026-05-28 17:51:16,500445,5004452,20,S.HASSAN
747,RECEIVE,2026-05-25 08:57:51,500446,5004461,18,BUYER.SARA
748,RECEIVE,2026-09-04 10:58:05,500448,5004481,5,BUYER.SARA
749,RECEIVE,2026-09-07 09:27:55,500448,5004481,5,BUYER.SARA
750,RECEIVE,2026-09-04 10:30:10,500448,5004482,19,BUYER.SARA
751,RECEIVE,2026-09-02 10:05:07,500448,5004483,23,BUYER.SARA
752,RECEIVE,2025-01-23 11:40:39,500449,5004491,31,M.RAHMAN
753,RECEIVE,2025-01-23 14:14:40,500449,5004492,14,M.RAHMAN
754,RECEIVE,2026-04-21 08:41:59,500450,5004501,1,BUYER.JAMES
755,RECEIVE,2025-08-18 09:44:27,500451,5004511,1,F.ALI
756,RECEIVE,2026-02-27 09:12:47,500452,5004521,1,R.MENON
757,RECEIVE,2025-03-14 09:48:01,500453,5004531,1,L.NAIR
758,RECEIVE,2024-12-02 15:55:41,500454,5004541,5,M.RAHMAN
759,RECEIVE,2025-11-24 10:43:32,500456,5004561,1,BUYER.JAMES
760,RECEIVE,2024-10-22 09:08:08,500457,5004571,13,BUYER.OMAR
761,RECEIVE,2026-02-16 17:26:42,500458,5004581,29,N.SAEED
762,RECEIVE,2026-02-23 08:58:02,500458,5004582,7,N.SAEED
763,RECEIVE,2026-02-13 08:04:22,500458,5004583,28,N.SAEED
764,RECEIVE,2026-02-16 09:37:28,500459,5004591,12,R.MENON
765,RECEIVE,2026-03-02 08:31:18,500459,5004591,13,R.MENON
766,RECEIVE,2026-02-16 10:44:01,500459,5004592,33,R.MENON
767,RECEIVE,2026-02-13 08:24:37,500459,5004593,25,R.MENON
768,RECEIVE,2024-11-25 10:14:50,500460,5004601,20,J.THOMAS
769,RECEIVE,2024-12-10 08:22:00,500460,5004601,20,J.THOMAS
770,RECEIVE,2024-11-20 16:49:20,500460,5004602,40,J.THOMAS
771,RECEIVE,2026-07-17 10:00:17,500461,5004611,28,BUYER.PRIYA
772,RECEIVE,2026-07-20 17:38:16,500461,5004612,7,BUYER.PRIYA
773,RECEIVE,2026-08-04 09:10:10,500461,5004613,31,BUYER.PRIYA
774,RECEIVE,2025-08-25 15:16:58,500462,5004621,35,L.NAIR
775,RECEIVE,2025-08-21 10:12:31,500462,5004622,1,L.NAIR
776,RECEIVE,2025-08-25 09:40:26,500462,5004622,1,L.NAIR
777,RECEIVE,2025-08-18 09:53:14,500462,5004623,19,L.NAIR
778,RECEIVE,2024-11-06 09:03:26,500463,5004631,1,N.SAEED
779,RECEIVE,2024-11-07 12:38:18,500463,5004632,1,N.SAEED
780,RECEIVE,2024-11-01 13:58:26,500463,5004633,1,N.SAEED
781,RECEIVE,2026-06-19 09:55:04,500464,5004641,1,L.NAIR
782,RECEIVE,2026-06-22 10:50:47,500464,5004642,1,L.NAIR
783,RECEIVE,2026-06-08 10:43:21,500465,5004651,32,S.HASSAN
784,RECEIVE,2025-04-29 08:26:26,500466,5004661,1,F.ALI
785,RECEIVE,2026-01-26 10:34:27,500467,5004671,1,BUYER.SARA
786,RECEIVE,2026-01-23 08:38:33,500468,5004681,1,BUYER.PRIYA
787,RECEIVE,2024-11-04 11:53:26,500469,5004691,1,BUYER.SARA
788,RECEIVE,2024-11-06 08:47:27,500469,5004692,1,BUYER.SARA
789,RECEIVE,2024-11-01 08:52:10,500469,5004693,1,BUYER.SARA
790,RECEIVE,2025-06-16 09:23:37,500470,5004701,29,F.ALI
791,RECEIVE,2026-02-02 08:47:19,500471,5004711,16,F.ALI
792,RECEIVE,2024-10-21 10:25:55,500472,5004721,12,M.RAHMAN
793,RECEIVE,2026-03-12 09:24:27,500473,5004731,1,N.SAEED
794,RECEIVE,2026-03-13 11:05:59,500474,5004741,1,L.NAIR
795,RECEIVE,2026-03-24 09:41:05,500474,5004742,1,L.NAIR
796,RECEIVE,2025-08-04 15:01:02,500475,5004751,18,M.RAHMAN
797,RECEIVE,2025-04-15 08:38:44,500476,5004761,1,J.THOMAS
798,RECEIVE,2025-04-04 09:15:17,500476,5004762,1,J.THOMAS
799,RECEIVE,2025-03-10 09:23:35,500477,5004771,1,A.KHAN
800,RECEIVE,2025-03-06 10:02:40,500477,5004772,1,A.KHAN
801,RECEIVE,2025-03-07 17:40:01,500477,5004773,1,A.KHAN
802,RECEIVE,2025-05-21 15:51:42,500479,5004791,2,BUYER.JAMES
803,RECEIVE,2025-05-29 09:44:55,500479,5004791,2,BUYER.JAMES
804,RECEIVE,2025-05-21 10:04:54,500479,5004792,16,BUYER.JAMES
805,RECEIVE,2025-05-20 10:51:26,500479,5004793,16,BUYER.JAMES
806,RECEIVE,2025-02-25 14:34:50,500480,5004801,1,N.SAEED
807,RECEIVE,2025-02-24 09:43:36,500480,5004802,1,N.SAEED
808,RECEIVE,2025-02-13 17:42:33,500481,5004811,1,J.THOMAS
809,RECEIVE,2025-12-24 10:33:58,500482,5004821,1,S.HASSAN
810,RECEIVE,2026-07-13 08:02:32,500483,5004831,35,S.HASSAN
811,RECEIVE,2025-08-13 16:59:01,500484,5004841,1,N.SAEED
812,RECEIVE,2025-01-20 10:37:45,500485,5004851,8,S.HASSAN
813,RECEIVE,2025-01-21 10:54:38,500485,5004851,8,S.HASSAN
814,RECEIVE,2025-01-16 13:58:21,500485,5004852,33,S.HASSAN
815,RECEIVE,2024-12-06 11:55:17,500486,5004861,3,F.ALI
816,RECEIVE,2024-12-09 09:25:58,500486,5004862,2,F.ALI
817,RECEIVE,2024-12-13 17:21:40,500486,5004863,37,F.ALI
818,RECEIVE,2024-10-18 10:10:41,500487,5004871,1,N.SAEED
819,RECEIVE,2025-04-25 08:34:56,500488,5004881,1,F.ALI
820,RECEIVE,2025-04-24 10:14:59,500488,5004882,33,F.ALI
821,RECEIVE,2025-06-30 12:07:11,500489,5004891,1,S.HASSAN
822,RECEIVE,2026-09-07 08:51:16,500490,5004901,1,A.KHAN
823,RECEIVE,2026-01-14 08:50:18,500492,5004921,1,R.MENON
824,RECEIVE,2024-12-25 10:24:57,500493,5004931,14,J.THOMAS
825,RECEIVE,2024-12-30 09:42:22,500493,5004931,14,J.THOMAS
826,RECEIVE,2024-12-24 08:48:04,500493,5004932,17,J.THOMAS
827,RECEIVE,2024-12-18 08:48:23,500494,5004941,15,F.ALI
828,RECEIVE,2024-12-20 16:52:14,500494,5004942,9,F.ALI
829,RECEIVE,2024-12-17 10:21:24,500494,5004943,38,F.ALI
830,RECEIVE,2025-06-26 10:41:39,500495,5004951,18,BUYER.JAMES
831,RECEIVE,2025-07-04 08:22:34,500495,5004951,19,BUYER.JAMES
832,RECEIVE,2025-06-25 13:35:17,500495,5004952,10,BUYER.JAMES
833,RECEIVE,2026-02-05 11:49:52,500496,5004961,1,J.THOMAS
834,RECEIVE,2026-01-26 09:15:26,500496,5004962,1,J.THOMAS
835,RECEIVE,2026-02-02 08:39:45,500496,5004963,1,J.THOMAS
836,RECEIVE,2026-03-13 09:04:04,500497,5004971,24,J.THOMAS
837,RECEIVE,2026-03-18 14:14:11,500497,5004972,5,J.THOMAS
838,RECEIVE,2026-03-23 08:11:11,500497,5004972,6,J.THOMAS
839,RECEIVE,2026-03-16 09:58:04,500497,5004973,23,J.THOMAS
840,RECEIVE,2025-12-30 16:02:42,500498,5004981,1,N.SAEED
841,RECEIVE,2026-01-13 08:50:21,500499,5004991,1,R.MENON
842,RECEIVE,2025-06-02 08:25:51,500500,5005001,1,F.ALI
843,RECEIVE,2024-11-22 10:01:28,500501,5005011,1,J.THOMAS
844,RECEIVE,2024-11-25 10:00:45,500501,5005012,1,J.THOMAS
845,RECEIVE,2026-04-27 08:10:35,500502,5005021,1,N.SAEED
846,RECEIVE,2026-04-24 09:17:03,500502,5005022,1,N.SAEED
847,RECEIVE,2026-04-27 10:06:52,500502,5005023,1,N.SAEED
848,RECEIVE,2026-04-20 15:06:27,500503,5005031,14,A.KHAN
849,RECEIVE,2026-04-20 09:42:34,500503,5005032,28,A.KHAN
850,RECEIVE,2026-06-12 17:45:30,500504,5005041,1,N.SAEED
851,RECEIVE,2026-08-24 10:14:11,500505,5005051,1,J.THOMAS
852,RECEIVE,2025-11-05 08:15:31,500506,5005061,6,R.MENON
853,RECEIVE,2024-11-15 10:57:32,500507,5005071,15,R.MENON
854,RECEIVE,2024-11-21 09:51:18,500507,5005072,31,R.MENON
855,RECEIVE,2025-06-23 13:57:33,500508,5005081,17,L.NAIR
856,RECEIVE,2025-06-27 08:42:40,500508,5005082,25,L.NAIR
857,RECEIVE,2025-07-31 15:35:30,500509,5005091,25,BUYER.JAMES
858,RECEIVE,2026-07-30 09:26:51,500510,5005101,1,R.MENON
859,RECEIVE,2026-02-06 09:25:58,500511,5005111,12,J.THOMAS
860,RECEIVE,2026-02-12 16:10:04,500511,5005112,8,J.THOMAS
861,RECEIVE,2025-01-22 11:27:28,500512,5005121,1,S.HASSAN
862,RECEIVE,2025-01-15 13:41:00,500512,5005122,1,S.HASSAN
863,RECEIVE,2026-05-15 12:17:29,500513,5005131,7,R.MENON
864,RECEIVE,2026-05-13 09:46:26,500513,5005132,24,R.MENON
865,RECEIVE,2025-01-17 15:15:08,500514,5005141,12,S.HASSAN
866,RECEIVE,2025-01-22 08:14:07,500514,5005141,13,S.HASSAN
867,RECEIVE,2025-04-16 09:24:28,500515,5005151,1,BUYER.SARA
868,RECEIVE,2025-04-17 14:08:24,500515,5005152,1,BUYER.SARA
869,RECEIVE,2025-04-22 09:20:27,500515,5005153,1,BUYER.SARA
870,RECEIVE,2025-12-15 10:13:27,500516,5005161,1,F.ALI
871,RECEIVE,2025-12-11 09:19:26,500516,5005162,1,F.ALI
872,RECEIVE,2026-06-11 10:59:27,500517,5005171,23,BUYER.JAMES
873,RECEIVE,2025-05-29 09:46:11,500518,5005181,32,N.SAEED
874,RECEIVE,2025-05-01 10:12:45,500519,5005191,19,BUYER.SARA
875,RECEIVE,2025-05-07 09:10:41,500519,5005191,20,BUYER.SARA
876,RECEIVE,2025-12-04 08:32:14,500520,5005201,7,F.ALI
877,RECEIVE,2025-12-12 10:19:22,500520,5005201,8,F.ALI
878,RECEIVE,2025-12-08 10:02:43,500520,5005202,13,F.ALI
879,RECEIVE,2025-12-15 09:21:21,500520,5005202,13,F.ALI
880,RECEIVE,2025-12-09 09:45:06,500520,5005203,34,F.ALI
881,RECEIVE,2026-03-09 16:41:56,500521,5005211,1,J.THOMAS
882,RECEIVE,2026-03-16 16:32:12,500521,5005212,1,J.THOMAS
883,RECEIVE,2024-11-11 10:56:27,500522,5005221,1,BUYER.JAMES
884,RECEIVE,2026-01-12 12:28:14,500523,5005231,1,L.NAIR
885,RECEIVE,2025-07-18 13:07:00,500524,5005241,38,R.MENON
886,RECEIVE,2025-07-17 09:29:07,500524,5005242,20,R.MENON
887,RECEIVE,2025-07-28 10:13:37,500524,5005242,20,R.MENON
888,RECEIVE,2025-07-15 10:00:34,500524,5005243,21,R.MENON
889,RECEIVE,2025-10-28 09:22:43,500525,5005251,1,BUYER.PRIYA
890,RECEIVE,2025-10-28 10:35:08,500525,5005252,1,BUYER.PRIYA
891,RECEIVE,2025-10-01 10:59:42,500526,5005261,1,R.MENON
892,RECEIVE,2025-09-25 08:36:24,500526,5005262,1,R.MENON
893,RECEIVE,2025-10-02 10:14:35,500526,5005263,1,R.MENON
894,RECEIVE,2026-03-23 09:08:38,500527,5005271,1,N.SAEED
895,RECEIVE,2025-03-25 09:04:51,500528,5005281,1,M.RAHMAN
896,RECEIVE,2026-05-28 11:19:10,500529,5005291,1,N.SAEED
897,RECEIVE,2026-06-01 10:46:58,500529,5005292,1,N.SAEED
898,RECEIVE,2025-02-06 10:40:16,500530,5005301,1,J.THOMAS
899,RECEIVE,2024-10-15 09:09:48,500532,5005321,1,R.MENON
900,RECEIVE,2026-07-31 08:31:59,500533,5005331,30,J.THOMAS
901,RECEIVE,2026-09-28 10:30:31,500534,5005341,1,J.THOMAS
902,RECEIVE,2026-08-21 08:29:23,500535,5005351,7,M.RAHMAN
903,RECEIVE,2026-08-24 09:47:19,500535,5005352,10,M.RAHMAN
904,RECEIVE,2026-09-03 09:25:17,500535,5005352,10,M.RAHMAN
905,RECEIVE,2025-05-05 16:55:38,500536,5005361,1,BUYER.JAMES
906,RECEIVE,2025-05-27 12:04:19,500537,5005371,19,A.KHAN
907,RECEIVE,2025-06-02 08:47:34,500537,5005371,19,A.KHAN
908,RECEIVE,2025-05-26 16:53:48,500537,5005372,15,A.KHAN
909,RECEIVE,2026-01-22 14:26:37,500538,5005381,36,R.MENON
910,RECEIVE,2026-01-23 09:18:27,500538,5005382,33,R.MENON
911,RECEIVE,2025-02-26 17:49:22,500540,5005401,11,N.SAEED
912,RECEIVE,2026-03-19 10:21:56,500541,5005411,5,R.MENON
913,RECEIVE,2026-03-25 09:50:26,500541,5005411,5,R.MENON
914,RECEIVE,2026-04-06 10:59:48,500543,5005431,4,L.NAIR
915,RECEIVE,2026-04-13 10:42:18,500543,5005431,4,L.NAIR
916,RECEIVE,2026-04-06 13:43:54,500543,5005432,5,L.NAIR
917,RECEIVE,2026-04-02 10:03:05,500543,5005433,13,L.NAIR
918,RECEIVE,2025-04-14 10:33:59,500544,5005441,22,A.KHAN
919,RECEIVE,2025-04-11 10:25:49,500544,5005442,30,A.KHAN
920,RECEIVE,2025-04-10 17:40:31,500544,5005443,36,A.KHAN
921,RECEIVE,2024-10-23 09:29:13,500545,5005451,1,S.HASSAN
922,RECEIVE,2026-08-17 17:25:27,500546,5005461,1,L.NAIR
923,RECEIVE,2025-10-27 09:37:28,500547,5005471,28,BUYER.JAMES
924,RECEIVE,2025-10-27 09:32:45,500547,5005472,26,BUYER.JAMES
925,RECEIVE,2025-10-24 09:28:37,500547,5005473,39,BUYER.JAMES
926,RECEIVE,2025-04-14 17:05:01,500548,5005481,5,F.ALI
927,RECEIVE,2025-04-07 09:48:35,500549,5005491,1,R.MENON
928,RECEIVE,2025-01-14 16:03:07,500551,5005511,1,J.THOMAS
929,RECEIVE,2025-05-21 12:01:13,500552,5005521,25,BUYER.PRIYA
930,RECEIVE,2025-05-22 08:13:56,500552,5005522,3,BUYER.PRIYA
931,RECEIVE,2026-09-01 08:35:03,500553,5005531,31,A.KHAN
932,RECEIVE,2026-08-28 10:09:38,500553,5005532,15,A.KHAN
933,RECEIVE,2026-08-31 10:38:35,500553,5005533,29,A.KHAN
934,RECEIVE,2026-08-05 17:07:27,500554,5005541,22,L.NAIR
935,RECEIVE,2026-08-07 10:38:37,500554,5005542,1,L.NAIR
936,RECEIVE,2026-08-06 08:45:10,500554,5005543,9,L.NAIR
937,RECEIVE,2026-08-12 12:40:52,500554,5005543,9,L.NAIR
938,RECEIVE,2025-06-06 09:24:20,500555,5005551,1,R.MENON
939,RECEIVE,2025-05-26 17:20:57,500556,5005561,33,F.ALI
940,RECEIVE,2025-05-26 08:18:50,500556,5005562,5,F.ALI
941,RECEIVE,2025-05-29 17:47:35,500557,5005571,16,BUYER.OMAR
942,RECEIVE,2026-08-24 09:31:58,500558,5005581,10,N.SAEED
943,RECEIVE,2026-08-28 10:04:05,500558,5005581,10,N.SAEED
944,RECEIVE,2026-08-24 10:07:17,500558,5005582,11,N.SAEED
945,RECEIVE,2025-07-21 10:32:28,500559,5005591,1,BUYER.SARA
946,RECEIVE,2025-07-18 10:30:25,500559,5005592,1,BUYER.SARA
947,RECEIVE,2025-07-17 08:12:43,500559,5005593,1,BUYER.SARA
948,RECEIVE,2024-10-17 08:52:17,500560,5005601,21,BUYER.OMAR
950,RECEIVE,2026-09-25 14:56:51,500561,5005612,18,N.SAEED
951,RECEIVE,2025-10-29 12:37:03,500562,5005621,14,J.THOMAS
952,RECEIVE,2025-10-31 08:12:32,500562,5005622,5,J.THOMAS
953,RECEIVE,2026-07-30 11:31:03,500563,5005631,1,R.MENON
954,RECEIVE,2025-06-10 09:47:23,500564,5005641,1,A.KHAN
955,RECEIVE,2025-11-17 12:24:24,500565,5005651,3,A.KHAN
956,RECEIVE,2025-11-24 10:35:35,500565,5005652,14,A.KHAN
957,RECEIVE,2025-11-27 09:56:58,500565,5005652,15,A.KHAN
958,RECEIVE,2025-12-15 08:36:50,500567,5005671,1,L.NAIR
959,RECEIVE,2025-11-28 11:14:25,500567,5005672,1,L.NAIR
960,RECEIVE,2025-12-04 09:20:24,500567,5005673,1,L.NAIR
961,RECEIVE,2024-12-16 13:45:29,500568,5005681,1,A.KHAN
962,RECEIVE,2025-12-01 13:17:33,500569,5005691,1,J.THOMAS
963,RECEIVE,2025-04-02 13:30:28,500570,5005701,1,J.THOMAS
964,RECEIVE,2025-10-28 08:25:41,500571,5005711,29,J.THOMAS
965,RECEIVE,2025-10-27 16:27:14,500571,5005712,39,J.THOMAS
966,RECEIVE,2026-02-06 09:12:21,500572,5005721,13,BUYER.JAMES
967,RECEIVE,2026-02-09 14:04:13,500572,5005721,13,BUYER.JAMES
968,RECEIVE,2025-12-01 10:22:06,500573,5005731,1,S.HASSAN
969,RECEIVE,2025-11-28 09:05:39,500573,5005732,1,S.HASSAN
970,RECEIVE,2025-11-25 08:50:42,500573,5005733,1,S.HASSAN
971,RECEIVE,2025-11-03 16:08:02,500574,5005741,1,BUYER.PRIYA
972,RECEIVE,2025-11-05 09:17:05,500574,5005742,1,BUYER.PRIYA
973,RECEIVE,2025-11-04 08:38:58,500574,5005743,1,BUYER.PRIYA
974,RECEIVE,2025-06-30 08:27:02,500575,5005751,1,M.RAHMAN
975,RECEIVE,2025-03-13 08:32:45,500576,5005761,20,N.SAEED
976,RECEIVE,2025-03-17 09:38:38,500576,5005762,34,N.SAEED
977,RECEIVE,2025-01-29 08:45:28,500577,5005771,1,F.ALI
978,RECEIVE,2025-01-27 11:05:27,500577,5005772,1,F.ALI
979,RECEIVE,2025-05-12 10:43:47,500579,5005791,37,J.THOMAS
980,RECEIVE,2025-05-16 16:58:51,500579,5005792,36,J.THOMAS
981,RECEIVE,2026-06-19 13:09:01,500580,5005801,23,BUYER.JAMES
982,RECEIVE,2025-03-04 09:38:01,500581,5005811,1,L.NAIR
983,RECEIVE,2026-03-30 10:14:50,500582,5005821,9,BUYER.PRIYA
984,RECEIVE,2025-10-09 13:06:34,500583,5005831,1,M.RAHMAN
985,RECEIVE,2025-04-10 08:26:32,500584,5005841,18,R.MENON
986,RECEIVE,2025-04-14 08:06:02,500584,5005841,18,R.MENON
987,RECEIVE,2025-04-08 10:57:27,500584,5005842,3,R.MENON
988,RECEIVE,2025-06-30 08:46:57,500585,5005851,8,R.MENON
989,RECEIVE,2025-03-24 08:43:11,500586,5005861,1,S.HASSAN
990,RECEIVE,2025-03-21 10:54:07,500586,5005862,1,S.HASSAN
991,RECEIVE,2025-03-10 10:53:27,500586,5005863,1,S.HASSAN
992,RECEIVE,2025-07-25 10:46:35,500587,5005871,3,A.KHAN
993,RECEIVE,2025-07-24 17:57:07,500587,5005872,26,A.KHAN
994,RECEIVE,2025-09-15 16:34:07,500588,5005881,1,N.SAEED
995,RECEIVE,2026-09-16 12:29:37,500589,5005891,1,R.MENON
996,RECEIVE,2026-09-17 16:15:38,500589,5005892,1,R.MENON
997,RECEIVE,2026-02-09 08:54:44,500590,5005901,1,S.HASSAN
998,RECEIVE,2026-01-06 09:17:19,500591,5005911,25,J.THOMAS
999,RECEIVE,2026-01-09 08:34:15,500591,5005912,17,J.THOMAS
1000,RECEIVE,2026-05-21 15:36:35,500592,5005921,25,S.HASSAN
1001,RECEIVE,2026-09-29 10:34:26,500593,5005931,1,R.MENON
1003,RECEIVE,2026-01-26 08:27:55,500594,5005941,1,J.THOMAS
1004,RECEIVE,2025-12-26 10:22:31,500595,5005951,24,S.HASSAN
1005,RECEIVE,2025-12-29 08:01:30,500595,5005952,22,S.HASSAN
1006,RECEIVE,2025-10-27 10:50:47,500596,5005961,1,L.NAIR
1007,RECEIVE,2025-10-22 09:57:12,500596,5005962,1,L.NAIR
1008,RECEIVE,2026-06-05 08:38:25,500597,5005971,8,A.KHAN
1009,RECEIVE,2026-06-08 14:04:36,500598,5005981,17,F.ALI
1010,RECEIVE,2024-12-02 08:36:29,500599,5005991,14,A.KHAN
1011,RECEIVE,2024-11-28 08:48:26,500599,5005992,31,A.KHAN
1012,RECEIVE,2024-11-29 09:03:31,500599,5005993,13,A.KHAN
1013,RECEIVE,2024-12-09 09:17:40,500599,5005993,14,A.KHAN
1014,RECEIVE,2026-07-06 14:22:03,500600,5006001,1,A.KHAN
1015,RECEIVE,2025-08-18 13:43:50,500601,5006011,10,S.HASSAN
1016,RECEIVE,2025-08-21 08:13:36,500601,5006011,11,S.HASSAN
1017,RECEIVE,2026-07-06 16:42:09,500602,5006021,1,F.ALI
1018,RECEIVE,2025-06-04 08:23:16,500603,5006031,1,A.KHAN
1019,RECEIVE,2025-05-23 09:44:36,500603,5006032,1,A.KHAN
1020,RECEIVE,2025-05-29 10:49:22,500603,5006033,1,A.KHAN
1021,RECEIVE,2025-11-03 11:49:04,500604,5006041,10,BUYER.OMAR
1022,RECEIVE,2025-11-03 12:28:07,500604,5006042,9,BUYER.OMAR
1023,RECEIVE,2026-08-31 09:05:32,500605,5006051,1,N.SAEED
1024,RECEIVE,2026-09-01 09:37:44,500605,5006052,1,N.SAEED
1025,RECEIVE,2026-06-16 10:41:16,500606,5006061,1,S.HASSAN
1026,RECEIVE,2026-06-17 16:32:25,500606,5006061,2,S.HASSAN
1027,RECEIVE,2025-07-21 09:20:15,500607,5006071,34,R.MENON
1028,RECEIVE,2025-11-13 13:30:40,500609,5006091,37,L.NAIR
1029,RECEIVE,2026-06-09 11:13:31,500610,5006101,1,R.MENON
1030,RECEIVE,2024-12-11 09:23:05,500611,5006111,1,N.SAEED
1031,RECEIVE,2025-03-28 08:42:52,500612,5006121,24,R.MENON
1032,RECEIVE,2025-01-09 10:34:13,500613,5006131,1,F.ALI
1033,RECEIVE,2024-12-17 08:05:54,500614,5006141,1,L.NAIR
1034,RECEIVE,2026-07-17 09:20:59,500616,5006161,1,F.ALI
1035,RECEIVE,2026-07-17 14:46:47,500616,5006162,1,F.ALI
1036,RECEIVE,2026-08-03 12:22:55,500616,5006163,1,F.ALI
1037,RECEIVE,2026-08-31 08:18:17,500617,5006171,1,BUYER.JAMES
1038,RECEIVE,2025-01-20 08:22:16,500618,5006181,1,R.MENON
1039,RECEIVE,2025-01-01 12:39:11,500619,5006191,21,N.SAEED
1040,RECEIVE,2024-12-30 08:22:00,500619,5006192,7,N.SAEED
1041,RECEIVE,2025-01-06 10:00:37,500619,5006192,8,N.SAEED
1042,RECEIVE,2026-05-25 11:27:35,500620,5006201,1,A.KHAN
1043,RECEIVE,2026-06-08 09:47:22,500621,5006211,1,L.NAIR
1044,RECEIVE,2026-05-21 11:34:21,500622,5006221,1,M.RAHMAN
1045,RECEIVE,2026-05-22 11:42:51,500622,5006221,1,M.RAHMAN
1046,RECEIVE,2026-05-26 12:46:49,500622,5006222,35,M.RAHMAN
1047,RECEIVE,2026-05-04 09:07:33,500623,5006231,6,R.MENON
1048,RECEIVE,2025-09-22 09:12:23,500624,5006241,3,M.RAHMAN
1049,RECEIVE,2025-09-23 10:57:04,500624,5006242,7,M.RAHMAN
1050,RECEIVE,2026-07-17 08:04:34,500625,5006251,35,BUYER.OMAR
1051,RECEIVE,2026-07-21 09:26:14,500625,5006252,38,BUYER.OMAR
1052,RECEIVE,2026-07-20 14:57:00,500625,5006253,11,BUYER.OMAR
1053,RECEIVE,2025-04-07 10:09:58,500627,5006271,13,M.RAHMAN
1054,RECEIVE,2025-04-04 11:18:08,500627,5006272,16,M.RAHMAN
1055,RECEIVE,2025-04-07 08:40:19,500627,5006272,17,M.RAHMAN
1056,RECEIVE,2025-04-07 09:06:10,500627,5006273,19,M.RAHMAN
1057,RECEIVE,2026-01-12 08:34:29,500628,5006281,1,A.KHAN
1058,RECEIVE,2026-01-05 13:27:02,500628,5006282,1,A.KHAN
1059,RECEIVE,2026-01-06 10:10:11,500628,5006283,1,A.KHAN
1060,RECEIVE,2025-05-05 09:41:16,500629,5006291,1,A.KHAN
1061,RECEIVE,2025-01-20 14:10:15,500630,5006301,1,M.RAHMAN
1062,RECEIVE,2026-06-22 08:07:12,500631,5006311,19,L.NAIR
1063,RECEIVE,2026-05-01 11:36:02,500632,5006321,27,J.THOMAS
1064,RECEIVE,2024-12-03 08:15:31,500633,5006331,37,J.THOMAS
1065,RECEIVE,2026-07-03 09:11:02,500634,5006341,28,L.NAIR
1066,RECEIVE,2026-02-13 08:03:50,500635,5006351,21,BUYER.OMAR
1067,RECEIVE,2025-01-06 14:25:29,500636,5006361,14,L.NAIR
1068,RECEIVE,2025-02-14 15:23:18,500637,5006371,1,S.HASSAN
1069,RECEIVE,2025-02-11 09:55:39,500637,5006372,1,S.HASSAN
1070,RECEIVE,2025-02-14 08:47:22,500637,5006373,1,S.HASSAN
1071,RECEIVE,2026-07-28 12:33:35,500638,5006381,25,R.MENON
1072,RECEIVE,2026-08-05 08:31:45,500639,5006391,1,A.KHAN
1073,RECEIVE,2026-08-06 09:30:55,500639,5006392,1,A.KHAN
1074,RECEIVE,2026-08-11 12:22:06,500639,5006393,1,A.KHAN
1075,RECEIVE,2025-12-16 12:43:13,500640,5006401,3,N.SAEED
1076,RECEIVE,2025-03-24 10:19:13,500641,5006411,1,R.MENON
1077,RECEIVE,2024-11-25 09:43:43,500642,5006421,1,BUYER.OMAR
1078,RECEIVE,2024-11-25 10:50:49,500642,5006422,1,BUYER.OMAR
1079,RECEIVE,2025-03-07 08:47:26,500643,5006431,1,A.KHAN
1080,RECEIVE,2025-10-15 10:34:57,500644,5006441,16,F.ALI
1081,RECEIVE,2025-10-20 08:57:50,500644,5006442,9,F.ALI
1082,RECEIVE,2025-02-28 08:10:10,500645,5006451,1,S.HASSAN
1083,RECEIVE,2025-03-24 09:45:54,500645,5006452,1,S.HASSAN
1084,RECEIVE,2025-09-24 09:25:13,500646,5006461,28,M.RAHMAN
1085,RECEIVE,2025-07-17 09:02:01,500647,5006471,1,S.HASSAN
1086,RECEIVE,2026-02-06 08:50:04,500648,5006481,1,L.NAIR
1087,RECEIVE,2026-02-23 15:48:11,500648,5006482,1,L.NAIR
1088,RECEIVE,2026-07-27 12:31:45,500649,5006491,1,A.KHAN
1089,RECEIVE,2026-07-27 15:57:41,500649,5006492,1,A.KHAN
1090,RECEIVE,2025-12-29 12:12:12,500650,5006501,34,A.KHAN
1091,RECEIVE,2026-04-21 09:33:47,500651,5006511,39,BUYER.OMAR
1092,RECEIVE,2026-04-17 12:12:41,500651,5006512,8,BUYER.OMAR
1093,RECEIVE,2026-04-28 10:07:44,500651,5006512,8,BUYER.OMAR
1094,RECEIVE,2024-11-04 11:15:30,500652,5006521,1,J.THOMAS
1095,RECEIVE,2026-08-26 10:14:20,500653,5006531,1,F.ALI
1096,RECEIVE,2025-01-13 14:35:15,500654,5006541,8,A.KHAN
1097,RECEIVE,2025-01-13 09:53:10,500654,5006542,18,A.KHAN
1098,RECEIVE,2025-01-24 09:40:15,500654,5006542,18,A.KHAN
1099,RECEIVE,2024-11-14 09:20:26,500655,5006551,1,R.MENON
1100,RECEIVE,2024-11-18 09:57:30,500655,5006552,1,R.MENON
1101,RECEIVE,2026-03-09 13:24:48,500656,5006561,36,M.RAHMAN
1103,RECEIVE,2026-08-31 08:46:59,500658,5006581,15,S.HASSAN
1104,RECEIVE,2026-09-14 09:15:19,500658,5006581,16,S.HASSAN
1105,RECEIVE,2026-08-31 10:06:48,500658,5006582,12,S.HASSAN
1106,RECEIVE,2026-08-24 08:33:22,500658,5006583,16,S.HASSAN
1107,RECEIVE,2026-01-05 09:10:25,500659,5006591,1,L.NAIR
1108,RECEIVE,2025-03-21 12:40:05,500660,5006601,1,J.THOMAS
1109,RECEIVE,2025-03-26 09:39:16,500660,5006602,1,J.THOMAS
1110,RECEIVE,2025-07-11 16:01:37,500661,5006611,11,S.HASSAN
1111,RECEIVE,2026-02-06 09:56:54,500662,5006621,1,R.MENON
1112,RECEIVE,2026-02-04 17:12:00,500662,5006622,1,R.MENON
1113,RECEIVE,2025-03-05 15:55:44,500663,5006631,26,J.THOMAS
1114,RECEIVE,2025-09-15 08:12:02,500664,5006641,1,R.MENON
1115,RECEIVE,2026-03-09 08:24:11,500665,5006651,1,R.MENON
1116,RECEIVE,2026-01-05 13:35:14,500666,5006661,1,N.SAEED
1117,RECEIVE,2025-08-11 10:20:22,500667,5006671,1,L.NAIR
1118,RECEIVE,2024-12-05 09:36:12,500668,5006681,1,L.NAIR
1119,RECEIVE,2024-12-30 08:48:19,500668,5006682,1,L.NAIR
1120,RECEIVE,2024-12-09 08:27:24,500668,5006683,1,L.NAIR
1121,RECEIVE,2025-08-04 10:13:53,500669,5006691,23,N.SAEED
1122,RECEIVE,2026-08-10 08:42:59,500670,5006701,39,N.SAEED
1123,RECEIVE,2024-12-02 09:28:06,500671,5006711,1,A.KHAN
1124,RECEIVE,2024-12-02 10:57:56,500671,5006712,1,A.KHAN
1125,RECEIVE,2026-09-23 09:01:10,500672,5006721,1,N.SAEED
1126,RECEIVE,2025-07-22 08:20:10,500673,5006731,37,J.THOMAS
1127,RECEIVE,2025-02-12 09:15:44,500674,5006741,33,N.SAEED
1128,RECEIVE,2025-02-14 10:40:55,500674,5006742,8,N.SAEED
1129,RECEIVE,2026-09-04 09:24:45,500675,5006751,12,BUYER.JAMES
1130,RECEIVE,2026-09-02 11:52:45,500675,5006752,5,BUYER.JAMES
1131,RECEIVE,2025-03-06 10:35:52,500676,5006761,1,J.THOMAS
1132,RECEIVE,2025-10-23 10:36:07,500677,5006771,1,R.MENON
1133,RECEIVE,2025-10-06 08:21:57,500678,5006781,17,A.KHAN
1134,RECEIVE,2025-10-24 10:30:58,500678,5006781,18,A.KHAN
1135,RECEIVE,2025-10-13 14:22:04,500678,5006782,39,A.KHAN
1136,RECEIVE,2026-05-18 17:14:37,500679,5006791,1,A.KHAN
1137,RECEIVE,2026-05-22 15:08:54,500679,5006792,1,A.KHAN
1138,RECEIVE,2026-05-20 10:52:33,500679,5006793,1,A.KHAN
1139,RECEIVE,2025-08-18 10:13:48,500680,5006801,38,L.NAIR
1140,RECEIVE,2025-08-12 13:42:16,500680,5006802,17,L.NAIR
1141,RECEIVE,2025-08-19 08:57:05,500680,5006802,18,L.NAIR
1142,RECEIVE,2025-08-13 09:57:11,500680,5006803,24,L.NAIR
1143,RECEIVE,2025-08-13 09:46:58,500681,5006811,7,BUYER.JAMES
1144,RECEIVE,2025-08-12 10:50:46,500681,5006812,8,BUYER.JAMES
1145,RECEIVE,2025-09-01 09:26:21,500681,5006812,8,BUYER.JAMES
1146,RECEIVE,2025-02-19 10:12:15,500682,5006821,1,J.THOMAS
1147,RECEIVE,2025-10-07 10:15:25,500683,5006831,1,S.HASSAN
1148,RECEIVE,2025-12-15 12:32:42,500684,5006841,14,S.HASSAN
1149,RECEIVE,2025-09-05 16:18:46,500685,5006851,1,A.KHAN
1150,RECEIVE,2025-09-03 08:44:17,500685,5006852,1,A.KHAN
1151,RECEIVE,2025-03-04 11:04:41,500686,5006861,40,BUYER.JAMES
1152,RECEIVE,2025-09-10 10:10:17,500688,5006881,1,M.RAHMAN
1153,RECEIVE,2025-09-08 10:04:45,500688,5006882,1,M.RAHMAN
1154,RECEIVE,2025-09-12 10:33:21,500688,5006883,1,M.RAHMAN
1155,RECEIVE,2026-03-26 08:28:59,500689,5006891,1,BUYER.JAMES
1156,RECEIVE,2025-02-17 09:07:45,500690,5006901,1,R.MENON
1157,RECEIVE,2025-02-19 13:01:43,500690,5006902,1,R.MENON
1158,RECEIVE,2024-11-18 09:02:20,500691,5006911,1,R.MENON
1159,RECEIVE,2024-11-06 09:54:28,500692,5006921,5,L.NAIR
1160,RECEIVE,2026-07-10 12:04:57,500693,5006931,26,N.SAEED
1161,RECEIVE,2025-01-30 10:56:12,500694,5006941,1,M.RAHMAN
1162,RECEIVE,2025-01-17 10:06:03,500696,5006961,19,J.THOMAS
1163,RECEIVE,2025-01-08 17:19:13,500696,5006962,29,J.THOMAS
1164,RECEIVE,2025-01-07 10:36:27,500696,5006963,17,J.THOMAS
1165,RECEIVE,2026-08-20 13:10:38,500697,5006971,1,M.RAHMAN
1166,RECEIVE,2026-08-26 08:30:05,500697,5006972,1,M.RAHMAN
1167,RECEIVE,2026-08-24 08:34:51,500697,5006973,1,M.RAHMAN
1168,RECEIVE,2025-01-17 10:16:19,500698,5006981,1,R.MENON
1169,RECEIVE,2025-01-20 08:48:43,500698,5006982,1,R.MENON
1170,RECEIVE,2025-09-04 16:42:10,500699,5006991,1,M.RAHMAN
1171,RECEIVE,2026-02-09 09:11:24,500700,5007001,1,R.MENON
1172,RECEIVE,2025-04-15 08:47:49,500702,5007021,38,R.MENON
1173,RECEIVE,2026-02-16 16:18:53,500703,5007031,1,A.KHAN
1174,RECEIVE,2026-02-20 10:05:22,500703,5007032,1,A.KHAN
1175,RECEIVE,2026-03-25 08:49:53,500704,5007041,1,M.RAHMAN
1176,RECEIVE,2025-01-09 10:15:01,500705,5007051,10,A.KHAN
1177,RECEIVE,2026-08-03 09:26:07,500706,5007061,6,BUYER.JAMES
1178,RECEIVE,2026-08-04 16:08:00,500706,5007061,6,BUYER.JAMES
1179,RECEIVE,2025-06-24 09:33:44,500707,5007071,1,S.HASSAN
1180,RECEIVE,2025-07-01 09:17:16,500707,5007072,1,S.HASSAN
1181,RECEIVE,2026-05-21 09:15:11,500708,5007081,26,F.ALI
1182,RECEIVE,2025-05-12 09:41:24,500709,5007091,5,F.ALI
1183,RECEIVE,2025-05-09 09:32:36,500709,5007092,12,F.ALI
1184,RECEIVE,2025-10-06 10:48:46,500710,5007101,1,A.KHAN
1185,RECEIVE,2025-10-08 12:20:30,500710,5007102,1,A.KHAN
1186,RECEIVE,2025-10-06 17:34:26,500710,5007103,1,A.KHAN
1187,RECEIVE,2026-05-11 13:39:03,500711,5007111,1,S.HASSAN
1188,RECEIVE,2025-09-19 10:30:26,500713,5007131,1,R.MENON
1189,RECEIVE,2025-09-08 10:23:17,500713,5007132,1,R.MENON
1190,RECEIVE,2026-04-20 09:30:17,500714,5007141,1,M.RAHMAN
1191,RECEIVE,2026-04-21 09:36:27,500714,5007142,1,M.RAHMAN
1192,RECEIVE,2026-04-20 10:58:18,500714,5007143,1,M.RAHMAN
1193,RECEIVE,2026-05-07 10:50:24,500715,5007151,36,F.ALI
1194,RECEIVE,2026-05-08 17:14:46,500715,5007152,35,F.ALI
1195,RECEIVE,2025-09-25 14:48:47,500716,5007161,15,M.RAHMAN
1196,RECEIVE,2025-09-19 10:35:56,500716,5007162,26,M.RAHMAN
1197,RECEIVE,2025-09-23 09:40:03,500716,5007163,14,M.RAHMAN
1198,RECEIVE,2025-02-14 10:32:38,500717,5007171,39,BUYER.JAMES
1199,RECEIVE,2026-09-11 08:53:27,500718,5007181,1,N.SAEED
1200,RECEIVE,2026-08-25 09:35:31,500718,5007182,1,N.SAEED
1201,RECEIVE,2026-08-24 09:53:05,500718,5007183,1,N.SAEED
1202,RECEIVE,2025-05-07 15:53:17,500719,5007191,1,L.NAIR
1203,RECEIVE,2025-04-09 17:15:07,500720,5007201,7,L.NAIR
1204,RECEIVE,2025-03-17 08:32:56,500721,5007211,1,M.RAHMAN
1205,RECEIVE,2025-03-03 10:41:15,500721,5007212,1,M.RAHMAN
1206,RECEIVE,2025-03-17 17:40:42,500721,5007213,1,M.RAHMAN
1207,RECEIVE,2026-08-31 10:01:37,500722,5007221,1,F.ALI
1208,RECEIVE,2026-08-26 10:04:17,500722,5007222,1,F.ALI
1209,RECEIVE,2026-08-21 09:41:31,500722,5007223,1,F.ALI
1210,RECEIVE,2025-05-15 08:11:34,500723,5007231,15,L.NAIR
1211,RECEIVE,2025-05-20 17:29:40,500723,5007231,16,L.NAIR
1212,RECEIVE,2025-05-14 10:54:49,500723,5007232,4,L.NAIR
1213,RECEIVE,2025-05-19 09:31:31,500723,5007233,30,L.NAIR
1214,RECEIVE,2026-06-02 08:54:44,500724,5007241,1,F.ALI
1215,RECEIVE,2025-02-24 11:44:04,500725,5007251,1,M.RAHMAN
1216,RECEIVE,2024-11-04 10:35:45,500726,5007261,1,R.MENON
1217,RECEIVE,2024-10-28 08:10:54,500726,5007262,1,R.MENON
1218,RECEIVE,2024-10-28 08:08:53,500726,5007263,1,R.MENON
1219,RECEIVE,2026-03-24 11:38:38,500727,5007271,1,M.RAHMAN
1220,RECEIVE,2026-04-06 10:58:31,500727,5007272,1,M.RAHMAN
1221,RECEIVE,2026-03-30 12:49:59,500727,5007273,1,M.RAHMAN
1222,RECEIVE,2026-08-17 08:06:35,500728,5007281,17,S.HASSAN
1223,RECEIVE,2026-08-24 09:00:49,500728,5007282,31,S.HASSAN
1224,RECEIVE,2026-08-24 09:06:11,500728,5007283,9,S.HASSAN
1225,RECEIVE,2026-08-28 08:40:12,500728,5007283,10,S.HASSAN
1226,RECEIVE,2025-09-26 09:32:08,500729,5007291,14,L.NAIR
1227,RECEIVE,2025-10-06 08:18:26,500729,5007291,14,L.NAIR
1228,RECEIVE,2025-12-08 10:39:43,500730,5007301,8,L.NAIR
1229,RECEIVE,2024-11-28 08:37:25,500731,5007311,1,F.ALI
1230,RECEIVE,2024-11-18 08:50:40,500731,5007312,1,F.ALI
1231,RECEIVE,2025-01-16 13:25:17,500732,5007321,9,J.THOMAS
1232,RECEIVE,2026-02-09 16:41:46,500733,5007331,14,A.KHAN
1233,RECEIVE,2025-08-04 13:27:51,500734,5007341,2,N.SAEED
1234,RECEIVE,2026-06-04 09:20:08,500735,5007351,16,J.THOMAS
1235,RECEIVE,2026-06-01 10:46:31,500735,5007352,21,J.THOMAS
1236,RECEIVE,2026-05-28 08:54:01,500735,5007353,28,J.THOMAS
1237,RECEIVE,2024-12-03 09:01:00,500736,5007361,17,R.MENON
1238,RECEIVE,2025-04-07 09:24:01,500737,5007371,12,R.MENON
1239,RECEIVE,2025-04-14 12:43:46,500737,5007371,12,R.MENON
1240,RECEIVE,2025-04-04 17:35:52,500737,5007372,39,R.MENON
1241,RECEIVE,2026-08-21 13:18:29,500738,5007381,18,R.MENON
1242,RECEIVE,2026-07-22 09:58:57,500739,5007391,8,J.THOMAS
1243,RECEIVE,2025-03-17 10:35:15,500740,5007401,21,F.ALI
1244,RECEIVE,2025-03-17 08:47:00,500740,5007402,21,F.ALI
1245,RECEIVE,2025-03-13 09:51:27,500740,5007403,25,F.ALI
1246,RECEIVE,2025-07-31 12:09:30,500741,5007411,18,BUYER.SARA
1247,RECEIVE,2025-05-09 14:18:42,500742,5007421,1,F.ALI
1248,RECEIVE,2025-05-06 10:16:07,500742,5007422,1,F.ALI
1249,RECEIVE,2026-09-16 08:46:19,500743,5007431,16,M.RAHMAN
1250,RECEIVE,2026-07-02 09:28:33,500744,5007441,29,N.SAEED
1251,RECEIVE,2025-12-19 09:04:18,500745,5007451,14,BUYER.OMAR
1252,RECEIVE,2026-07-20 09:31:53,500746,5007461,2,BUYER.JAMES
1253,RECEIVE,2026-07-10 17:33:58,500746,5007462,3,BUYER.JAMES
1254,RECEIVE,2026-07-13 10:57:58,500746,5007463,22,BUYER.JAMES
1255,RECEIVE,2025-01-07 10:01:07,500747,5007471,32,S.HASSAN
1256,RECEIVE,2025-07-29 08:57:52,500748,5007481,1,M.RAHMAN
1257,RECEIVE,2026-05-27 09:51:35,500749,5007491,1,M.RAHMAN
1258,RECEIVE,2026-06-01 09:37:44,500749,5007492,1,M.RAHMAN
1259,RECEIVE,2026-05-11 08:08:15,500750,5007501,1,S.HASSAN
1260,RECEIVE,2026-01-13 08:40:31,500751,5007511,35,A.KHAN
1261,RECEIVE,2026-01-12 08:03:53,500751,5007512,19,A.KHAN
1262,RECEIVE,2026-01-12 10:36:11,500751,5007513,2,A.KHAN
1263,RECEIVE,2026-01-19 08:43:11,500751,5007513,2,A.KHAN
1264,RECEIVE,2024-10-21 10:17:21,500752,5007521,29,BUYER.OMAR
1265,RECEIVE,2024-10-21 17:53:39,500752,5007522,21,BUYER.OMAR
1266,RECEIVE,2025-11-17 10:44:36,500753,5007531,1,R.MENON
1267,RECEIVE,2025-11-17 10:20:18,500753,5007532,1,R.MENON
1268,RECEIVE,2025-03-31 12:13:50,500754,5007541,38,A.KHAN
1269,RECEIVE,2025-04-01 09:27:02,500754,5007542,27,A.KHAN
1270,RECEIVE,2025-07-21 08:43:28,500755,5007551,34,N.SAEED
1271,RECEIVE,2025-11-13 10:31:58,500756,5007561,34,J.THOMAS
1272,RECEIVE,2024-12-02 10:30:31,500757,5007571,29,BUYER.SARA
1273,RECEIVE,2025-05-26 15:49:23,500758,5007581,21,N.SAEED
1274,RECEIVE,2025-05-26 11:21:32,500758,5007582,22,N.SAEED
1275,RECEIVE,2026-01-20 13:13:28,500759,5007591,24,BUYER.PRIYA
1276,RECEIVE,2025-10-24 14:43:37,500760,5007601,7,A.KHAN
1277,RECEIVE,2025-05-12 08:28:20,500761,5007611,10,M.RAHMAN
1278,RECEIVE,2025-05-15 08:22:58,500761,5007611,11,M.RAHMAN
1279,RECEIVE,2026-09-16 17:28:37,500762,5007621,1,R.MENON
1280,RECEIVE,2026-09-08 16:42:19,500762,5007622,1,R.MENON
1281,RECEIVE,2026-09-07 10:36:30,500762,5007623,1,R.MENON
1282,RECEIVE,2025-12-22 09:09:17,500763,5007631,16,A.KHAN
1283,RECEIVE,2025-02-20 10:43:59,500764,5007641,1,A.KHAN
1284,RECEIVE,2026-01-16 10:42:42,500765,5007651,24,A.KHAN
1285,RECEIVE,2026-01-21 10:08:30,500765,5007652,15,A.KHAN
1286,RECEIVE,2026-01-15 08:55:02,500765,5007653,14,A.KHAN
1287,RECEIVE,2026-02-18 09:42:18,500766,5007661,1,F.ALI
1288,RECEIVE,2026-02-10 10:59:08,500766,5007662,1,F.ALI
1289,RECEIVE,2026-05-07 17:07:12,500767,5007671,1,S.HASSAN
1290,RECEIVE,2024-11-06 10:12:07,500768,5007681,1,S.HASSAN
1291,RECEIVE,2024-11-01 09:26:41,500768,5007682,1,S.HASSAN
1292,RECEIVE,2024-11-05 10:57:13,500768,5007683,1,S.HASSAN
1293,RECEIVE,2026-05-06 08:17:00,500769,5007691,1,BUYER.SARA
1294,RECEIVE,2026-04-21 10:11:36,500769,5007692,1,BUYER.SARA
1295,RECEIVE,2025-01-01 08:39:18,500770,5007701,8,S.HASSAN
1296,RECEIVE,2024-12-23 10:38:31,500770,5007702,20,S.HASSAN
1297,RECEIVE,2024-12-31 11:23:13,500770,5007702,20,S.HASSAN
1298,RECEIVE,2026-02-17 10:19:47,500772,5007721,1,A.KHAN
1299,RECEIVE,2026-02-17 12:43:49,500772,5007722,1,A.KHAN
1300,RECEIVE,2025-11-04 09:10:43,500773,5007731,24,J.THOMAS
1301,RECEIVE,2025-11-03 08:21:48,500773,5007732,7,J.THOMAS
1302,RECEIVE,2025-06-23 10:34:33,500774,5007741,29,F.ALI
1303,RECEIVE,2025-06-26 11:32:27,500774,5007742,28,F.ALI
1304,RECEIVE,2025-06-23 09:40:24,500774,5007743,11,F.ALI
1305,RECEIVE,2025-07-15 08:34:51,500775,5007751,22,L.NAIR
1306,RECEIVE,2025-07-18 16:56:24,500775,5007752,24,L.NAIR
1307,RECEIVE,2025-07-16 10:33:07,500775,5007753,32,L.NAIR
1308,RECEIVE,2025-03-17 09:13:33,500776,5007761,21,S.HASSAN
1309,RECEIVE,2025-03-11 10:08:34,500776,5007762,19,S.HASSAN
1310,RECEIVE,2025-03-17 09:44:36,500776,5007762,19,S.HASSAN
1311,RECEIVE,2025-03-12 12:54:57,500776,5007763,20,S.HASSAN
1312,RECEIVE,2026-03-02 09:07:37,500777,5007771,1,F.ALI
1313,RECEIVE,2025-02-07 10:02:40,500778,5007781,1,R.MENON
1314,RECEIVE,2025-01-03 09:06:49,500779,5007791,1,L.NAIR
1315,RECEIVE,2025-01-09 09:23:04,500779,5007792,1,L.NAIR
1316,RECEIVE,2025-01-06 09:33:28,500779,5007793,1,L.NAIR
1317,RECEIVE,2024-12-19 14:28:18,500780,5007801,39,N.SAEED
1318,RECEIVE,2024-12-19 08:46:26,500780,5007802,14,N.SAEED
1319,RECEIVE,2025-05-26 10:16:54,500781,5007811,1,R.MENON
1320,RECEIVE,2025-08-21 08:01:37,500782,5007821,32,J.THOMAS
1321,RECEIVE,2025-07-21 08:00:00,500783,5007831,1,F.ALI
1322,RECEIVE,2026-06-18 09:37:04,500784,5007841,1,BUYER.SARA
1323,RECEIVE,2026-06-17 08:37:29,500784,5007842,1,BUYER.SARA
1324,RECEIVE,2026-06-17 12:39:49,500784,5007843,1,BUYER.SARA
1325,RECEIVE,2025-12-15 14:06:31,500785,5007851,24,N.SAEED
1326,RECEIVE,2025-12-12 13:02:27,500785,5007852,28,N.SAEED
1327,RECEIVE,2025-03-03 10:34:06,500786,5007861,1,N.SAEED
1328,RECEIVE,2025-02-24 16:30:19,500786,5007862,1,N.SAEED
1329,RECEIVE,2026-02-09 10:33:16,500787,5007871,1,S.HASSAN
1330,RECEIVE,2026-02-16 09:18:36,500787,5007872,1,S.HASSAN
1331,RECEIVE,2026-02-16 08:46:36,500787,5007873,1,S.HASSAN
1332,RECEIVE,2025-05-27 15:40:05,500789,5007891,30,A.KHAN
1333,RECEIVE,2025-05-28 10:33:22,500789,5007892,5,A.KHAN
1334,RECEIVE,2025-06-02 11:41:44,500789,5007892,5,A.KHAN
1335,RECEIVE,2024-11-18 10:27:33,500790,5007901,11,A.KHAN
1336,RECEIVE,2025-03-18 09:02:43,500791,5007911,1,F.ALI
1337,RECEIVE,2025-03-19 09:00:18,500791,5007912,1,F.ALI
1338,RECEIVE,2025-03-18 16:48:44,500792,5007921,29,A.KHAN
1339,RECEIVE,2025-03-21 09:11:03,500792,5007922,14,A.KHAN
1340,RECEIVE,2025-03-18 09:23:04,500792,5007923,38,A.KHAN
1341,RECEIVE,2026-01-30 09:53:17,500793,5007931,1,BUYER.SARA
1342,RECEIVE,2026-05-05 13:43:14,500795,5007951,1,BUYER.SARA
1343,RECEIVE,2026-05-04 13:01:20,500795,5007952,1,BUYER.SARA
1344,RECEIVE,2025-02-13 09:07:57,500797,5007971,1,A.KHAN
1345,RECEIVE,2025-02-06 09:34:42,500798,5007981,30,BUYER.JAMES
1346,RECEIVE,2024-12-12 09:23:49,500799,5007991,20,N.SAEED
1347,RECEIVE,2024-12-16 08:49:28,500799,5007992,26,N.SAEED
1348,RECEIVE,2025-02-05 08:50:48,500800,5008001,17,BUYER.OMAR
1349,RECEIVE,2025-03-10 08:13:53,500801,5008011,37,A.KHAN
1350,RECEIVE,2025-01-03 11:59:01,500802,5008021,33,A.KHAN
1351,RECEIVE,2025-05-02 10:10:44,500803,5008031,25,BUYER.JAMES
1352,RECEIVE,2025-05-02 10:23:44,500803,5008032,39,BUYER.JAMES
1353,RECEIVE,2024-12-09 10:44:09,500804,5008041,1,L.NAIR
1354,RECEIVE,2026-05-14 10:50:05,500805,5008051,1,BUYER.OMAR
1355,RECEIVE,2026-01-06 10:58:03,500806,5008061,1,N.SAEED
1356,RECEIVE,2026-01-09 09:10:51,500806,5008062,1,N.SAEED
1357,RECEIVE,2025-09-03 10:21:12,500807,5008071,26,L.NAIR
1358,RECEIVE,2026-08-17 09:54:49,500808,5008081,38,J.THOMAS
1359,RECEIVE,2026-08-24 08:12:34,500808,5008082,14,J.THOMAS
1360,RECEIVE,2026-04-13 11:42:45,500809,5008091,16,N.SAEED
1361,RECEIVE,2026-04-14 09:34:53,500809,5008091,17,N.SAEED
1362,RECEIVE,2026-04-14 09:26:56,500809,5008092,6,N.SAEED
1363,RECEIVE,2025-07-24 10:09:21,500810,5008101,1,J.THOMAS
1364,RECEIVE,2025-07-24 10:38:17,500810,5008102,1,J.THOMAS
1365,RECEIVE,2025-07-23 08:51:21,500810,5008103,1,J.THOMAS
1366,RECEIVE,2025-06-23 17:00:59,500811,5008111,37,J.THOMAS
1367,RECEIVE,2025-08-19 08:19:04,500812,5008121,23,BUYER.OMAR
1368,RECEIVE,2025-08-20 14:49:36,500812,5008122,10,BUYER.OMAR
1369,RECEIVE,2025-04-23 08:19:25,500813,5008131,1,A.KHAN
1370,RECEIVE,2025-04-14 09:19:12,500813,5008132,1,A.KHAN
1371,RECEIVE,2025-01-16 10:02:59,500814,5008141,1,M.RAHMAN
1372,RECEIVE,2026-02-03 08:13:31,500815,5008151,1,S.HASSAN
1373,RECEIVE,2026-02-02 14:05:50,500815,5008152,1,S.HASSAN
1374,RECEIVE,2026-01-30 17:56:21,500815,5008153,1,S.HASSAN
1375,RECEIVE,2026-01-12 16:38:57,500816,5008161,25,M.RAHMAN
1376,RECEIVE,2026-01-12 08:44:46,500816,5008162,38,M.RAHMAN
1377,RECEIVE,2024-12-09 09:22:42,500817,5008171,17,BUYER.PRIYA
1378,RECEIVE,2025-12-24 15:23:44,500818,5008181,10,BUYER.SARA
1379,RECEIVE,2026-08-26 09:35:23,500819,5008191,30,S.HASSAN
1380,RECEIVE,2025-09-22 10:24:46,500820,5008201,1,M.RAHMAN
1381,RECEIVE,2025-08-04 10:26:17,500822,5008221,29,A.KHAN
1382,RECEIVE,2025-08-01 10:28:05,500822,5008222,17,A.KHAN
1383,RECEIVE,2025-08-28 08:18:18,500823,5008231,1,L.NAIR
1384,RECEIVE,2025-08-25 08:58:01,500823,5008232,1,L.NAIR
1385,RECEIVE,2025-07-08 11:06:41,500824,5008241,5,J.THOMAS
1386,RECEIVE,2026-07-10 08:22:26,500825,5008251,16,BUYER.OMAR
1387,RECEIVE,2026-07-15 10:14:04,500825,5008252,31,BUYER.OMAR
1388,RECEIVE,2026-07-09 08:04:27,500825,5008253,11,BUYER.OMAR
1389,RECEIVE,2025-12-08 08:03:07,500826,5008261,1,S.HASSAN
1390,RECEIVE,2025-12-09 17:48:43,500826,5008262,1,S.HASSAN
1391,RECEIVE,2025-12-15 09:54:44,500826,5008263,1,S.HASSAN
1392,RECEIVE,2025-11-10 16:54:01,500827,5008271,10,L.NAIR
1393,RECEIVE,2026-07-20 09:55:39,500828,5008281,19,N.SAEED
1394,RECEIVE,2026-07-20 10:19:01,500828,5008282,35,N.SAEED
1395,RECEIVE,2025-12-04 08:57:07,500829,5008291,1,BUYER.OMAR
1396,RECEIVE,2025-12-08 09:25:56,500830,5008301,1,S.HASSAN
1397,RECEIVE,2025-06-09 08:27:31,500831,5008311,9,A.KHAN
1398,RECEIVE,2025-06-06 09:48:14,500831,5008312,1,A.KHAN
1399,RECEIVE,2026-03-11 09:55:32,500832,5008321,1,F.ALI
1400,RECEIVE,2024-10-28 15:13:49,500833,5008331,31,S.HASSAN
1401,RECEIVE,2024-10-28 08:49:47,500833,5008332,38,S.HASSAN
1402,RECEIVE,2025-01-20 16:15:56,500834,5008341,1,R.MENON
1403,RECEIVE,2025-01-14 15:50:55,500834,5008342,1,R.MENON
1404,RECEIVE,2026-08-19 10:27:37,500835,5008351,5,M.RAHMAN
1405,RECEIVE,2026-08-28 10:37:10,500835,5008352,38,M.RAHMAN
1406,RECEIVE,2025-10-09 08:37:34,500836,5008361,1,F.ALI
1407,RECEIVE,2025-03-31 09:39:41,500837,5008371,1,F.ALI
1408,RECEIVE,2025-07-04 09:21:12,500838,5008381,1,S.HASSAN
1409,RECEIVE,2025-11-14 09:04:22,500839,5008391,35,BUYER.OMAR
1410,RECEIVE,2026-05-07 08:31:35,500840,5008401,16,BUYER.PRIYA
1411,RECEIVE,2026-04-21 09:58:31,500841,5008411,1,A.KHAN
1412,RECEIVE,2025-09-12 13:22:30,500842,5008421,7,J.THOMAS
1413,RECEIVE,2025-09-15 09:55:42,500842,5008421,8,J.THOMAS
1414,RECEIVE,2025-03-25 10:51:37,500843,5008431,20,A.KHAN
1415,RECEIVE,2025-03-26 15:06:13,500843,5008432,22,A.KHAN
1416,RECEIVE,2025-04-22 11:29:25,500844,5008441,1,M.RAHMAN
1417,RECEIVE,2025-04-09 09:13:59,500844,5008442,1,M.RAHMAN
1418,RECEIVE,2026-02-18 09:53:10,500845,5008451,1,N.SAEED
1419,RECEIVE,2026-02-16 10:51:43,500845,5008452,1,N.SAEED
1420,RECEIVE,2026-01-29 08:04:31,500846,5008461,23,R.MENON
1421,RECEIVE,2025-12-26 16:00:57,500847,5008471,9,A.KHAN
1422,RECEIVE,2024-12-09 10:40:46,500848,5008481,1,A.KHAN
1423,RECEIVE,2026-09-28 08:13:18,500849,5008491,1,J.THOMAS
1424,RECEIVE,2026-09-21 09:20:42,500849,5008492,1,J.THOMAS
1425,RECEIVE,2026-09-21 09:56:59,500849,5008493,1,J.THOMAS
1426,RECEIVE,2026-04-09 08:01:31,500850,5008501,39,F.ALI
1427,RECEIVE,2026-04-07 16:57:32,500850,5008502,37,F.ALI
1428,RECEIVE,2025-11-07 09:27:26,500851,5008511,1,L.NAIR
1430,RECEIVE,2026-09-22 10:31:22,500853,5008532,1,F.ALI
1431,RECEIVE,2026-09-28 10:21:01,500853,5008532,1,F.ALI
1432,RECEIVE,2026-05-29 16:03:45,500854,5008541,1,F.ALI
1433,RECEIVE,2026-05-21 15:57:21,500854,5008542,1,F.ALI
1434,RECEIVE,2025-09-03 13:04:18,500855,5008551,1,BUYER.PRIYA
1435,RECEIVE,2026-02-23 09:24:57,500856,5008561,1,A.KHAN
1436,RECEIVE,2025-03-06 13:56:33,500857,5008571,2,F.ALI
1437,RECEIVE,2025-03-17 10:48:46,500857,5008571,2,F.ALI
1438,RECEIVE,2025-03-06 14:58:06,500857,5008572,2,F.ALI
1439,RECEIVE,2025-03-13 09:28:23,500857,5008572,3,F.ALI
1440,RECEIVE,2025-05-26 09:09:33,500858,5008581,11,A.KHAN
1441,RECEIVE,2025-06-03 10:36:43,500858,5008581,11,A.KHAN
1442,RECEIVE,2026-08-03 17:00:31,500859,5008591,2,R.MENON
1443,RECEIVE,2026-07-30 08:39:01,500859,5008592,24,R.MENON
1444,RECEIVE,2026-09-09 10:15:25,500860,5008601,15,F.ALI
1445,RECEIVE,2026-09-11 10:57:29,500860,5008601,16,F.ALI
1446,RECEIVE,2026-03-09 09:38:11,500861,5008611,1,A.KHAN
1447,RECEIVE,2026-03-09 09:34:46,500861,5008612,1,A.KHAN
1448,RECEIVE,2024-12-23 09:37:55,500862,5008621,1,R.MENON
1449,RECEIVE,2024-12-23 10:40:20,500862,5008622,1,R.MENON
1450,RECEIVE,2026-03-30 10:53:30,500863,5008631,20,N.SAEED
1451,RECEIVE,2025-07-30 08:02:04,500864,5008641,11,BUYER.PRIYA
1452,RECEIVE,2025-07-29 14:05:36,500864,5008642,37,BUYER.PRIYA
1453,RECEIVE,2025-03-06 12:52:36,500865,5008651,7,L.NAIR
1454,RECEIVE,2025-01-22 09:42:52,500866,5008661,25,F.ALI
1455,RECEIVE,2025-01-02 08:49:12,500867,5008671,1,F.ALI
1456,RECEIVE,2025-01-15 15:22:11,500867,5008672,1,F.ALI
1457,RECEIVE,2024-10-30 10:20:38,500868,5008681,32,BUYER.OMAR
1458,RECEIVE,2024-10-29 10:22:49,500868,5008682,1,BUYER.OMAR
1459,RECEIVE,2024-10-30 09:46:09,500868,5008683,27,BUYER.OMAR
1460,RECEIVE,2025-07-21 10:25:27,500869,5008691,4,A.KHAN
1461,RECEIVE,2025-07-23 08:27:33,500869,5008692,20,A.KHAN
1462,RECEIVE,2025-07-28 09:53:30,500869,5008692,20,A.KHAN
1463,RECEIVE,2025-01-06 09:39:04,500870,5008701,13,BUYER.JAMES
1464,RECEIVE,2026-09-07 08:02:45,500871,5008711,1,M.RAHMAN
1465,RECEIVE,2026-09-14 09:44:23,500871,5008712,1,M.RAHMAN
1466,RECEIVE,2025-09-01 10:26:01,500872,5008721,1,N.SAEED
1467,RECEIVE,2025-09-04 08:48:43,500872,5008722,1,N.SAEED
1468,RECEIVE,2025-09-04 08:27:37,500872,5008723,1,N.SAEED
1469,RECEIVE,2024-12-30 09:35:56,500873,5008731,1,R.MENON
1470,RECEIVE,2024-12-30 17:18:30,500873,5008732,1,R.MENON
1471,RECEIVE,2026-05-21 10:34:55,500874,5008741,1,S.HASSAN
1472,RECEIVE,2026-05-28 08:55:58,500874,5008742,1,S.HASSAN
1473,RECEIVE,2026-05-26 09:26:48,500874,5008743,1,S.HASSAN
1474,RECEIVE,2025-04-30 08:03:42,500876,5008761,1,J.THOMAS
1475,RECEIVE,2026-05-06 09:20:54,500877,5008771,7,M.RAHMAN
1476,RECEIVE,2026-05-12 10:01:59,500877,5008771,8,M.RAHMAN
1477,RECEIVE,2025-11-18 10:40:58,500878,5008781,13,J.THOMAS
1478,RECEIVE,2025-12-01 09:07:45,500878,5008781,14,J.THOMAS
1479,RECEIVE,2025-11-17 08:40:55,500878,5008782,37,J.THOMAS
1480,RECEIVE,2025-11-13 10:01:13,500878,5008783,14,J.THOMAS
1481,RECEIVE,2026-02-18 10:16:23,500879,5008791,1,F.ALI
1482,RECEIVE,2026-02-10 08:34:54,500879,5008792,1,F.ALI
1483,RECEIVE,2026-02-12 09:00:22,500879,5008793,1,F.ALI
1484,RECEIVE,2026-09-11 08:23:48,500880,5008801,15,S.HASSAN
1485,RECEIVE,2026-09-22 09:00:59,500880,5008801,16,S.HASSAN
1486,RECEIVE,2026-09-11 09:29:04,500880,5008802,14,S.HASSAN
1487,RECEIVE,2026-09-14 14:34:35,500880,5008803,12,S.HASSAN
1488,RECEIVE,2026-05-14 13:07:49,500881,5008811,1,BUYER.PRIYA
1489,RECEIVE,2025-07-28 08:22:27,500882,5008821,40,BUYER.OMAR
1490,RECEIVE,2025-07-28 09:31:08,500882,5008822,26,BUYER.OMAR
1491,RECEIVE,2026-04-23 08:46:06,500884,5008841,1,A.KHAN
1492,RECEIVE,2025-06-02 14:43:40,500885,5008851,10,R.MENON
1493,RECEIVE,2025-06-12 09:38:39,500885,5008852,31,R.MENON
1494,RECEIVE,2026-06-12 10:39:33,500886,5008861,1,N.SAEED
1495,RECEIVE,2026-06-19 09:38:56,500886,5008862,1,N.SAEED
1496,RECEIVE,2026-09-01 08:14:14,500887,5008871,1,F.ALI
1497,RECEIVE,2026-09-07 10:59:05,500887,5008872,1,F.ALI
1498,RECEIVE,2026-05-25 14:13:55,500888,5008881,5,M.RAHMAN
1499,RECEIVE,2026-06-10 09:36:56,500888,5008881,5,M.RAHMAN
1500,RECEIVE,2026-05-20 10:05:58,500888,5008882,4,M.RAHMAN
1501,RECEIVE,2026-05-20 10:09:08,500888,5008883,34,M.RAHMAN
1502,RECEIVE,2026-07-02 09:37:58,500889,5008891,12,S.HASSAN
1503,RECEIVE,2026-07-06 17:02:08,500889,5008891,13,S.HASSAN
1504,RECEIVE,2026-06-30 12:17:42,500889,5008892,22,S.HASSAN
1505,RECEIVE,2026-07-02 16:56:33,500889,5008893,14,S.HASSAN
1506,RECEIVE,2025-03-31 09:58:24,500890,5008901,1,R.MENON
1507,RECEIVE,2025-03-31 08:38:26,500890,5008902,1,R.MENON
1508,RECEIVE,2025-04-03 09:03:40,500890,5008903,1,R.MENON
1509,RECEIVE,2026-04-14 10:05:11,500891,5008911,1,F.ALI
1510,RECEIVE,2026-04-23 09:08:13,500891,5008912,1,F.ALI
1511,RECEIVE,2026-04-20 11:43:20,500891,5008913,1,F.ALI
1512,RECEIVE,2026-05-01 08:36:29,500892,5008921,1,BUYER.JAMES
1513,RECEIVE,2026-05-11 08:17:38,500892,5008922,1,BUYER.JAMES
1514,RECEIVE,2024-11-04 08:34:56,500894,5008941,1,A.KHAN
1515,RECEIVE,2024-11-18 11:36:12,500895,5008951,1,L.NAIR
1516,RECEIVE,2025-12-23 10:29:55,500896,5008961,28,N.SAEED
1517,RECEIVE,2025-12-24 09:53:50,500896,5008962,10,N.SAEED
1518,RECEIVE,2025-01-17 08:48:43,500897,5008971,1,S.HASSAN
1519,RECEIVE,2025-01-22 08:34:27,500897,5008972,1,S.HASSAN
1520,RECEIVE,2025-02-03 09:20:44,500898,5008981,1,F.ALI
1521,RECEIVE,2025-11-10 15:30:15,500899,5008991,30,M.RAHMAN
1522,RECEIVE,2026-04-24 08:58:36,500900,5009001,1,BUYER.PRIYA
1523,RECEIVE,2026-04-20 17:30:57,500900,5009002,1,BUYER.PRIYA
1524,RECEIVE,2026-04-17 08:04:06,500900,5009003,1,BUYER.PRIYA
1525,RECEIVE,2026-01-06 09:58:40,500901,5009011,30,A.KHAN
1526,RECEIVE,2026-03-03 13:40:06,500902,5009021,3,BUYER.JAMES
1527,RECEIVE,2026-04-16 08:49:20,500903,5009031,1,A.KHAN
1528,RECEIVE,2026-04-27 10:48:52,500903,5009032,1,A.KHAN
1529,RECEIVE,2024-12-30 10:38:10,500904,5009041,30,N.SAEED
1530,RECEIVE,2025-01-02 08:03:50,500904,5009042,1,N.SAEED
1531,RECEIVE,2024-12-30 09:18:01,500904,5009043,20,N.SAEED
1532,RECEIVE,2025-01-13 10:11:30,500905,5009051,1,J.THOMAS
1533,RECEIVE,2024-12-18 09:16:35,500905,5009052,1,J.THOMAS
1534,RECEIVE,2024-12-16 13:21:33,500905,5009053,1,J.THOMAS
1535,RECEIVE,2025-04-25 11:36:44,500906,5009061,1,BUYER.SARA
1536,RECEIVE,2025-04-28 09:59:15,500906,5009062,1,BUYER.SARA
1537,RECEIVE,2025-07-03 09:18:15,500907,5009071,13,J.THOMAS
1538,RECEIVE,2025-07-04 09:19:37,500907,5009072,12,J.THOMAS
1539,RECEIVE,2025-12-29 10:25:58,500908,5009081,1,R.MENON
1540,RECEIVE,2025-12-22 09:18:33,500908,5009082,1,R.MENON
1541,RECEIVE,2025-12-15 12:22:43,500908,5009083,1,R.MENON
1542,RECEIVE,2026-04-03 09:07:42,500909,5009091,27,N.SAEED
1543,RECEIVE,2026-04-02 10:52:47,500909,5009092,15,N.SAEED
1544,RECEIVE,2026-05-27 09:00:56,500910,5009101,1,N.SAEED
1545,RECEIVE,2025-12-15 08:31:16,500911,5009111,36,J.THOMAS
1546,RECEIVE,2025-12-12 09:12:47,500911,5009112,14,J.THOMAS
1547,RECEIVE,2026-07-06 10:28:57,500912,5009121,1,M.RAHMAN
1548,RECEIVE,2025-10-10 09:44:15,500913,5009131,1,BUYER.OMAR
1549,RECEIVE,2025-10-20 09:18:20,500913,5009132,1,BUYER.OMAR
1550,RECEIVE,2025-01-13 17:11:48,500914,5009141,30,N.SAEED
1551,RECEIVE,2025-08-18 15:34:36,500915,5009151,13,A.KHAN
1552,RECEIVE,2025-08-22 10:03:36,500915,5009151,13,A.KHAN
1553,RECEIVE,2026-09-25 09:25:19,500916,5009161,17,J.THOMAS
1556,RECEIVE,2026-01-07 08:57:23,500917,5009171,1,R.MENON
1557,RECEIVE,2025-09-19 10:12:40,500918,5009181,40,BUYER.SARA
1558,RECEIVE,2025-09-23 08:31:44,500918,5009182,21,BUYER.SARA
1559,RECEIVE,2025-09-29 10:00:29,500918,5009183,13,BUYER.SARA
1560,RECEIVE,2025-10-02 09:49:13,500918,5009183,13,BUYER.SARA
1561,RECEIVE,2026-03-09 14:17:43,500919,5009191,39,R.MENON
1562,RECEIVE,2026-03-09 13:35:04,500919,5009192,12,R.MENON
1563,RECEIVE,2026-09-21 11:54:35,500920,5009201,1,R.MENON
1564,RECEIVE,2026-09-21 10:12:24,500920,5009202,1,R.MENON
1565,RECEIVE,2026-09-23 09:35:41,500920,5009203,1,R.MENON
1566,RECEIVE,2026-05-19 10:22:55,500921,5009211,1,R.MENON
1567,RECEIVE,2026-05-15 09:51:19,500921,5009212,1,R.MENON
1568,RECEIVE,2026-02-02 09:39:53,500922,5009221,32,J.THOMAS
1569,RECEIVE,2025-04-25 10:03:01,500923,5009231,1,BUYER.JAMES
1570,RECEIVE,2025-02-06 08:59:04,500924,5009241,1,BUYER.SARA
1571,RECEIVE,2025-06-12 08:26:21,500925,5009251,1,A.KHAN
1572,RECEIVE,2025-05-26 09:18:13,500925,5009252,1,A.KHAN
1573,RECEIVE,2025-05-23 16:45:56,500925,5009253,1,A.KHAN
1574,RECEIVE,2026-08-07 09:03:55,500926,5009261,37,BUYER.JAMES
1575,RECEIVE,2026-08-07 10:17:27,500926,5009262,33,BUYER.JAMES
1576,RECEIVE,2025-08-04 08:22:46,500927,5009271,1,BUYER.PRIYA
1577,RECEIVE,2025-08-01 17:06:47,500927,5009272,1,BUYER.PRIYA
1578,RECEIVE,2024-12-30 08:54:06,500928,5009281,1,M.RAHMAN
1579,RECEIVE,2024-12-23 13:28:16,500928,5009282,1,M.RAHMAN
1580,RECEIVE,2024-12-30 08:13:25,500928,5009283,1,M.RAHMAN
1581,RECEIVE,2026-08-07 08:18:44,500929,5009291,3,F.ALI
1582,RECEIVE,2026-08-03 13:12:51,500929,5009292,24,F.ALI
1583,RECEIVE,2026-08-03 08:02:57,500929,5009293,18,F.ALI
1584,RECEIVE,2026-08-18 16:08:38,500929,5009293,19,F.ALI
1585,RECEIVE,2025-04-28 10:00:50,500930,5009301,1,L.NAIR
1586,RECEIVE,2025-05-06 08:22:18,500930,5009302,1,L.NAIR
1587,RECEIVE,2026-02-23 14:00:21,500931,5009311,25,F.ALI
1588,RECEIVE,2026-06-08 08:12:23,500932,5009321,1,N.SAEED
1589,RECEIVE,2026-06-15 10:17:13,500932,5009322,1,N.SAEED
1590,RECEIVE,2026-03-02 10:58:07,500934,5009341,1,R.MENON
1591,RECEIVE,2026-01-12 10:48:13,500935,5009351,1,BUYER.PRIYA
1592,RECEIVE,2026-01-12 09:56:01,500935,5009352,1,BUYER.PRIYA
1593,RECEIVE,2026-01-05 09:47:58,500936,5009361,1,F.ALI
1594,RECEIVE,2025-03-17 08:22:36,500937,5009371,24,F.ALI
1595,RECEIVE,2025-01-06 16:05:23,500938,5009381,1,BUYER.JAMES
1596,RECEIVE,2026-05-25 16:29:20,500939,5009391,1,F.ALI
1597,RECEIVE,2026-05-21 10:34:50,500939,5009392,1,F.ALI
1598,RECEIVE,2026-05-18 08:42:13,500941,5009411,1,N.SAEED
1599,RECEIVE,2025-02-17 11:35:01,500942,5009421,1,M.RAHMAN
1600,RECEIVE,2026-03-12 10:41:33,500943,5009431,14,BUYER.PRIYA
1601,RECEIVE,2026-01-12 10:23:03,500944,5009441,1,S.HASSAN
1602,RECEIVE,2026-01-05 16:37:06,500944,5009442,1,S.HASSAN
1603,RECEIVE,2025-12-31 13:17:56,500944,5009443,1,S.HASSAN
1604,RECEIVE,2025-03-14 10:20:55,500945,5009451,24,A.KHAN
1605,RECEIVE,2026-08-24 16:22:46,500946,5009461,25,M.RAHMAN
1606,RECEIVE,2026-01-06 10:15:45,500947,5009471,10,M.RAHMAN
1607,RECEIVE,2026-01-19 08:26:26,500947,5009471,10,M.RAHMAN
1608,RECEIVE,2024-10-28 17:25:50,500948,5009481,1,F.ALI
1609,RECEIVE,2026-02-05 15:23:14,500950,5009501,1,R.MENON
1610,RECEIVE,2026-06-22 08:20:47,500951,5009511,1,J.THOMAS
1611,RECEIVE,2026-06-24 08:26:17,500951,5009512,1,J.THOMAS
1612,RECEIVE,2026-06-22 10:27:05,500951,5009513,1,J.THOMAS
1613,RECEIVE,2025-10-27 10:11:44,500952,5009521,22,L.NAIR
1614,RECEIVE,2025-10-24 16:40:53,500952,5009522,7,L.NAIR
1615,RECEIVE,2025-11-19 08:37:45,500953,5009531,1,J.THOMAS
1616,RECEIVE,2025-12-01 09:00:02,500954,5009541,18,R.MENON
1617,RECEIVE,2025-12-11 09:47:47,500954,5009542,20,R.MENON
1618,RECEIVE,2026-04-23 10:12:55,500955,5009551,4,N.SAEED
1619,RECEIVE,2026-04-27 10:51:29,500955,5009552,20,N.SAEED
1620,RECEIVE,2026-04-06 09:22:10,500956,5009561,33,S.HASSAN
1621,RECEIVE,2025-01-21 09:20:36,500957,5009571,21,N.SAEED
1622,RECEIVE,2026-06-29 08:13:48,500959,5009591,25,J.THOMAS
1623,RECEIVE,2026-06-22 08:03:52,500959,5009592,38,J.THOMAS
1624,RECEIVE,2026-07-22 14:19:53,500960,5009601,7,A.KHAN
1625,RECEIVE,2026-07-31 09:24:55,500960,5009602,13,A.KHAN
1626,RECEIVE,2025-09-10 09:27:51,500961,5009611,1,J.THOMAS
1627,RECEIVE,2025-09-22 10:47:14,500961,5009612,1,J.THOMAS
1628,RECEIVE,2025-06-24 08:55:59,500962,5009621,1,M.RAHMAN
1629,RECEIVE,2026-07-16 08:34:01,500963,5009631,1,M.RAHMAN
1630,RECEIVE,2026-07-02 08:12:45,500964,5009641,4,S.HASSAN
1631,RECEIVE,2026-07-13 10:50:09,500964,5009641,5,S.HASSAN
1632,RECEIVE,2026-07-03 14:58:46,500964,5009642,12,S.HASSAN
1633,RECEIVE,2026-08-20 12:15:34,500965,5009651,1,S.HASSAN
1634,RECEIVE,2025-10-16 08:49:08,500966,5009661,1,BUYER.OMAR
1635,RECEIVE,2024-12-09 10:09:39,500967,5009671,1,J.THOMAS
1636,RECEIVE,2025-10-01 14:45:37,500968,5009681,1,BUYER.JAMES
1637,RECEIVE,2025-10-08 08:24:14,500968,5009682,1,BUYER.JAMES
1638,RECEIVE,2026-02-27 10:09:05,500969,5009691,13,BUYER.SARA
1639,RECEIVE,2025-01-31 11:09:38,500970,5009701,18,M.RAHMAN
1640,RECEIVE,2025-01-31 10:15:20,500970,5009702,16,M.RAHMAN
1641,RECEIVE,2024-11-04 10:16:43,500971,5009711,12,S.HASSAN
1642,RECEIVE,2024-10-30 08:01:53,500971,5009712,6,S.HASSAN
1643,RECEIVE,2024-11-11 09:16:41,500971,5009712,7,S.HASSAN
1644,RECEIVE,2025-06-17 10:01:30,500972,5009721,1,N.SAEED
1645,RECEIVE,2025-07-22 09:42:44,500973,5009731,1,J.THOMAS
1646,RECEIVE,2025-07-21 09:56:39,500973,5009732,1,J.THOMAS
1647,RECEIVE,2025-08-20 10:06:11,500974,5009741,28,M.RAHMAN
1648,RECEIVE,2025-08-18 15:40:25,500974,5009742,20,M.RAHMAN
1649,RECEIVE,2024-10-21 10:58:37,500975,5009751,1,BUYER.JAMES
1650,RECEIVE,2024-10-21 13:10:36,500975,5009752,1,BUYER.JAMES
1651,RECEIVE,2025-08-28 16:25:49,500976,5009761,1,BUYER.OMAR
1652,RECEIVE,2025-04-14 12:34:13,500977,5009771,5,N.SAEED
1653,RECEIVE,2025-04-21 15:23:27,500977,5009772,30,N.SAEED
1654,RECEIVE,2025-04-14 10:40:24,500977,5009773,10,N.SAEED
1655,RECEIVE,2026-03-24 10:57:39,500978,5009781,25,F.ALI
1656,RECEIVE,2026-03-23 10:47:42,500978,5009782,19,F.ALI
1657,RECEIVE,2026-04-08 17:30:20,500979,5009791,23,S.HASSAN
1658,RECEIVE,2026-04-07 14:01:50,500979,5009792,32,S.HASSAN
1659,RECEIVE,2025-01-30 15:32:25,500980,5009801,1,BUYER.PRIYA
1660,RECEIVE,2025-01-31 16:41:23,500980,5009802,1,BUYER.PRIYA
1661,RECEIVE,2025-01-30 15:33:08,500980,5009803,1,BUYER.PRIYA
1662,RECEIVE,2025-02-18 11:32:14,500981,5009811,1,BUYER.OMAR
1663,RECEIVE,2024-10-28 13:58:38,500982,5009821,26,R.MENON
1664,RECEIVE,2025-04-02 09:31:34,500983,5009831,25,N.SAEED
1665,RECEIVE,2025-07-07 09:24:44,500984,5009841,1,L.NAIR
1666,RECEIVE,2025-03-10 08:40:33,500985,5009851,1,F.ALI
1667,RECEIVE,2025-03-06 09:42:27,500985,5009852,1,F.ALI
1668,RECEIVE,2025-03-12 09:24:51,500985,5009853,1,F.ALI
1669,RECEIVE,2025-01-06 08:46:26,500986,5009861,6,BUYER.JAMES
1670,RECEIVE,2025-01-13 11:42:06,500986,5009861,6,BUYER.JAMES
1671,RECEIVE,2025-01-06 08:38:07,500986,5009862,13,BUYER.JAMES
1672,RECEIVE,2025-01-03 09:11:13,500986,5009863,29,BUYER.JAMES
1673,RECEIVE,2026-05-08 11:44:17,500987,5009871,11,J.THOMAS
1674,RECEIVE,2026-05-11 08:43:13,500987,5009872,19,J.THOMAS
1675,RECEIVE,2026-05-15 08:49:14,500987,5009872,20,J.THOMAS
1676,RECEIVE,2025-05-02 10:31:17,500988,5009881,5,L.NAIR
1677,RECEIVE,2025-05-08 08:47:59,500988,5009881,5,L.NAIR
1678,RECEIVE,2025-05-05 08:14:58,500988,5009882,37,L.NAIR
1679,RECEIVE,2024-11-27 12:48:33,500989,5009891,1,BUYER.JAMES
1680,RECEIVE,2026-01-21 08:59:53,500990,5009901,33,F.ALI
1681,RECEIVE,2024-10-24 15:58:35,500991,5009911,25,S.HASSAN
1682,RECEIVE,2025-06-02 17:14:41,500992,5009921,1,M.RAHMAN
1683,RECEIVE,2024-12-30 10:14:38,500993,5009931,1,J.THOMAS
1684,RECEIVE,2025-01-02 10:21:55,500993,5009932,1,J.THOMAS
1685,RECEIVE,2026-08-27 16:23:29,500994,5009941,1,J.THOMAS
1686,RECEIVE,2025-04-14 10:52:47,500995,5009951,7,L.NAIR
1687,RECEIVE,2026-07-07 10:39:04,500996,5009961,20,L.NAIR
1688,RECEIVE,2026-07-06 08:04:29,500996,5009962,11,L.NAIR
1689,RECEIVE,2026-07-08 08:58:48,500996,5009962,11,L.NAIR
1690,RECEIVE,2024-11-01 14:31:10,500997,5009971,40,L.NAIR
1691,RECEIVE,2026-03-03 08:07:20,500998,5009981,1,R.MENON
1692,RECEIVE,2026-04-22 08:36:02,500999,5009991,1,L.NAIR
1693,RECEIVE,2026-04-13 10:50:24,500999,5009992,1,L.NAIR
1694,RECEIVE,2025-01-03 14:54:59,501000,5010001,1,F.ALI
1695,RECEIVE,2025-01-06 17:33:59,501001,5010011,7,BUYER.PRIYA
1696,RECEIVE,2026-08-04 08:03:15,501002,5010021,1,BUYER.SARA
1697,RECEIVE,2026-01-01 14:19:39,501003,5010031,18,BUYER.PRIYA
1698,RECEIVE,2025-12-22 12:29:12,501003,5010032,12,BUYER.PRIYA
1699,RECEIVE,2026-04-23 13:21:04,501005,5010051,40,R.MENON
1700,RECEIVE,2026-04-21 17:55:14,501007,5010071,1,R.MENON
1701,RECEIVE,2024-12-04 10:41:12,501008,5010081,9,M.RAHMAN
1702,RECEIVE,2025-01-24 10:02:29,501009,5010091,1,L.NAIR
1703,RECEIVE,2025-06-18 09:52:27,501010,5010101,30,S.HASSAN
1704,RECEIVE,2026-04-06 16:03:22,501011,5010111,1,L.NAIR
1705,RECEIVE,2026-04-14 08:05:00,501011,5010112,1,L.NAIR
1706,RECEIVE,2026-06-26 16:09:55,501014,5010141,1,S.HASSAN
1707,RECEIVE,2026-06-15 08:57:10,501014,5010142,1,S.HASSAN
1708,RECEIVE,2026-06-15 10:53:13,501014,5010143,1,S.HASSAN
1709,RECEIVE,2024-10-21 13:21:07,501015,5010151,26,S.HASSAN
1710,RECEIVE,2024-10-21 13:34:10,501015,5010152,32,S.HASSAN
1711,RECEIVE,2024-10-21 10:54:55,501015,5010153,33,S.HASSAN
1712,RECEIVE,2025-03-19 09:50:04,501017,5010171,9,L.NAIR
1713,RECEIVE,2025-03-19 08:41:33,501017,5010172,20,L.NAIR
1714,RECEIVE,2025-05-06 08:20:17,501018,5010181,19,M.RAHMAN
1715,RECEIVE,2025-05-12 13:29:12,501018,5010181,20,M.RAHMAN
1716,RECEIVE,2025-05-07 08:32:30,501018,5010182,7,M.RAHMAN
1717,RECEIVE,2025-01-13 08:38:40,501020,5010201,1,J.THOMAS
1718,RECEIVE,2024-11-29 09:11:01,501021,5010211,1,A.KHAN
1719,RECEIVE,2024-11-18 08:39:30,501021,5010212,1,A.KHAN
1720,RECEIVE,2024-11-25 09:36:29,501021,5010213,1,A.KHAN
1721,RECEIVE,2024-11-18 09:59:55,501022,5010221,1,R.MENON
1722,RECEIVE,2024-11-25 17:57:07,501022,5010222,1,R.MENON
1723,RECEIVE,2024-11-18 11:50:27,501022,5010223,1,R.MENON
1724,RECEIVE,2025-05-30 10:33:42,501024,5010241,1,L.NAIR
1725,RECEIVE,2025-10-20 08:25:12,501025,5010251,19,R.MENON
1726,RECEIVE,2025-11-03 09:36:49,501025,5010251,20,R.MENON
1727,RECEIVE,2025-10-23 15:40:02,501025,5010252,24,R.MENON
1728,RECEIVE,2024-12-10 11:16:07,501026,5010261,25,L.NAIR
1729,RECEIVE,2024-12-12 09:59:01,501026,5010262,26,L.NAIR
1730,RECEIVE,2024-12-11 10:11:04,501026,5010263,40,L.NAIR
1731,RECEIVE,2024-10-30 17:21:10,501027,5010271,6,A.KHAN
1732,RECEIVE,2025-10-06 08:19:56,501028,5010281,15,S.HASSAN
1733,RECEIVE,2025-10-09 14:32:28,501028,5010282,21,S.HASSAN
1734,RECEIVE,2025-10-06 09:36:12,501028,5010283,15,S.HASSAN
1735,RECEIVE,2026-03-06 14:14:09,501030,5010301,1,S.HASSAN
1736,RECEIVE,2025-07-21 09:48:12,501031,5010311,1,J.THOMAS
1737,RECEIVE,2025-08-20 09:11:27,501032,5010321,1,N.SAEED
1738,RECEIVE,2026-09-14 15:51:17,501033,5010331,1,BUYER.JAMES
1739,RECEIVE,2026-07-17 09:56:35,501034,5010341,1,J.THOMAS
1740,RECEIVE,2026-07-02 10:38:17,501034,5010342,1,J.THOMAS
1741,RECEIVE,2026-06-30 17:26:10,501034,5010343,1,J.THOMAS
1742,RECEIVE,2024-12-02 08:52:42,501035,5010351,1,N.SAEED
1743,RECEIVE,2026-01-14 14:11:42,501036,5010361,6,M.RAHMAN
1744,RECEIVE,2026-08-17 09:16:06,501037,5010371,22,L.NAIR
1745,RECEIVE,2025-10-06 08:28:27,501038,5010381,1,F.ALI
1746,RECEIVE,2026-09-09 16:37:53,501039,5010391,3,R.MENON
1747,RECEIVE,2026-09-11 10:07:48,501039,5010392,20,R.MENON
1748,RECEIVE,2026-09-11 09:51:42,501039,5010393,10,R.MENON
1749,RECEIVE,2026-05-07 10:46:51,501040,5010401,1,N.SAEED
1750,RECEIVE,2025-02-13 16:48:23,501041,5010411,1,A.KHAN
1751,RECEIVE,2026-02-23 12:31:28,501042,5010421,6,R.MENON
1752,RECEIVE,2026-02-23 13:43:44,501042,5010422,6,R.MENON
1753,RECEIVE,2026-02-23 10:34:57,501042,5010423,33,R.MENON
1754,RECEIVE,2025-06-12 08:47:45,501043,5010431,2,M.RAHMAN
1755,RECEIVE,2025-06-23 08:13:33,501043,5010432,4,M.RAHMAN
1756,RECEIVE,2025-04-28 10:17:24,501044,5010441,34,F.ALI
1757,RECEIVE,2025-06-13 10:13:27,501045,5010451,33,J.THOMAS
1758,RECEIVE,2025-06-13 09:34:04,501045,5010452,27,J.THOMAS
1759,RECEIVE,2025-06-10 09:50:16,501045,5010453,14,J.THOMAS
1760,RECEIVE,2025-06-12 13:54:57,501045,5010453,15,J.THOMAS
1761,RECEIVE,2025-03-31 08:14:51,501046,5010461,14,S.HASSAN
1762,RECEIVE,2025-03-26 09:56:23,501046,5010462,19,S.HASSAN
1763,RECEIVE,2025-03-26 09:03:21,501046,5010463,12,S.HASSAN
1764,RECEIVE,2024-11-04 13:12:49,501047,5010471,36,N.SAEED
1765,RECEIVE,2025-03-24 08:38:16,501048,5010481,34,R.MENON
1766,RECEIVE,2025-03-21 17:40:33,501048,5010482,1,R.MENON
1767,RECEIVE,2025-09-12 15:20:42,501049,5010491,11,N.SAEED
1768,RECEIVE,2025-09-08 10:44:10,501049,5010492,36,N.SAEED
1769,RECEIVE,2025-09-08 09:33:14,501049,5010493,2,N.SAEED
1770,RECEIVE,2025-09-15 09:57:34,501049,5010493,3,N.SAEED
1771,RECEIVE,2026-06-11 08:27:56,501050,5010501,9,L.NAIR
1772,RECEIVE,2026-06-11 09:30:45,501050,5010502,19,L.NAIR
1773,RECEIVE,2026-06-22 10:12:29,501050,5010503,2,L.NAIR
1774,RECEIVE,2025-04-24 10:42:01,501051,5010511,1,BUYER.JAMES
1775,RECEIVE,2025-04-24 10:17:36,501051,5010512,1,BUYER.JAMES
1776,RECEIVE,2025-07-03 08:51:06,501052,5010521,1,L.NAIR
1777,RECEIVE,2025-07-15 08:06:32,501052,5010522,1,L.NAIR
1778,RECEIVE,2025-07-17 10:14:14,501052,5010523,1,L.NAIR
1779,RECEIVE,2026-05-25 09:47:55,501053,5010531,1,A.KHAN
1780,RECEIVE,2026-05-26 09:18:24,501054,5010541,1,L.NAIR
1781,RECEIVE,2026-05-18 08:07:32,501054,5010542,1,L.NAIR
1782,RECEIVE,2025-04-23 10:34:30,501055,5010551,1,BUYER.JAMES
1783,RECEIVE,2025-04-23 11:59:13,501055,5010552,1,BUYER.JAMES
1784,RECEIVE,2026-06-22 10:17:18,501056,5010561,4,L.NAIR
1785,RECEIVE,2026-07-21 09:20:07,501057,5010571,32,BUYER.PRIYA
1786,RECEIVE,2026-07-30 08:18:49,501057,5010572,35,BUYER.PRIYA
1787,RECEIVE,2026-09-18 16:23:20,501059,5010591,1,J.THOMAS
1788,RECEIVE,2026-02-16 14:50:20,501060,5010601,40,J.THOMAS
1789,RECEIVE,2025-12-23 15:02:27,501061,5010611,1,L.NAIR
1790,RECEIVE,2025-12-11 10:33:59,501061,5010612,1,L.NAIR
1791,RECEIVE,2025-12-16 10:43:55,501061,5010613,1,L.NAIR
1792,RECEIVE,2025-11-17 08:44:11,501063,5010631,1,S.HASSAN
1793,RECEIVE,2025-12-31 16:46:55,501064,5010641,34,R.MENON
1794,RECEIVE,2024-12-05 08:15:56,501065,5010651,1,S.HASSAN
1795,RECEIVE,2024-12-03 08:34:04,501065,5010652,1,S.HASSAN
1796,RECEIVE,2024-12-03 10:18:08,501065,5010653,1,S.HASSAN
1797,RECEIVE,2026-05-12 10:47:13,501066,5010661,12,BUYER.OMAR
1798,RECEIVE,2026-05-18 09:04:23,501066,5010662,16,BUYER.OMAR
1799,RECEIVE,2026-05-22 08:42:55,501066,5010662,17,BUYER.OMAR
1801,RECEIVE,2026-09-30 08:57:01,501067,5010672,8,R.MENON
1803,RECEIVE,2025-07-15 10:09:05,501068,5010681,1,S.HASSAN
1804,RECEIVE,2025-07-07 08:56:58,501068,5010682,1,S.HASSAN
1805,RECEIVE,2026-05-27 09:49:40,501069,5010691,1,BUYER.JAMES
1806,RECEIVE,2025-03-24 10:50:20,501070,5010701,1,M.RAHMAN
1807,RECEIVE,2025-03-24 08:33:12,501070,5010702,1,M.RAHMAN
1808,RECEIVE,2024-12-30 08:23:44,501071,5010711,1,R.MENON
1809,RECEIVE,2026-07-27 12:27:06,501072,5010721,18,M.RAHMAN
1810,RECEIVE,2025-01-27 10:08:08,501073,5010731,14,F.ALI
1811,RECEIVE,2025-09-29 15:36:28,501074,5010741,28,L.NAIR
1812,RECEIVE,2025-09-25 09:03:18,501074,5010742,20,L.NAIR
1813,RECEIVE,2025-09-29 08:40:37,501074,5010743,29,L.NAIR
1814,RECEIVE,2025-04-09 15:17:29,501075,5010751,1,BUYER.SARA
1815,RECEIVE,2026-02-17 15:25:08,501076,5010761,1,N.SAEED
1816,RECEIVE,2026-01-19 12:07:10,501077,5010771,1,N.SAEED
1817,RECEIVE,2026-01-26 10:01:37,501077,5010772,1,N.SAEED
1818,RECEIVE,2026-01-19 17:34:07,501077,5010773,1,N.SAEED
1819,RECEIVE,2025-12-04 08:52:51,501078,5010781,27,M.RAHMAN
1820,RECEIVE,2025-12-03 09:16:11,501078,5010782,36,M.RAHMAN
1821,RECEIVE,2025-02-10 09:18:04,501079,5010791,15,N.SAEED
1822,RECEIVE,2025-05-12 16:12:30,501080,5010801,1,A.KHAN
1823,RECEIVE,2025-05-05 08:30:41,501080,5010802,1,A.KHAN
1824,RECEIVE,2025-05-14 10:14:59,501080,5010803,1,A.KHAN
1825,RECEIVE,2025-12-02 08:07:34,501081,5010811,1,M.RAHMAN
1826,RECEIVE,2025-12-03 10:57:55,501081,5010812,1,M.RAHMAN
1827,RECEIVE,2025-10-24 10:18:16,501082,5010821,1,M.RAHMAN
1828,RECEIVE,2026-08-28 09:16:03,501084,5010841,1,N.SAEED
1829,RECEIVE,2026-09-15 08:43:08,501084,5010842,1,N.SAEED
1830,RECEIVE,2026-09-16 10:45:57,501085,5010851,14,J.THOMAS
1831,RECEIVE,2026-09-23 10:30:06,501085,5010851,15,J.THOMAS
1832,RECEIVE,2024-11-04 10:56:34,501086,5010861,16,F.ALI
1833,RECEIVE,2024-11-08 08:54:27,501086,5010862,9,F.ALI
1834,RECEIVE,2025-01-24 09:46:08,501087,5010871,1,F.ALI
1835,RECEIVE,2024-11-27 08:05:46,501088,5010881,1,R.MENON
1836,RECEIVE,2024-10-31 10:39:10,501089,5010891,3,BUYER.SARA
1837,RECEIVE,2024-10-31 09:04:31,501089,5010892,15,BUYER.SARA
1838,RECEIVE,2024-11-01 10:41:00,501089,5010893,26,BUYER.SARA
1839,RECEIVE,2026-06-25 11:21:19,501091,5010911,19,J.THOMAS
1840,RECEIVE,2026-07-09 08:30:55,501091,5010911,20,J.THOMAS
1841,RECEIVE,2025-07-15 09:22:56,501092,5010921,1,A.KHAN
1842,RECEIVE,2025-07-14 10:33:18,501092,5010922,1,A.KHAN
1843,RECEIVE,2025-07-07 08:55:14,501093,5010931,1,J.THOMAS
1844,RECEIVE,2025-02-10 11:17:03,501094,5010941,1,S.HASSAN
1845,RECEIVE,2025-02-21 09:53:20,501094,5010942,1,S.HASSAN
1846,RECEIVE,2026-06-23 09:25:06,501095,5010951,1,F.ALI
1847,RECEIVE,2026-06-22 09:09:22,501095,5010952,1,F.ALI
1848,RECEIVE,2024-11-19 12:29:11,501096,5010961,1,M.RAHMAN
1849,RECEIVE,2024-11-25 09:05:26,501096,5010962,1,M.RAHMAN
1850,RECEIVE,2024-11-12 16:08:09,501096,5010963,1,M.RAHMAN
1851,RECEIVE,2025-05-06 09:13:13,501098,5010981,40,A.KHAN
1852,RECEIVE,2025-02-10 13:28:15,501099,5010991,38,F.ALI
1853,RECEIVE,2025-02-06 09:01:53,501099,5010992,24,F.ALI
1854,RECEIVE,2025-05-22 16:48:35,501100,5011001,34,S.HASSAN
