INVOICE_ID,LINE_NUMBER,LINE_TYPE_LOOKUP_CODE,PO_LINE_ID,QUANTITY_INVOICED,AMOUNT,CREATION_DATE
700001,1,ITEM,5000011,13,3797.17,2026-02-27 09:47:17
700001,2,TAX,,,189.86,2026-02-27 09:47:17
700002,1,ITEM,5000021,21,267148.35,2026-04-09 08:52:30
700002,2,TAX,,,13357.42,2026-04-09 08:52:30
700003,1,ITEM,5000031,35,398570.55,2025-08-29 08:15:33
700003,2,ITEM,5000032,22,46585.22,2025-08-29 08:15:33
700003,3,TAX,,,22257.79,2025-08-29 08:15:33
700004,1,ITEM,5000041,37,8841.52,2026-06-01 15:17:36
700004,2,ITEM,5000042,16,5090.56,2026-06-01 15:17:36
700004,3,TAX,,,696.6,2026-06-01 15:17:36
700005,1,ITEM,5000061,14,3302.23,2025-02-05 10:18:43
700005,2,TAX,,,165.11,2025-02-05 10:18:43
700006,1,ITEM,5000081,1,28697.59,2025-03-12 17:32:18
700006,2,ITEM,5000082,1,19701.07,2025-03-12 17:32:18
700006,3,ITEM,5000083,1,48130.04,2025-03-12 17:32:18
700006,4,TAX,,,4826.44,2025-03-12 17:32:18
700007,1,ITEM,5000091,36,12125.52,2025-05-19 08:49:30
700007,2,TAX,,,0.0,2025-05-19 08:49:30
700008,1,ITEM,5000101,1,12176.49,2025-04-21 10:04:56
700008,2,ITEM,5000102,1,31440.48,2025-04-21 10:04:56
700008,3,ITEM,5000103,1,20156.99,2025-04-21 10:04:56
700008,4,TAX,,,3188.7,2025-04-21 10:04:56
700009,1,ITEM,5000111,1,63074.54,2025-03-28 10:07:26
700009,2,TAX,,,3153.73,2025-03-28 10:07:26
700010,1,ITEM,5000121,28,7598.64,2024-11-19 10:21:51
700010,2,TAX,,,379.93,2024-11-19 10:21:51
700011,1,ITEM,5000131,1,21739.65,2026-03-30 10:30:08
700011,2,ITEM,5000132,1,53058.56,2026-03-30 10:30:08
700011,3,TAX,,,3739.91,2026-03-30 10:30:08
700012,1,ITEM,5000141,9,54274.77,2026-03-23 08:55:49
700012,2,TAX,,,2713.74,2026-03-23 08:55:49
700013,1,ITEM,5000151,1,11078.89,2026-02-06 09:18:31
700013,2,ITEM,5000152,1,25694.02,2026-02-06 09:18:31
700013,3,TAX,,,1838.65,2026-02-06 09:18:31
700014,1,ITEM,5000161,1,38533.58,2026-06-01 12:29:33
700014,2,TAX,,,3853.36,2026-06-01 12:29:33
700015,1,ITEM,5000171,20,4586.4,2025-03-24 11:32:25
700015,2,ITEM,5000172,36,6301.44,2025-03-24 11:32:25
700015,3,TAX,,,544.39,2025-03-24 11:32:25
700016,1,ITEM,5000181,1,6724.04,2026-05-08 14:18:36
700016,2,ITEM,5000182,27,214424.55,2026-05-08 14:18:36
700016,3,ITEM,5000183,10,14135.9,2026-05-08 14:18:36
700016,4,TAX,,,11764.22,2026-05-08 14:18:36
700017,1,ITEM,5000191,1,9169.85,2025-04-01 09:47:20
700017,2,ITEM,5000192,1,16310.69,2025-04-01 09:47:20
700017,3,ITEM,5000193,1,20103.51,2025-04-01 09:47:20
700017,4,TAX,,,2279.2,2025-04-01 09:47:20
700018,1,ITEM,5000201,1,44004.57,2026-06-17 09:02:45
700018,2,ITEM,5000202,1,58836.65,2026-06-17 09:02:45
700018,3,ITEM,5000203,1,58101.65,2026-06-17 09:02:45
700018,4,TAX,,,8047.14,2026-06-17 09:02:45
700019,1,ITEM,5000211,1,38036.92,2025-03-17 08:08:11
700019,2,ITEM,5000212,1,33231.36,2025-03-17 08:08:11
700019,3,ITEM,5000213,1,5029.43,2025-03-17 08:08:11
700019,4,TAX,,,3814.89,2025-03-17 08:08:11
700020,1,ITEM,5000221,2,86.22,2025-09-22 10:59:44
700020,2,TAX,,,4.31,2025-09-22 10:59:44
700021,1,ITEM,5000231,39,196189.89,2025-10-27 08:48:06
700021,2,ITEM,5000232,7,62158.74,2025-10-27 08:48:06
700021,3,ITEM,5000233,14,38410.26,2025-10-27 08:48:06
700021,4,TAX,,,14837.94,2025-10-27 08:48:06
700022,1,ITEM,5000241,14,99291.78,2026-04-09 10:21:34
700022,2,TAX,,,4964.59,2026-04-09 10:21:34
700023,1,ITEM,5000251,5,436.6,2025-11-17 09:20:33
700023,2,ITEM,5000252,32,6281.6,2025-11-17 09:20:33
700023,3,TAX,,,335.91,2025-11-17 09:20:33
700024,1,ITEM,5000261,1,26777.72,2026-07-13 08:38:40
700024,2,ITEM,5000262,1,36394.19,2026-07-13 08:38:40
700024,3,TAX,,,3158.6,2026-07-13 08:38:40
700025,1,ITEM,5000271,1,19274.68,2025-11-11 12:22:42
700025,2,ITEM,5000272,1,12348.21,2025-11-11 12:22:42
700025,3,ITEM,5000273,1,16202.09,2025-11-11 12:22:42
700025,4,TAX,,,2391.25,2025-11-11 12:22:42
700026,1,ITEM,5000281,1,3338.35,2025-09-22 14:33:50
700026,2,TAX,,,166.92,2025-09-22 14:33:50
700027,1,ITEM,5000291,35,6996.15,2026-06-09 10:17:49
700027,2,ITEM,5000292,3,918.75,2026-06-09 10:17:49
700027,3,ITEM,5000293,13,1673.36,2026-06-09 10:17:49
700027,4,TAX,,,479.41,2026-06-09 10:17:49
700028,1,ITEM,5000301,1,23576.78,2025-10-27 08:23:15
700028,2,ITEM,5000302,1,46258.9,2025-10-27 08:23:15
700028,3,ITEM,5000303,1,35287.46,2025-10-27 08:23:15
700028,4,TAX,,,5256.16,2025-10-27 08:23:15
700029,1,ITEM,5000311,1,58232.07,2026-05-13 10:09:30
700029,2,ITEM,5000312,1,132914.42,2026-05-13 10:09:30
700029,3,TAX,,,9557.32,2026-05-13 10:09:30
700030,1,ITEM,5000321,27,255489.39,2026-01-12 08:52:02
700030,2,ITEM,5000322,2,15443.1,2026-01-12 08:52:02
700030,3,TAX,,,13546.62,2026-01-12 08:52:02
700031,1,ITEM,5000341,7,43481.2,2026-05-13 09:48:39
700031,2,TAX,,,2174.06,2026-05-13 09:48:39
700032,1,ITEM,5000351,1,11722.92,2026-09-28 10:41:29
700032,2,ITEM,5000352,1,26740.25,2026-09-28 10:41:29
700032,3,TAX,,,1923.16,2026-09-28 10:41:29
700033,1,ITEM,5000361,1,22230.58,2026-08-24 15:42:13
700033,2,TAX,,,1111.53,2026-08-24 15:42:13
700034,1,ITEM,5000371,1,12195.75,2025-08-11 10:54:41
700034,2,ITEM,5000372,1,55338.82,2025-08-11 10:54:41
700034,3,ITEM,5000373,1,59835.96,2025-08-11 10:54:41
700034,4,TAX,,,6368.53,2025-08-11 10:54:41
700035,1,ITEM,5000381,1,30519.63,2026-08-27 10:55:01
700035,2,TAX,,,1525.98,2026-08-27 10:55:01
700036,1,ITEM,5000391,32,49463.04,2024-12-03 10:23:25
700036,2,ITEM,5000392,33,146947.68,2024-12-03 10:23:25
700036,3,TAX,,,9820.54,2024-12-03 10:23:25
700037,1,ITEM,5000411,20,89794.6,2025-12-01 14:01:37
700037,2,TAX,,,4489.73,2025-12-01 14:01:37
700038,1,ITEM,5000421,39,256265.1,2025-05-12 10:42:17
700038,2,ITEM,5000422,26,215905.04,2025-05-12 10:42:17
700038,3,ITEM,5000423,36,123740.64,2025-05-12 10:42:17
700038,4,TAX,,,59591.08,2025-05-12 10:42:17
700039,1,ITEM,5000431,13,76468.6,2025-04-28 13:32:31
700039,2,TAX,,,3823.43,2025-04-28 13:32:31
700040,1,ITEM,5000441,1,88954.15,2025-11-27 08:05:14
700040,2,TAX,,,4447.71,2025-11-27 08:05:14
700041,1,ITEM,5000451,1,67126.18,2025-07-30 14:03:50
700041,2,ITEM,5000452,1,13676.67,2025-07-30 14:03:50
700041,3,TAX,,,4040.14,2025-07-30 14:03:50
700042,1,ITEM,5000461,1,25866.74,2026-05-21 13:56:34
700042,2,ITEM,5000462,1,38758.88,2026-05-21 13:56:34
700042,3,TAX,,,3231.28,2026-05-21 13:56:34
700043,1,ITEM,5000471,15,74813.25,2025-11-06 08:47:13
700043,2,TAX,,,3740.66,2025-11-06 08:47:13
700044,1,ITEM,5000481,1,28537.92,2025-05-05 10:10:36
700044,2,TAX,,,1426.9,2025-05-05 10:10:36
700045,1,ITEM,5000491,1,72139.24,2025-11-10 08:18:34
700045,2,ITEM,5000492,1,33415.49,2025-11-10 08:18:34
700045,3,TAX,,,5277.74,2025-11-10 08:18:34
700046,1,ITEM,5000501,39,8764.47,2025-05-16 09:54:56
700046,2,ITEM,5000502,21,8232.42,2025-05-16 09:54:56
700046,3,TAX,,,849.84,2025-05-16 09:54:56
700047,1,ITEM,5000511,1,25607.91,2026-06-11 09:43:48
700047,2,TAX,,,1280.4,2026-06-11 09:43:48
700048,1,ITEM,5000521,1,27658.26,2026-07-13 08:23:25
700048,2,ITEM,5000522,1,14600.19,2026-07-13 08:23:25
700048,3,TAX,,,2112.92,2026-07-13 08:23:25
700049,1,ITEM,5000531,14,491.82,2024-12-02 10:50:03
700049,2,TAX,,,24.59,2024-12-02 10:50:03
700050,1,ITEM,5000541,1,79945.4,2025-12-15 08:46:17
700050,2,TAX,,,3997.27,2025-12-15 08:46:17
700051,1,ITEM,5000551,16,67879.84,2025-01-13 09:05:44
700051,2,ITEM,5000552,4,35099.96,2025-01-13 09:05:44
700051,3,TAX,,,5148.99,2025-01-13 09:05:44
700052,1,ITEM,5000581,32,5649.92,2024-12-19 09:58:10
700052,2,ITEM,5000582,36,7273.08,2024-12-19 09:58:10
700052,3,TAX,,,646.15,2024-12-19 09:58:10
700053,1,ITEM,5000591,31,628.06,2026-08-14 10:37:12
700053,2,TAX,,,31.4,2026-08-14 10:37:12
700054,1,ITEM,5000601,1,30778.73,2025-06-09 17:30:06
700054,2,TAX,,,1538.94,2025-06-09 17:30:06
700055,1,ITEM,5000611,1,19030.22,2025-12-08 13:47:45
700055,2,ITEM,5000612,1,22833.33,2025-12-08 13:47:45
700055,3,ITEM,5000613,1,37134.58,2025-12-08 13:47:45
700055,4,TAX,,,3949.91,2025-12-08 13:47:45
700056,1,ITEM,5000621,29,2485.01,2026-09-24 11:25:56
700056,2,TAX,,,124.25,2026-09-24 11:25:56
700057,1,ITEM,5000631,31,429415.41,2026-07-06 09:03:29
700057,2,TAX,,,21470.77,2026-07-06 09:03:29
700058,1,ITEM,5000641,1,33204.99,2025-11-03 09:54:29
700058,2,TAX,,,1660.25,2025-11-03 09:54:29
700059,1,ITEM,5000651,20,5601.6,2026-09-28 10:51:34
700059,2,ITEM,5000652,31,1372.06,2026-09-28 10:51:34
700059,3,TAX,,,348.68,2026-09-28 10:51:34
700060,1,ITEM,5000661,1,19354.78,2024-11-22 14:55:12
700060,2,ITEM,5000662,1,6034.59,2024-11-22 14:55:12
700060,3,TAX,,,1269.47,2024-11-22 14:55:12
700061,1,ITEM,5000671,19,86233.4,2025-10-21 10:00:39
700061,2,TAX,,,4311.67,2025-10-21 10:00:39
700062,1,ITEM,5000681,1,118914.25,2026-09-22 10:05:04
700062,2,ITEM,5000682,1,126409.83,2026-09-22 10:05:04
700062,3,TAX,,,12266.2,2026-09-22 10:05:04
700063,1,ITEM,5000691,4,35395.48,2026-08-03 08:00:54
700063,2,ITEM,5000692,11,18154.95,2026-08-03 08:00:54
700063,3,TAX,,,2677.52,2026-08-03 08:00:54
700064,1,ITEM,5000701,1,21036.28,2025-01-09 11:40:31
700064,2,ITEM,5000702,1,72186.44,2025-01-09 11:40:31
700064,3,ITEM,5000703,1,90224.89,2025-01-09 11:40:31
700064,4,TAX,,,9172.38,2025-01-09 11:40:31
700065,1,ITEM,5000711,1,6148.71,2026-06-17 10:37:39
700065,2,TAX,,,307.44,2026-06-17 10:37:39
700066,1,ITEM,5000721,40,434343.2,2026-03-10 08:51:15
700066,2,TAX,,,21717.16,2026-03-10 08:51:15
700067,1,ITEM,5000731,29,235443.81,2026-08-17 15:16:36
700067,2,TAX,,,11772.19,2026-08-17 15:16:36
700068,1,ITEM,5000741,23,160130.14,2026-08-06 09:26:57
700068,2,TAX,,,0.0,2026-08-06 09:26:57
700069,1,ITEM,5000751,1,30963.06,2025-08-25 08:19:44
700069,2,TAX,,,1548.15,2025-08-25 08:19:44
700070,1,ITEM,5000761,23,1580.56,2025-03-11 08:58:10
700070,2,ITEM,5000762,16,928.32,2025-03-11 08:58:10
700070,3,ITEM,5000763,40,1861.2,2025-03-11 08:58:10
700070,4,TAX,,,218.5,2025-03-11 08:58:10
700071,1,ITEM,5000771,24,5059.68,2026-02-06 09:41:08
700071,2,TAX,,,252.98,2026-02-06 09:41:08
700072,1,ITEM,5000781,1,133484.79,2025-09-15 10:40:18
700072,2,TAX,,,6674.24,2025-09-15 10:40:18
700073,1,ITEM,5000791,12,3081.84,2026-04-20 11:20:40
700073,2,ITEM,5000792,33,3977.16,2026-04-20 11:20:40
700073,3,TAX,,,352.95,2026-04-20 11:20:40
700074,1,ITEM,5000801,1,7458.98,2026-02-24 17:16:13
700074,2,TAX,,,372.95,2026-02-24 17:16:13
700075,1,ITEM,5000811,12,117410.64,2025-09-01 15:20:01
700075,2,TAX,,,5870.53,2025-09-01 15:20:01
700076,1,ITEM,5000821,2,14977.14,2025-03-19 08:54:04
700076,2,ITEM,5000822,17,25152.18,2025-03-19 08:54:04
700076,3,ITEM,5000823,15,154728.6,2025-03-19 08:54:04
700076,4,TAX,,,9742.9,2025-03-19 08:54:04
700077,1,ITEM,5000831,1,77736.06,2024-11-18 09:16:11
700077,2,ITEM,5000832,1,106489.48,2024-11-18 09:16:11
700077,3,TAX,,,9211.28,2024-11-18 09:16:11
700078,1,ITEM,5000841,1,105142.02,2025-12-26 09:56:58
700078,2,TAX,,,5257.1,2025-12-26 09:56:58
700079,1,ITEM,5000861,1,6554.17,2024-11-12 13:37:30
700079,2,ITEM,5000862,1,33782.93,2024-11-12 13:37:30
700079,3,TAX,,,4033.71,2024-11-12 13:37:30
700080,1,ITEM,5000871,35,11457.25,2025-08-07 08:12:02
700080,2,TAX,,,572.86,2025-08-07 08:12:02
700081,1,ITEM,5000881,14,65480.38,2025-02-05 10:50:39
700081,2,ITEM,5000882,20,169539.4,2025-02-05 10:50:39
700081,3,TAX,,,11750.99,2025-02-05 10:50:39
700082,1,ITEM,5000891,1,19108.31,2025-05-29 10:20:50
700082,2,TAX,,,955.42,2025-05-29 10:20:50
700083,1,ITEM,5000901,1,4228.65,2025-03-17 10:27:02
700083,2,ITEM,5000902,1,37313.12,2025-03-17 10:27:02
700083,3,TAX,,,2077.09,2025-03-17 10:27:02
700084,1,ITEM,5000911,27,8380.53,2025-12-01 17:58:23
700084,2,ITEM,5000912,28,9350.32,2025-12-01 17:58:23
700084,3,ITEM,5000913,21,5275.2,2025-12-01 17:58:23
700084,4,TAX,,,1150.3,2025-12-01 17:58:23
700085,1,ITEM,5000921,19,6057.58,2025-02-10 08:22:04
700085,2,TAX,,,302.88,2025-02-10 08:22:04
700086,1,ITEM,5000931,1,52387.64,2026-03-09 12:34:34
700086,2,ITEM,5000932,1,49567.77,2026-03-09 12:34:34
700086,3,ITEM,5000933,1,2796.53,2026-03-09 12:34:34
700086,4,TAX,,,0.0,2026-03-09 12:34:34
700087,1,ITEM,5000941,22,7940.46,2026-01-26 09:26:55
700087,2,TAX,,,397.02,2026-01-26 09:26:55
700088,1,ITEM,5000951,15,4218.0,2026-04-30 08:33:16
700088,2,ITEM,5000952,23,1154.6,2026-04-30 08:33:16
700088,3,TAX,,,268.63,2026-04-30 08:33:16
700089,1,ITEM,5000961,1,53295.06,2026-05-04 10:39:14
700089,2,TAX,,,0.0,2026-05-04 10:39:14
700090,1,ITEM,5000971,1,4560.87,2024-10-21 11:16:36
700090,2,ITEM,5000972,32,168214.72,2024-10-21 11:16:36
700090,3,TAX,,,8638.78,2024-10-21 11:16:36
700091,1,ITEM,5000981,31,340971.17,2026-07-07 11:34:56
700091,2,ITEM,5000982,39,547615.77,2026-07-07 11:34:56
700091,3,ITEM,5000983,19,127153.32,2026-07-07 11:34:56
700091,4,TAX,,,50787.01,2026-07-07 11:34:56
700092,1,ITEM,5000991,1,12867.98,2026-04-20 10:07:09
700092,2,ITEM,5000992,1,8776.99,2026-04-20 10:07:09
700092,3,TAX,,,1082.25,2026-04-20 10:07:09
700093,1,ITEM,5001001,8,988.88,2024-10-30 08:41:48
700093,2,ITEM,5001002,11,1363.78,2024-10-30 08:41:48
700093,3,TAX,,,117.63,2024-10-30 08:41:48
700094,1,ITEM,5001011,1,23080.06,2025-02-21 10:37:45
700094,2,TAX,,,1154.0,2025-02-21 10:37:45
700095,1,ITEM,5001021,1,6037.24,2026-05-11 09:06:48
700095,2,ITEM,5001022,1,8307.19,2026-05-11 09:06:48
700095,3,ITEM,5001023,1,49215.87,2026-05-11 09:06:48
700095,4,TAX,,,3178.02,2026-05-11 09:06:48
700096,1,ITEM,5001031,1,39606.58,2025-01-24 10:31:57
700096,2,TAX,,,1980.33,2025-01-24 10:31:57
700097,1,ITEM,5001041,34,301421.9,2024-12-16 10:11:57
700097,2,ITEM,5001042,18,83024.64,2024-12-16 10:11:57
700097,3,TAX,,,19222.33,2024-12-16 10:11:57
700098,1,ITEM,5001051,10,76684.4,2025-04-30 08:33:47
700098,2,ITEM,5001052,27,192159.54,2025-04-30 08:33:47
700098,3,TAX,,,0.0,2025-04-30 08:33:47
700099,1,ITEM,5001061,8,422.64,2026-02-02 09:36:57
700099,2,ITEM,5001062,39,2705.04,2026-02-02 09:36:57
700099,3,TAX,,,156.38,2026-02-02 09:36:57
700100,1,ITEM,5001071,22,32114.5,2025-09-03 08:02:26
700100,2,TAX,,,1605.73,2025-09-03 08:02:26
700101,1,ITEM,5001081,40,104347.6,2026-05-05 10:55:07
700101,2,TAX,,,10434.76,2026-05-05 10:55:07
700102,1,ITEM,5001091,1,95475.32,2025-10-06 10:11:17
700102,2,ITEM,5001092,1,15266.97,2025-10-06 10:11:17
700102,3,ITEM,5001093,1,35200.07,2025-10-06 10:11:17
700102,4,TAX,,,7297.12,2025-10-06 10:11:17
700103,1,ITEM,5001101,1,23780.88,2025-10-01 12:41:35
700103,2,ITEM,5001102,1,14798.44,2025-10-01 12:41:35
700103,3,ITEM,5001103,1,29317.44,2025-10-01 12:41:35
700103,4,TAX,,,3394.84,2025-10-01 12:41:35
700104,1,ITEM,5001121,22,113378.1,2026-01-05 14:41:30
700104,2,ITEM,5001122,19,81555.6,2026-01-05 14:41:30
700104,3,ITEM,5001123,18,117432.9,2026-01-05 14:41:30
700104,4,TAX,,,15618.33,2026-01-05 14:41:30
700105,1,ITEM,5001131,10,48699.0,2026-07-08 08:39:59
700105,2,TAX,,,2434.95,2026-07-08 08:39:59
700106,1,ITEM,5001141,24,2162.64,2025-12-01 11:15:54
700106,2,TAX,,,108.13,2025-12-01 11:15:54
700107,1,ITEM,5001151,26,86307.78,2026-08-10 09:35:26
700107,2,ITEM,5001152,21,194165.79,2026-08-10 09:35:26
700107,3,ITEM,5001153,33,467917.89,2026-08-10 09:35:26
700107,4,TAX,,,37419.57,2026-08-10 09:35:26
700108,1,ITEM,5001161,32,263542.4,2026-02-25 10:51:58
700108,2,TAX,,,13177.12,2026-02-25 10:51:58
700109,1,ITEM,5001171,1,7843.52,2025-04-04 08:50:52
700109,2,TAX,,,392.18,2025-04-04 08:50:52
700110,1,ITEM,5001181,1,7681.46,2025-10-13 08:20:34
700110,2,TAX,,,384.07,2025-10-13 08:20:34
700111,1,ITEM,5001191,1,149821.27,2025-10-06 09:31:58
700111,2,TAX,,,7491.06,2025-10-06 09:31:58
700112,1,ITEM,5001201,30,73675.2,2025-04-28 10:22:31
700112,2,ITEM,5001202,32,154241.6,2025-04-28 10:22:31
700112,3,TAX,,,0.0,2025-04-28 10:22:31
700113,1,ITEM,5001211,8,43160.96,2026-06-26 16:05:57
700113,2,ITEM,5001212,2,16614.08,2026-06-26 16:05:57
700113,3,ITEM,5001213,3,21549.57,2026-06-26 16:05:57
700113,4,TAX,,,4066.23,2026-06-26 16:05:57
700114,1,ITEM,5001221,4,873.84,2026-03-02 10:42:42
700114,2,ITEM,5001222,24,4697.76,2026-03-02 10:42:42
700114,3,ITEM,5001223,16,1234.88,2026-03-02 10:42:42
700114,4,TAX,,,340.32,2026-03-02 10:42:42
700115,1,ITEM,5001231,1,8195.21,2025-03-11 10:15:48
700115,2,TAX,,,409.76,2025-03-11 10:15:48
700116,1,ITEM,5001241,1,40175.79,2026-06-26 13:26:52
700116,2,ITEM,5001242,1,19637.01,2026-06-26 13:26:52
700116,3,ITEM,5001243,1,17399.01,2026-06-26 13:26:52
700116,4,TAX,,,3860.59,2026-06-26 13:26:52
700117,1,ITEM,5001251,39,114398.31,2025-02-10 10:30:52
700117,2,ITEM,5001252,6,51935.22,2025-02-10 10:30:52
700117,3,TAX,,,8316.68,2025-02-10 10:30:52
700118,1,ITEM,5001261,1,141505.07,2026-04-27 17:37:12
700118,2,ITEM,5001262,1,145409.38,2026-04-27 17:37:12
700118,3,ITEM,5001263,1,93752.49,2026-04-27 17:37:12
700118,4,TAX,,,38066.69,2026-04-27 17:37:12
700119,1,ITEM,5001271,19,43346.03,2025-02-18 12:43:58
700119,2,TAX,,,0.0,2025-02-18 12:43:58
700120,1,ITEM,5001281,1,32252.97,2025-12-31 08:32:02
700120,2,ITEM,5001282,1,36985.44,2025-12-31 08:32:02
700120,3,ITEM,5001283,1,36293.77,2025-12-31 08:32:02
700120,4,TAX,,,5276.61,2025-12-31 08:32:02
700121,1,ITEM,5001301,10,61278.7,2025-09-04 17:43:14
700121,2,TAX,,,3063.93,2025-09-04 17:43:14
700122,1,ITEM,5001311,1,97177.54,2026-01-22 09:06:44
700122,2,TAX,,,4858.88,2026-01-22 09:06:44
700123,1,ITEM,5001321,1,10227.57,2025-11-21 16:07:57
700123,2,TAX,,,511.38,2025-11-21 16:07:57
700124,1,ITEM,5001331,1,16415.26,2026-05-22 13:40:32
700124,2,TAX,,,820.76,2026-05-22 13:40:32
700125,1,ITEM,5001341,1,33171.14,2025-07-28 10:36:19
700125,2,TAX,,,1658.56,2025-07-28 10:36:19
700126,1,ITEM,5001351,1,18707.11,2026-07-06 09:19:18
700126,2,TAX,,,0.0,2026-07-06 09:19:18
700127,1,ITEM,5001361,1,29393.12,2026-01-26 16:12:35
700127,2,TAX,,,1469.66,2026-01-26 16:12:35
700128,1,ITEM,5001371,1,7198.46,2025-06-05 11:03:13
700128,2,TAX,,,359.92,2025-06-05 11:03:13
700129,1,ITEM,5001381,17,130624.6,2025-07-16 10:11:04
700129,2,TAX,,,6531.23,2025-07-16 10:11:04
700130,1,ITEM,5001391,1,67.41,2025-06-23 08:28:52
700130,2,TAX,,,3.37,2025-06-23 08:28:52
700131,1,ITEM,5001401,1,46527.49,2025-11-14 08:21:49
700131,2,ITEM,5001402,1,32910.61,2025-11-14 08:21:49
700131,3,ITEM,5001403,1,16669.42,2025-11-14 08:21:49
700131,4,TAX,,,4805.38,2025-11-14 08:21:49
700132,1,ITEM,5001411,1,91050.83,2024-11-13 09:23:16
700132,2,ITEM,5001412,1,21974.86,2024-11-13 09:23:16
700132,3,TAX,,,5651.28,2024-11-13 09:23:16
700133,1,ITEM,5001421,1,4556.11,2025-02-19 09:39:04
700133,2,TAX,,,227.81,2025-02-19 09:39:04
700134,1,ITEM,5001431,1,57250.12,2026-03-23 08:24:54
700134,2,ITEM,5001432,1,21227.88,2026-03-23 08:24:54
700134,3,TAX,,,3923.9,2026-03-23 08:24:54
700135,1,ITEM,5001441,1,70135.62,2026-01-19 10:31:35
700135,2,TAX,,,3506.78,2026-01-19 10:31:35
700136,1,ITEM,5001451,24,2801.28,2025-10-07 08:37:48
700136,2,ITEM,5001452,6,426.3,2025-10-07 08:37:48
700136,3,ITEM,5001453,6,792.72,2025-10-07 08:37:48
700136,4,TAX,,,201.01,2025-10-07 08:37:48
700137,1,ITEM,5001471,1,59666.93,2026-08-10 08:24:32
700137,2,ITEM,5001472,1,34955.07,2026-08-10 08:24:32
700137,3,ITEM,5001473,1,48350.46,2026-08-10 08:24:32
700137,4,TAX,,,7148.62,2026-08-10 08:24:32
700138,1,ITEM,5001481,1,14870.73,2025-09-01 14:29:55
700138,2,TAX,,,743.54,2025-09-01 14:29:55
700139,1,ITEM,5001501,4,1351.48,2026-05-11 08:25:41
700139,2,TAX,,,67.57,2026-05-11 08:25:41
700140,1,ITEM,5001511,1,36792.29,2026-02-10 16:49:35
700140,2,ITEM,5001512,1,58922.12,2026-02-10 16:49:35
700140,3,ITEM,5001513,1,42386.29,2026-02-10 16:49:35
700140,4,TAX,,,6905.04,2026-02-10 16:49:35
700141,1,ITEM,5001521,1,10208.86,2024-12-30 08:16:59
700141,2,ITEM,5001522,1,13844.76,2024-12-30 08:16:59
700141,3,TAX,,,1202.68,2024-12-30 08:16:59
700142,1,ITEM,5001531,27,10187.37,2026-09-21 08:49:55
700142,2,TAX,,,509.37,2026-09-21 08:49:55
700143,1,ITEM,5001541,25,6253.75,2026-08-07 10:37:06
700143,2,ITEM,5001542,27,8260.38,2026-08-07 10:37:06
700143,3,TAX,,,725.71,2026-08-07 10:37:06
700144,1,ITEM,5001551,1,23949.27,2025-06-30 08:55:05
700144,2,ITEM,5001552,1,5320.01,2025-06-30 08:55:05
700144,3,TAX,,,1463.46,2025-06-30 08:55:05
700145,1,ITEM,5001561,16,44728.32,2026-02-06 08:05:16
700145,2,ITEM,5001562,11,76743.37,2026-02-06 08:05:16
700145,3,TAX,,,6073.58,2026-02-06 08:05:16
700146,1,ITEM,5001571,7,1191.54,2025-06-02 10:58:05
700146,2,ITEM,5001572,35,12036.5,2025-06-02 10:58:05
700146,3,TAX,,,661.4,2025-06-02 10:58:05
700147,1,ITEM,5001581,36,223549.2,2026-05-25 10:42:29
700147,2,ITEM,5001582,9,46706.13,2026-05-25 10:42:29
700147,3,TAX,,,13512.77,2026-05-25 10:42:29
700148,1,ITEM,5001591,1,62636.85,2026-02-19 10:10:18
700148,2,ITEM,5001592,1,29810.91,2026-02-19 10:10:18
700148,3,TAX,,,4622.39,2026-02-19 10:10:18
700149,1,ITEM,5001601,13,25501.71,2026-06-15 08:21:02
700149,2,TAX,,,1275.09,2026-06-15 08:21:02
700150,1,ITEM,5001611,37,292161.99,2025-12-03 08:19:52
700150,2,TAX,,,14608.1,2025-12-03 08:19:52
700151,1,ITEM,5001621,32,391072.96,2025-08-14 16:43:11
700151,2,ITEM,5001622,1,14451.41,2025-08-14 16:43:11
700151,3,TAX,,,20276.22,2025-08-14 16:43:11
700152,1,ITEM,5001631,30,104823.6,2025-06-30 17:23:08
700152,2,TAX,,,5241.18,2025-06-30 17:23:08
700153,1,ITEM,5001641,32,235472.64,2026-04-06 10:13:09
700153,2,TAX,,,11773.63,2026-04-06 10:13:09
700154,1,ITEM,5001651,18,160582.86,2026-08-03 10:35:36
700154,2,TAX,,,8029.14,2026-08-03 10:35:36
700155,1,ITEM,5001661,39,69689.49,2026-08-05 09:25:17
700155,2,ITEM,5001662,38,332131.78,2026-08-05 09:25:17
700155,3,TAX,,,20091.06,2026-08-05 09:25:17
700156,1,ITEM,5001671,3,668.28,2025-05-12 08:30:37
700156,2,TAX,,,33.41,2025-05-12 08:30:37
700157,1,ITEM,5001681,17,134881.57,2025-04-29 09:30:04
700157,2,ITEM,5001682,39,207370.8,2025-04-29 09:30:04
700157,3,ITEM,5001683,29,75667.96,2025-04-29 09:30:04
700157,4,TAX,,,20896.02,2025-04-29 09:30:04
700158,1,ITEM,5001681,17,134881.57,2025-05-02 09:09:06
700158,2,ITEM,5001682,39,207370.8,2025-05-02 09:09:06
700158,3,ITEM,5001683,29,75667.96,2025-05-02 09:09:06
700158,4,TAX,,,20896.02,2025-05-02 09:09:06
700159,1,ITEM,5001691,8,30044.64,2026-08-31 10:27:37
700159,2,TAX,,,1502.23,2026-08-31 10:27:37
700160,1,ITEM,5001701,16,2649.76,2025-11-25 16:18:53
700160,2,TAX,,,264.98,2025-11-25 16:18:53
700161,1,ITEM,5001711,3,17262.66,2025-02-10 09:01:34
700161,2,TAX,,,863.13,2025-02-10 09:01:34
700162,1,ITEM,5001721,20,18981.12,2025-07-11 09:23:08
700162,2,TAX,,,949.06,2025-07-11 09:23:08
700163,1,ITEM,5001731,1,32199.25,2025-09-08 08:09:37
700163,2,ITEM,5001732,1,35962.69,2025-09-08 08:09:37
700163,3,ITEM,5001733,1,20708.12,2025-09-08 08:09:37
700163,4,TAX,,,4443.5,2025-09-08 08:09:37
700164,1,ITEM,5001741,1,19026.01,2025-06-30 14:20:22
700164,2,TAX,,,951.3,2025-06-30 14:20:22
700165,1,ITEM,5001761,33,248035.26,2025-06-27 09:26:05
700165,2,ITEM,5001762,8,52275.2,2025-06-27 09:26:05
700165,3,ITEM,5001763,30,125857.2,2025-06-27 09:26:05
700165,4,TAX,,,21308.38,2025-06-27 09:26:05
700166,1,ITEM,5001771,27,26292.06,2024-11-25 16:58:36
700166,2,TAX,,,1314.6,2024-11-25 16:58:36
700167,1,ITEM,5001781,2,630.59,2026-01-21 08:12:11
700167,2,ITEM,5001782,9,3543.3,2026-01-21 08:12:11
700167,3,TAX,,,208.69,2026-01-21 08:12:11
700168,1,ITEM,5001791,1,72228.94,2025-03-03 10:23:07
700168,2,ITEM,5001792,1,37027.59,2025-03-03 10:23:07
700168,3,TAX,,,5462.83,2025-03-03 10:23:07
700169,1,ITEM,5001801,27,280554.57,2025-06-06 10:46:02
700169,2,ITEM,5001802,28,143020.08,2025-06-06 10:46:02
700169,3,TAX,,,21178.73,2025-06-06 10:46:02
700170,1,ITEM,5001811,21,7297.92,2026-04-14 08:44:52
700170,2,TAX,,,364.9,2026-04-14 08:44:52
700171,1,ITEM,5001821,33,67058.64,2025-06-30 14:02:32
700171,2,ITEM,5001822,9,33051.42,2025-06-30 14:02:32
700171,3,TAX,,,5005.5,2025-06-30 14:02:32
700172,1,ITEM,5001831,1,25464.45,2025-04-14 08:33:43
700172,2,ITEM,5001832,1,24787.35,2025-04-14 08:33:43
700172,3,TAX,,,2512.59,2025-04-14 08:33:43
700173,1,ITEM,5001841,1,52158.76,2026-03-03 15:49:11
700173,2,ITEM,5001842,1,56723.44,2026-03-03 15:49:11
700173,3,ITEM,5001843,1,82496.35,2026-03-03 15:49:11
700173,4,TAX,,,9568.93,2026-03-03 15:49:11
700174,1,ITEM,5001851,1,9867.02,2026-06-15 13:21:36
700174,2,TAX,,,493.35,2026-06-15 13:21:36
700175,1,ITEM,5001861,1,68870.79,2025-07-21 08:02:16
700175,2,TAX,,,0.0,2025-07-21 08:02:16
700176,1,ITEM,5001871,4,42691.2,2026-03-26 13:13:44
700176,2,ITEM,5001872,34,88066.8,2026-03-26 13:13:44
700176,3,TAX,,,6537.9,2026-03-26 13:13:44
700177,1,ITEM,5001881,1,8967.34,2025-07-18 10:49:20
700177,2,TAX,,,448.37,2025-07-18 10:49:20
700178,1,ITEM,5001891,1,42414.84,2026-04-14 10:34:50
700178,2,TAX,,,2120.74,2026-04-14 10:34:50
700179,1,ITEM,5001901,1,38277.3,2026-09-07 09:25:01
700179,2,TAX,,,1913.87,2026-09-07 09:25:01
700180,1,ITEM,5001921,15,100981.83,2025-08-18 14:08:31
700180,2,TAX,,,5049.09,2025-08-18 14:08:31
700181,1,ITEM,5001931,9,2252.97,2026-08-13 09:31:40
700181,2,ITEM,5001932,31,8366.28,2026-08-13 09:31:40
700181,3,ITEM,5001933,5,245.1,2026-08-13 09:31:40
700181,4,TAX,,,543.22,2026-08-13 09:31:40
700182,1,ITEM,5001941,1,24251.91,2026-06-01 09:00:39
700182,2,ITEM,5001942,1,30654.21,2026-06-01 09:00:39
700182,3,ITEM,5001943,1,14626.36,2026-06-01 09:00:39
700182,4,TAX,,,0.0,2026-06-01 09:00:39
700183,1,ITEM,5001951,1,25768.02,2025-01-14 10:41:04
700183,2,TAX,,,1288.4,2025-01-14 10:41:04
700184,1,ITEM,5001961,1,15679.62,2025-06-02 13:35:19
700184,2,TAX,,,783.98,2025-06-02 13:35:19
700185,1,ITEM,5001971,1,15326.27,2026-09-29 09:22:43
700185,2,ITEM,5001972,1,50013.62,2026-09-29 09:22:43
700185,3,TAX,,,3266.99,2026-09-29 09:22:43
700186,1,ITEM,5001981,27,161266.14,2026-03-31 16:45:12
700186,2,ITEM,5001982,28,88821.32,2026-03-31 16:45:12
700186,3,ITEM,5001983,31,202768.83,2026-03-31 16:45:12
700186,4,TAX,,,0.0,2026-03-31 16:45:12
700187,1,ITEM,5001991,33,176958.87,2025-09-10 08:00:04
700187,2,TAX,,,8847.94,2025-09-10 08:00:04
700188,1,ITEM,5002001,15,5287.65,2025-11-12 10:56:04
700188,2,ITEM,5002002,32,6600.96,2025-11-12 10:56:04
700188,3,ITEM,5002003,26,6426.68,2025-11-12 10:56:04
700188,4,TAX,,,915.76,2025-11-12 10:56:04
700189,1,ITEM,5002021,38,12205.6,2025-03-10 10:05:21
700189,2,TAX,,,610.28,2025-03-10 10:05:21
700190,1,ITEM,5002031,20,137443.8,2026-05-20 12:59:23
700190,2,TAX,,,0.0,2026-05-20 12:59:23
700191,1,ITEM,5002041,19,127367.07,2026-07-13 16:41:08
700191,2,TAX,,,6368.35,2026-07-13 16:41:08
700192,1,ITEM,5002051,14,1769.46,2025-05-19 08:40:21
700192,2,TAX,,,88.47,2025-05-19 08:40:21
700193,1,ITEM,5002061,1,51611.59,2025-08-07 14:09:01
700193,2,ITEM,5002062,1,46703.2,2025-08-07 14:09:01
700193,3,ITEM,5002063,1,22067.51,2025-08-07 14:09:01
700193,4,TAX,,,6019.11,2025-08-07 14:09:01
700194,1,ITEM,5002071,4,13506.96,2026-06-17 16:41:10
700194,2,ITEM,5002072,35,107636.2,2026-06-17 16:41:10
700194,3,TAX,,,6057.16,2026-06-17 16:41:10
700195,1,ITEM,5002081,1,11684.99,2025-12-11 12:29:16
700195,2,ITEM,5002082,1,20360.6,2025-12-11 12:29:16
700195,3,TAX,,,1602.28,2025-12-11 12:29:16
700196,1,ITEM,5002091,1,45360.47,2026-03-02 08:58:07
700196,2,ITEM,5002092,1,62250.07,2026-03-02 08:58:07
700196,3,ITEM,5002093,1,57302.96,2026-03-02 08:58:07
700196,4,TAX,,,8245.68,2026-03-02 08:58:07
700197,1,ITEM,5002101,1,140936.74,2025-08-20 09:51:23
700197,2,TAX,,,7046.84,2025-08-20 09:51:23
700198,1,ITEM,5002111,24,50862.0,2026-06-15 08:09:36
700198,2,ITEM,5002112,12,176647.8,2026-06-15 08:09:36
700198,3,ITEM,5002113,35,403002.6,2026-06-15 08:09:36
700198,4,TAX,,,31525.62,2026-06-15 08:09:36
700199,1,ITEM,5002121,1,2361.76,2026-09-01 17:22:38
700199,2,TAX,,,118.09,2026-09-01 17:22:38
700200,1,ITEM,5002131,25,184906.0,2025-11-27 08:24:03
700200,2,TAX,,,9245.3,2025-11-27 08:24:03
700201,1,ITEM,5002141,23,262052.11,2025-06-09 08:29:31
700201,2,ITEM,5002142,27,366029.55,2025-06-09 08:29:31
700201,3,TAX,,,31404.08,2025-06-09 08:29:31
700202,1,ITEM,5002151,16,192846.88,2026-09-14 08:09:53
700202,2,TAX,,,9642.34,2026-09-14 08:09:53
700203,1,ITEM,5002161,5,22787.9,2026-04-08 10:55:49
700203,2,ITEM,5002162,32,223056.64,2026-04-08 10:55:49
700203,3,TAX,,,12292.23,2026-04-08 10:55:49
700204,1,ITEM,5002171,1,30071.91,2025-08-21 08:28:46
700204,2,TAX,,,1503.6,2025-08-21 08:28:46
700205,1,ITEM,5002181,1,30109.75,2026-03-18 14:06:34
700205,2,TAX,,,1505.49,2026-03-18 14:06:34
700206,1,ITEM,5002191,1,20465.3,2025-10-15 16:40:14
700206,2,ITEM,5002192,1,8296.48,2025-10-15 16:40:14
700206,3,TAX,,,1438.09,2025-10-15 16:40:14
700207,1,ITEM,5002201,1,20778.39,2025-07-28 09:35:03
700207,2,ITEM,5002202,1,13130.44,2025-07-28 09:35:03
700207,3,TAX,,,1695.44,2025-07-28 09:35:03
700208,1,ITEM,5002211,1,148170.09,2025-11-24 08:06:20
700208,2,TAX,,,7408.5,2025-11-24 08:06:20
700209,1,ITEM,5002221,1,28726.61,2025-07-07 10:39:21
700209,2,TAX,,,1436.33,2025-07-07 10:39:21
700210,1,ITEM,5002231,1,97316.56,2025-07-24 09:14:43
700210,2,TAX,,,9731.66,2025-07-24 09:14:43
700211,1,ITEM,5002241,33,273534.36,2025-09-29 11:42:41
700211,2,ITEM,5002242,34,61130.98,2025-09-29 11:42:41
700211,3,ITEM,5002243,14,25017.16,2025-09-29 11:42:41
700211,4,TAX,,,17984.12,2025-09-29 11:42:41
700212,1,ITEM,5002251,3,15671.07,2024-11-01 10:03:25
700212,2,ITEM,5002252,39,262262.91,2024-11-01 10:03:25
700212,3,ITEM,5002253,11,23067.22,2024-11-01 10:03:25
700212,4,TAX,,,15050.06,2024-11-01 10:03:25
700213,1,ITEM,5002261,12,8492.04,2025-03-20 09:20:04
700213,2,ITEM,5002262,3,37839.0,2025-03-20 09:20:04
700213,3,TAX,,,2316.55,2025-03-20 09:20:04
700214,1,ITEM,5002271,33,2949.87,2025-03-06 09:08:11
700214,2,ITEM,5002272,33,3103.65,2025-03-06 09:08:11
700214,3,ITEM,5002273,15,4722.75,2025-03-06 09:08:11
700214,4,TAX,,,538.81,2025-03-06 09:08:11
700215,1,ITEM,5002271,33,2949.87,2025-03-10 08:49:26
700215,2,ITEM,5002272,33,3103.65,2025-03-10 08:49:26
700215,3,ITEM,5002273,15,4722.75,2025-03-10 08:49:26
700215,4,TAX,,,538.81,2025-03-10 08:49:26
700216,1,ITEM,5002281,5,66316.45,2026-04-13 09:53:25
700216,2,TAX,,,3315.82,2026-04-13 09:53:25
700217,1,ITEM,5002291,1,36282.9,2026-02-10 08:46:40
700217,2,TAX,,,1814.15,2026-02-10 08:46:40
700218,1,ITEM,5002301,1,33742.11,2025-08-11 10:04:21
700218,2,ITEM,5002302,1,20669.11,2025-08-11 10:04:21
700218,3,TAX,,,2720.56,2025-08-11 10:04:21
700219,1,ITEM,5002311,1,4665.15,2025-08-13 09:55:07
700219,2,ITEM,5002312,1,39978.4,2025-08-13 09:55:07
700219,3,TAX,,,2232.18,2025-08-13 09:55:07
700220,1,ITEM,5002321,35,117970.3,2025-06-23 09:21:38
700220,2,ITEM,5002322,39,104058.24,2025-06-23 09:21:38
700220,3,TAX,,,11101.43,2025-06-23 09:21:38
700221,1,ITEM,5002331,11,3546.94,2026-04-22 10:00:01
700221,2,ITEM,5002332,16,6277.12,2026-04-22 10:00:01
700221,3,TAX,,,491.2,2026-04-22 10:00:01
700222,1,ITEM,5002341,29,914.37,2025-05-28 08:18:59
700222,2,ITEM,5002342,3,1126.23,2025-05-28 08:18:59
700222,3,ITEM,5002343,8,2613.92,2025-05-28 08:18:59
700222,4,TAX,,,232.73,2025-05-28 08:18:59
700223,1,ITEM,5002351,20,162303.2,2025-10-28 12:01:02
700223,2,ITEM,5002352,37,194281.45,2025-10-28 12:01:02
700223,3,ITEM,5002353,21,144100.11,2025-10-28 12:01:02
700223,4,TAX,,,50068.48,2025-10-28 12:01:02
700224,1,ITEM,5002361,1,34437.06,2025-04-28 12:18:46
700224,2,TAX,,,1721.85,2025-04-28 12:18:46
700225,1,ITEM,5002371,27,136295.73,2025-02-19 09:09:37
700225,2,ITEM,5002372,2,11744.82,2025-02-19 09:09:37
700225,3,TAX,,,7402.03,2025-02-19 09:09:37
700226,1,ITEM,5002381,25,180525.0,2025-06-30 08:17:01
700226,2,TAX,,,9026.25,2025-06-30 08:17:01
700227,1,ITEM,5002391,1,56115.17,2026-01-05 10:17:52
700227,2,TAX,,,2805.76,2026-01-05 10:17:52
700228,1,ITEM,5002401,38,334122.6,2025-12-08 16:59:09
700228,2,ITEM,5002402,29,390422.07,2025-12-08 16:59:09
700228,3,ITEM,5002403,32,455224.32,2025-12-08 16:59:09
700228,4,TAX,,,58988.45,2025-12-08 16:59:09
700229,1,ITEM,5002411,1,137867.84,2024-11-19 10:43:13
700229,2,ITEM,5002412,1,130607.08,2024-11-19 10:43:13
700229,3,ITEM,5002413,1,135414.68,2024-11-19 10:43:13
700229,4,TAX,,,20194.48,2024-11-19 10:43:13
700230,1,ITEM,5002421,21,147032.55,2025-04-07 09:23:26
700230,2,TAX,,,7351.63,2025-04-07 09:23:26
700231,1,ITEM,5002431,1,75014.96,2025-07-17 09:40:26
700231,2,ITEM,5002432,1,31375.88,2025-07-17 09:40:26
700231,3,ITEM,5002433,1,113300.29,2025-07-17 09:40:26
700231,4,TAX,,,10984.56,2025-07-17 09:40:26
700232,1,ITEM,5002441,1,39323.84,2025-06-02 08:50:12
700232,2,TAX,,,1966.19,2025-06-02 08:50:12
700233,1,ITEM,5002451,1,85083.42,2026-02-05 10:29:17
700233,2,ITEM,5002452,1,125379.1,2026-02-05 10:29:17
700233,3,TAX,,,0.0,2026-02-05 10:29:17
700234,1,ITEM,5002461,37,41548.41,2025-10-10 08:03:33
700234,2,TAX,,,0.0,2025-10-10 08:03:33
700235,1,ITEM,5002471,1,15311.35,2025-10-13 10:43:35
700235,2,TAX,,,0.0,2025-10-13 10:43:35
700236,1,ITEM,5002481,31,7226.72,2024-12-16 16:36:31
700236,2,ITEM,5002482,19,6119.9,2024-12-16 16:36:31
700236,3,ITEM,5002483,16,792.32,2024-12-16 16:36:31
700236,4,TAX,,,706.95,2024-12-16 16:36:31
700237,1,ITEM,5002491,18,194284.44,2025-06-11 08:38:32
700237,2,ITEM,5002492,31,106613.03,2025-06-11 08:38:32
700237,3,ITEM,5002493,18,15371.82,2025-06-11 08:38:32
700237,4,TAX,,,15813.46,2025-06-11 08:38:32
700238,1,ITEM,5002501,26,232815.98,2025-06-26 13:39:32
700238,2,ITEM,5002502,26,95590.04,2025-06-26 13:39:32
700238,3,TAX,,,16420.3,2025-06-26 13:39:32
700239,1,ITEM,5002511,31,30936.76,2025-06-02 09:49:59
700239,2,TAX,,,1546.84,2025-06-02 09:49:59
700240,1,ITEM,5002521,1,29488.74,2026-04-01 08:50:10
700240,2,TAX,,,1474.44,2026-04-01 08:50:10
700241,1,ITEM,5002531,18,100830.6,2026-05-25 09:41:24
700241,2,ITEM,5002532,1,3287.42,2026-05-25 09:41:24
700241,3,TAX,,,5205.9,2026-05-25 09:41:24
700242,1,ITEM,5002541,1,24809.51,2025-09-15 13:30:34
700242,2,TAX,,,1240.48,2025-09-15 13:30:34
700243,1,ITEM,5002551,36,185636.52,2025-02-20 10:17:21
700243,2,ITEM,5002552,30,268060.8,2025-02-20 10:17:21
700243,3,TAX,,,22684.87,2025-02-20 10:17:21
700244,1,ITEM,5002561,1,22817.84,2025-06-17 11:16:04
700244,2,TAX,,,1140.89,2025-06-17 11:16:04
700245,1,ITEM,5002571,1,127350.65,2025-07-28 08:24:30
700245,2,ITEM,5002572,1,94917.55,2025-07-28 08:24:30
700245,3,TAX,,,11113.41,2025-07-28 08:24:30
700246,1,ITEM,5002581,1,11664.47,2024-11-29 08:32:24
700246,2,TAX,,,583.22,2024-11-29 08:32:24
700247,1,ITEM,5002591,39,446177.55,2024-11-18 09:08:25
700247,2,TAX,,,22308.88,2024-11-18 09:08:25
700248,1,ITEM,5002601,1,114891.54,2025-05-05 08:09:30
700248,2,ITEM,5002602,1,100869.98,2025-05-05 08:09:30
700248,3,TAX,,,10788.08,2025-05-05 08:09:30
700249,1,ITEM,5002611,1,3431.64,2025-03-24 13:34:50
700249,2,TAX,,,171.58,2025-03-24 13:34:50
700250,1,ITEM,5002621,1,9935.14,2025-03-14 08:45:19
700250,2,ITEM,5002622,1,36732.66,2025-03-14 08:45:19
700250,3,TAX,,,2333.39,2025-03-14 08:45:19
700251,1,ITEM,5002641,24,152776.08,2026-08-03 09:54:35
700251,2,TAX,,,7638.8,2026-08-03 09:54:35
700252,1,ITEM,5002651,1,15950.11,2026-06-25 16:34:56
700252,2,ITEM,5002652,1,18224.73,2026-06-25 16:34:56
700252,3,TAX,,,1708.74,2026-06-25 16:34:56
700253,1,ITEM,5002661,1,57509.63,2026-03-30 13:50:57
700253,2,ITEM,5002662,1,54623.8,2026-03-30 13:50:57
700253,3,TAX,,,5606.67,2026-03-30 13:50:57
700254,1,ITEM,5002671,1,4770.3,2024-12-25 08:06:48
700254,2,TAX,,,238.52,2024-12-25 08:06:48
700255,1,ITEM,5002681,1,26102.37,2025-02-03 16:27:50
700255,2,ITEM,5002682,1,4434.69,2025-02-03 16:27:50
700255,3,TAX,,,1526.85,2025-02-03 16:27:50
700256,1,ITEM,5002691,15,189006.15,2026-02-02 08:03:19
700256,2,ITEM,5002692,32,274660.48,2026-02-02 08:03:19
700256,3,ITEM,5002693,30,183465.0,2026-02-02 08:03:19
700256,4,TAX,,,32356.58,2026-02-02 08:03:19
700257,1,ITEM,5002701,4,10834.49,2025-01-07 17:15:59
700257,2,TAX,,,541.72,2025-01-07 17:15:59
700258,1,ITEM,5002711,8,51043.2,2025-03-07 15:21:54
700258,2,TAX,,,2552.16,2025-03-07 15:21:54
700259,1,ITEM,5002731,1,40879.19,2026-08-18 13:58:52
700259,2,TAX,,,2043.96,2026-08-18 13:58:52
700260,1,ITEM,5002741,25,4982.5,2025-02-18 08:20:17
700260,2,TAX,,,249.12,2025-02-18 08:20:17
700261,1,ITEM,5002751,16,588.48,2026-01-14 10:46:00
700261,2,ITEM,5002752,18,4060.98,2026-01-14 10:46:00
700261,3,TAX,,,232.47,2026-01-14 10:46:00
700262,1,ITEM,5002751,16,588.48,2026-01-19 10:53:53
700262,2,ITEM,5002752,18,4060.98,2026-01-19 10:53:53
700262,3,TAX,,,232.47,2026-01-19 10:53:53
700263,1,ITEM,5002761,1,15296.91,2026-06-01 16:37:14
700263,2,TAX,,,764.85,2026-06-01 16:37:14
700264,1,ITEM,5002771,16,5840.64,2025-11-04 10:37:11
700264,2,ITEM,5002772,33,11423.28,2025-11-04 10:37:11
700264,3,TAX,,,863.2,2025-11-04 10:37:11
700265,1,ITEM,5002781,19,55833.21,2025-01-31 10:24:36
700265,2,ITEM,5002782,6,31652.16,2025-01-31 10:24:36
700265,3,TAX,,,4374.27,2025-01-31 10:24:36
700266,1,ITEM,5002791,34,86897.53,2026-05-29 10:40:55
700266,2,ITEM,5002792,5,6489.2,2026-05-29 10:40:55
700266,3,TAX,,,4669.34,2026-05-29 10:40:55
700267,1,ITEM,5002801,2,548.18,2025-09-22 11:01:18
700267,2,TAX,,,27.41,2025-09-22 11:01:18
700268,1,ITEM,5002811,1,17155.91,2024-11-15 09:16:49
700268,2,TAX,,,857.8,2024-11-15 09:16:49
700269,1,ITEM,5002821,1,37014.1,2026-06-11 10:01:26
700269,2,TAX,,,1850.7,2026-06-11 10:01:26
700270,1,ITEM,5002831,24,96068.16,2026-02-12 10:58:21
700270,2,ITEM,5002832,39,59463.69,2026-02-12 10:58:21
700270,3,ITEM,5002833,2,7935.06,2026-02-12 10:58:21
700270,4,TAX,,,0.0,2026-02-12 10:58:21
700271,1,ITEM,5002841,1,37496.02,2025-10-10 08:18:32
700271,2,ITEM,5002842,1,29014.13,2025-10-10 08:18:32
700271,3,TAX,,,3325.51,2025-10-10 08:18:32
700272,1,ITEM,5002851,1,14272.85,2025-06-16 11:30:38
700272,2,ITEM,5002852,1,71878.51,2025-06-16 11:30:38
700272,3,ITEM,5002853,1,114898.72,2025-06-16 11:30:38
700272,4,TAX,,,10052.5,2025-06-16 11:30:38
700273,1,ITEM,5002861,3,1034.28,2025-03-24 09:56:45
700273,2,ITEM,5002862,11,2219.8,2025-03-24 09:56:45
700273,3,TAX,,,162.7,2025-03-24 09:56:45
700274,1,ITEM,5002871,1,89158.99,2026-06-05 15:51:51
700274,2,ITEM,5002872,1,140547.92,2026-06-05 15:51:51
700274,3,ITEM,5002873,1,19351.18,2026-06-05 15:51:51
700274,4,TAX,,,12452.9,2026-06-05 15:51:51
700275,1,ITEM,5002881,1,10605.54,2025-01-08 09:25:17
700275,2,ITEM,5002882,1,9388.28,2025-01-08 09:25:17
700275,3,ITEM,5002883,1,11129.85,2025-01-08 09:25:17
700275,4,TAX,,,1556.18,2025-01-08 09:25:17
700276,1,ITEM,5002901,26,10092.94,2026-04-20 14:09:39
700276,2,TAX,,,504.65,2026-04-20 14:09:39
700277,1,ITEM,5002911,1,20918.86,2026-02-05 09:24:17
700277,2,TAX,,,1045.94,2026-02-05 09:24:17
700278,1,ITEM,5002921,1,36428.51,2025-03-24 12:50:24
700278,2,TAX,,,1821.43,2025-03-24 12:50:24
700279,1,ITEM,5002931,32,228436.16,2025-05-28 10:06:51
700279,2,TAX,,,22843.62,2025-05-28 10:06:51
700280,1,ITEM,5002941,4,999.72,2026-06-08 10:18:39
700280,2,TAX,,,49.99,2026-06-08 10:18:39
700281,1,ITEM,5002951,1,15315.26,2026-01-26 10:51:09
700281,2,TAX,,,765.76,2026-01-26 10:51:09
700282,1,ITEM,5002961,1,37181.6,2026-07-15 08:39:39
700282,2,TAX,,,1859.08,2026-07-15 08:39:39
700283,1,ITEM,5002971,13,57613.01,2026-02-09 10:54:51
700283,2,ITEM,5002972,14,117481.28,2026-02-09 10:54:51
700283,3,TAX,,,8754.71,2026-02-09 10:54:51
700284,1,ITEM,5002981,1,62207.58,2025-12-25 10:55:50
700284,2,TAX,,,6220.76,2025-12-25 10:55:50
700285,1,ITEM,5002991,1,22097.1,2026-07-24 08:12:56
700285,2,TAX,,,1104.86,2026-07-24 08:12:56
700286,1,ITEM,5002991,1,22097.1,2026-07-29 08:43:11
700286,2,TAX,,,1104.86,2026-07-29 08:43:11
700287,1,ITEM,5003001,1,112445.76,2025-02-07 10:47:15
700287,2,ITEM,5003002,1,26178.34,2025-02-07 10:47:15
700287,3,TAX,,,6931.21,2025-02-07 10:47:15
700288,1,ITEM,5003011,19,1651.67,2024-12-04 10:07:26
700288,2,TAX,,,0.0,2024-12-04 10:07:26
700289,1,ITEM,5003021,1,13317.39,2026-08-03 12:33:15
700289,2,TAX,,,665.87,2026-08-03 12:33:15
700290,1,ITEM,5003031,1,18548.27,2026-02-09 09:28:22
700290,2,TAX,,,927.41,2026-02-09 09:28:22
700291,1,ITEM,5003061,32,200499.2,2024-12-30 09:02:23
700291,2,TAX,,,10024.96,2024-12-30 09:02:23
700292,1,ITEM,5003071,25,9576.75,2025-01-31 10:42:52
700292,2,TAX,,,478.84,2025-01-31 10:42:52
700293,1,ITEM,5003081,38,8034.97,2024-12-19 08:12:12
700293,2,ITEM,5003082,10,3610.3,2024-12-19 08:12:12
700293,3,TAX,,,582.26,2024-12-19 08:12:12
700294,1,ITEM,5003091,38,214407.4,2026-03-17 16:34:28
700294,2,TAX,,,10720.37,2026-03-17 16:34:28
700295,1,ITEM,5003101,1,22623.14,2025-08-18 15:49:14
700295,2,ITEM,5003102,1,46082.85,2025-08-18 15:49:14
700295,3,ITEM,5003103,1,49880.15,2025-08-18 15:49:14
700295,4,TAX,,,5929.31,2025-08-18 15:49:14
700296,1,ITEM,5003111,37,241893.79,2026-06-10 10:34:51
700296,2,TAX,,,12094.69,2026-06-10 10:34:51
700297,1,ITEM,5003121,1,13571.89,2026-02-09 13:18:54
700297,2,TAX,,,678.59,2026-02-09 13:18:54
700298,1,ITEM,5003131,1,31934.36,2025-05-30 12:18:51
700298,2,TAX,,,1596.72,2025-05-30 12:18:51
700299,1,ITEM,5003141,9,104177.07,2026-02-05 08:36:18
700299,2,TAX,,,5208.85,2026-02-05 08:36:18
700300,1,ITEM,5003151,1,26944.86,2026-03-17 10:56:53
700300,2,TAX,,,1347.24,2026-03-17 10:56:53
700301,1,ITEM,5003161,11,83541.04,2026-06-17 09:32:34
700301,2,ITEM,5003162,2,6557.22,2026-06-17 09:32:34
700301,3,TAX,,,4504.91,2026-06-17 09:32:34
700302,1,ITEM,5003171,1,41929.17,2025-08-19 10:06:24
700302,2,ITEM,5003172,1,29556.46,2025-08-19 10:06:24
700302,3,ITEM,5003173,1,37933.38,2025-08-19 10:06:24
700302,4,TAX,,,5470.95,2025-08-19 10:06:24
700303,1,ITEM,5003181,1,36325.5,2026-07-07 10:58:04
700303,2,TAX,,,1816.28,2026-07-07 10:58:04
700304,1,ITEM,5003191,1,21941.53,2025-05-09 10:37:58
700304,2,TAX,,,1097.08,2025-05-09 10:37:58
700305,1,ITEM,5003201,1,29082.99,2025-06-23 09:54:50
700305,2,TAX,,,1454.15,2025-06-23 09:54:50
700306,1,ITEM,5003211,1,21012.3,2026-07-20 09:05:18
700306,2,TAX,,,1050.62,2026-07-20 09:05:18
700307,1,ITEM,5003231,4,5675.44,2025-08-18 13:34:35
700307,2,TAX,,,283.77,2025-08-18 13:34:35
700308,1,ITEM,5003241,28,40967.92,2026-07-24 10:05:46
700308,2,TAX,,,2048.4,2026-07-24 10:05:46
700309,1,ITEM,5003251,10,36847.2,2025-12-01 09:11:22
700309,2,TAX,,,1842.36,2025-12-01 09:11:22
700311,1,ITEM,5003281,19,26853.96,2026-01-06 09:20:04
700311,2,ITEM,5003282,35,114068.85,2026-01-06 09:20:04
700311,3,TAX,,,7046.14,2026-01-06 09:20:04
700312,1,ITEM,5003291,1,51648.67,2024-11-20 10:50:25
700312,2,TAX,,,2582.43,2024-11-20 10:50:25
700313,1,ITEM,5003301,16,67783.36,2025-07-07 17:55:27
700313,2,ITEM,5003302,12,88058.16,2025-07-07 17:55:27
700313,3,ITEM,5003303,10,45521.0,2025-07-07 17:55:27
700313,4,TAX,,,10068.13,2025-07-07 17:55:27
700314,1,ITEM,5003311,31,160791.42,2025-07-14 10:44:51
700314,2,ITEM,5003312,39,305614.14,2025-07-14 10:44:51
700314,3,ITEM,5003313,5,26447.05,2025-07-14 10:44:51
700314,4,TAX,,,24642.63,2025-07-14 10:44:51
700315,1,ITEM,5003321,39,150022.47,2026-06-10 16:02:48
700315,2,TAX,,,7501.12,2026-06-10 16:02:48
700316,1,ITEM,5003331,1,108059.67,2026-08-17 08:49:07
700316,2,TAX,,,5402.98,2026-08-17 08:49:07
700317,1,ITEM,5003341,39,14864.46,2025-02-19 14:12:13
700317,2,ITEM,5003342,40,2290.8,2025-02-19 14:12:13
700317,3,ITEM,5003343,40,14940.8,2025-02-19 14:12:13
700317,4,TAX,,,1604.8,2025-02-19 14:12:13
700318,1,ITEM,5003351,1,63523.09,2025-08-18 11:43:10
700318,2,ITEM,5003352,1,122965.06,2025-08-18 11:43:10
700318,3,TAX,,,9324.41,2025-08-18 11:43:10
700319,1,ITEM,5003361,1,150981.45,2026-07-30 08:55:48
700319,2,TAX,,,7549.07,2026-07-30 08:55:48
700320,1,ITEM,5003371,29,406586.38,2025-10-07 08:02:39
700320,2,ITEM,5003372,5,4282.55,2025-10-07 08:02:39
700320,3,ITEM,5003373,24,125268.24,2025-10-07 08:02:39
700320,4,TAX,,,26806.86,2025-10-07 08:02:39
700321,1,ITEM,5003381,1,28110.81,2025-03-31 16:39:43
700321,2,ITEM,5003382,1,33389.76,2025-03-31 16:39:43
700321,3,ITEM,5003383,1,31595.92,2025-03-31 16:39:43
700321,4,TAX,,,4654.82,2025-03-31 16:39:43
700322,1,ITEM,5003391,39,5624.58,2026-09-24 10:30:40
700322,2,ITEM,5003392,10,1515.2,2026-09-24 10:30:40
700322,3,TAX,,,356.99,2026-09-24 10:30:40
700323,1,ITEM,5003401,25,227254.0,2025-09-18 10:34:10
700323,2,ITEM,5003402,14,126959.7,2025-09-18 10:34:10
700323,3,TAX,,,17710.68,2025-09-18 10:34:10
700324,1,ITEM,5003421,23,77758.86,2025-03-25 12:17:25
700324,2,TAX,,,3887.94,2025-03-25 12:17:25
700325,1,ITEM,5003431,1,47562.75,2025-05-26 08:55:25
700325,2,ITEM,5003432,1,47919.01,2025-05-26 08:55:25
700325,3,TAX,,,4774.09,2025-05-26 08:55:25
700326,1,ITEM,5003441,1,2589.32,2025-05-23 09:12:46
700326,2,TAX,,,129.47,2025-05-23 09:12:46
700327,1,ITEM,5003461,21,139192.2,2025-05-01 08:39:53
700327,2,ITEM,5003462,10,54664.6,2025-05-01 08:39:53
700327,3,TAX,,,9692.84,2025-05-01 08:39:53
700328,1,ITEM,5003481,35,167722.45,2024-12-16 14:20:39
700328,2,TAX,,,8386.12,2024-12-16 14:20:39
700329,1,ITEM,5003491,35,160486.9,2025-05-05 15:31:05
700329,2,TAX,,,8024.35,2025-05-05 15:31:05
700330,1,ITEM,5003511,1,2087.45,2025-03-06 09:20:10
700330,2,ITEM,5003512,1,33295.55,2025-03-06 09:20:10
700330,3,TAX,,,1769.15,2025-03-06 09:20:10
700331,1,ITEM,5003521,19,41740.53,2025-05-26 10:43:21
700331,2,TAX,,,4174.05,2025-05-26 10:43:21
700332,1,ITEM,5003531,10,15737.6,2026-06-02 08:21:45
700332,2,TAX,,,786.88,2026-06-02 08:21:45
700333,1,ITEM,5003541,1,12456.97,2025-12-18 08:45:13
700333,2,TAX,,,622.85,2025-12-18 08:45:13
700334,1,ITEM,5003551,1,33890.33,2026-03-16 10:46:24
700334,2,ITEM,5003552,1,2110.84,2026-03-16 10:46:24
700334,3,ITEM,5003553,1,22606.13,2026-03-16 10:46:24
700334,4,TAX,,,2930.37,2026-03-16 10:46:24
700335,1,ITEM,5003561,24,181662.72,2026-07-13 14:44:44
700335,2,ITEM,5003562,11,9365.95,2026-07-13 14:44:44
700335,3,TAX,,,9551.43,2026-07-13 14:44:44
700336,1,ITEM,5003571,1,25670.63,2026-01-19 15:47:30
700336,2,ITEM,5003572,1,18634.49,2026-01-19 15:47:30
700336,3,TAX,,,2215.26,2026-01-19 15:47:30
700337,1,ITEM,5003601,1,38777.28,2025-07-07 10:27:58
700337,2,TAX,,,1938.86,2025-07-07 10:27:58
700338,1,ITEM,5003611,2,8499.98,2025-05-30 14:08:12
700338,2,TAX,,,425.0,2025-05-30 14:08:12
700339,1,ITEM,5003621,1,8466.37,2026-03-17 10:18:43
700339,2,TAX,,,423.32,2026-03-17 10:18:43
700340,1,ITEM,5003631,1,41114.38,2025-03-17 08:22:01
700340,2,ITEM,5003632,1,27473.65,2025-03-17 08:22:01
700340,3,TAX,,,3429.4,2025-03-17 08:22:01
700341,1,ITEM,5003651,6,50006.34,2025-08-18 17:40:49
700341,2,TAX,,,2500.32,2025-08-18 17:40:49
700342,1,ITEM,5003661,17,6318.39,2026-05-21 12:37:26
700342,2,TAX,,,315.92,2026-05-21 12:37:26
700343,1,ITEM,5003671,1,3344.78,2025-01-27 08:51:51
700343,2,ITEM,5003672,1,45175.97,2025-01-27 08:51:51
700343,3,TAX,,,2426.04,2025-01-27 08:51:51
700344,1,ITEM,5003681,1,13414.12,2025-06-26 08:02:16
700344,2,TAX,,,670.71,2025-06-26 08:02:16
700345,1,ITEM,5003691,14,5209.26,2026-05-11 09:53:13
700345,2,ITEM,5003692,37,6529.39,2026-05-11 09:53:13
700345,3,TAX,,,586.93,2026-05-11 09:53:13
700346,1,ITEM,5003701,1,72046.25,2026-09-03 08:22:55
700346,2,ITEM,5003702,1,114637.81,2026-09-03 08:22:55
700346,3,TAX,,,9334.2,2026-09-03 08:22:55
700347,1,ITEM,5003711,1,143665.21,2026-08-10 11:58:50
700347,2,TAX,,,7183.26,2026-08-10 11:58:50
700348,1,ITEM,5003731,31,11040.65,2025-02-10 17:32:45
700348,2,ITEM,5003732,25,5208.25,2025-02-10 17:32:45
700348,3,TAX,,,812.45,2025-02-10 17:32:45
700349,1,ITEM,5003741,1,19766.72,2026-01-29 10:43:44
700349,2,ITEM,5003742,1,8441.34,2026-01-29 10:43:44
700349,3,TAX,,,0.0,2026-01-29 10:43:44
700350,1,ITEM,5003751,37,69232.92,2025-08-11 14:03:50
700350,2,TAX,,,3461.65,2025-08-11 14:03:50
700351,1,ITEM,5003761,36,182008.08,2025-04-17 10:39:31
700351,2,TAX,,,9100.4,2025-04-17 10:39:31
700352,1,ITEM,5003781,1,9332.95,2026-05-12 17:45:45
700352,2,TAX,,,466.65,2026-05-12 17:45:45
700353,1,ITEM,5003791,1,8216.61,2025-10-02 10:23:00
700353,2,ITEM,5003792,1,8739.33,2025-10-02 10:23:00
700353,3,TAX,,,847.8,2025-10-02 10:23:00
700354,1,ITEM,5003801,1,129298.23,2024-11-22 09:50:49
700354,2,ITEM,5003802,1,51978.41,2024-11-22 09:50:49
700354,3,ITEM,5003803,1,125530.44,2024-11-22 09:50:49
700354,4,TAX,,,15340.35,2024-11-22 09:50:49
700355,1,ITEM,5003811,1,17768.76,2025-03-10 08:00:29
700355,2,TAX,,,888.44,2025-03-10 08:00:29
700357,1,ITEM,5003841,40,304484.55,2026-06-11 09:51:15
700357,2,TAX,,,15224.23,2026-06-11 09:51:15
700358,1,ITEM,5003851,1,2584.2,2025-07-03 08:42:33
700358,2,TAX,,,129.21,2025-07-03 08:42:33
700359,1,ITEM,5003861,1,44549.47,2025-06-11 09:06:31
700359,2,TAX,,,2227.47,2025-06-11 09:06:31
700360,1,ITEM,5003871,1,78134.64,2025-06-02 13:48:15
700360,2,TAX,,,3906.73,2025-06-02 13:48:15
700361,1,ITEM,5003881,38,10570.84,2026-04-20 08:11:21
700361,2,ITEM,5003882,12,502.32,2026-04-20 08:11:21
700361,3,ITEM,5003883,22,6962.34,2026-04-20 08:11:21
700361,4,TAX,,,901.78,2026-04-20 08:11:21
700362,1,ITEM,5003891,18,6086.16,2025-07-17 10:14:06
700362,2,TAX,,,304.31,2025-07-17 10:14:06
700363,1,ITEM,5003901,1,118994.53,2026-07-13 12:29:17
700363,2,TAX,,,5949.73,2026-07-13 12:29:17
700364,1,ITEM,5003911,1,56357.88,2025-02-10 08:22:58
700364,2,TAX,,,0.0,2025-02-10 08:22:58
700365,1,ITEM,5003921,1,48180.45,2026-02-25 13:16:38
700365,2,TAX,,,2409.02,2026-02-25 13:16:38
700366,1,ITEM,5003931,1,36396.96,2025-07-08 10:47:04
700366,2,TAX,,,1819.85,2025-07-08 10:47:04
700367,1,ITEM,5003941,1,39111.14,2025-05-05 10:53:16
700367,2,TAX,,,1955.56,2025-05-05 10:53:16
700368,1,ITEM,5003951,1,59198.29,2025-01-14 14:34:48
700368,2,ITEM,5003952,1,26939.91,2025-01-14 14:34:48
700368,3,TAX,,,4306.91,2025-01-14 14:34:48
700369,1,ITEM,5003961,20,139694.4,2025-11-17 09:58:26
700369,2,TAX,,,6984.72,2025-11-17 09:58:26
700370,1,ITEM,5003971,1,42300.01,2025-11-05 10:02:20
700370,2,ITEM,5003972,1,26352.58,2025-11-05 10:02:20
700370,3,ITEM,5003973,1,3233.53,2025-11-05 10:02:20
700370,4,TAX,,,3594.31,2025-11-05 10:02:20
700371,1,ITEM,5003981,11,51281.45,2025-03-31 08:38:02
700371,2,TAX,,,2564.07,2025-03-31 08:38:02
700372,1,ITEM,5003991,31,160448.87,2024-12-02 10:29:56
700372,2,ITEM,5003992,17,107271.53,2024-12-02 10:29:56
700372,3,TAX,,,13386.02,2024-12-02 10:29:56
700373,1,ITEM,5004001,1,26638.74,2025-10-21 09:35:40
700373,2,TAX,,,1331.94,2025-10-21 09:35:40
700374,1,ITEM,5004011,9,68338.53,2026-02-02 10:21:30
700374,2,ITEM,5004012,30,38436.0,2026-02-02 10:21:30
700374,3,TAX,,,5338.73,2026-02-02 10:21:30
700375,1,ITEM,5004021,20,209255.4,2026-05-04 10:33:42
700375,2,ITEM,5004022,39,411012.03,2026-05-04 10:33:42
700375,3,ITEM,5004023,8,36744.16,2026-05-04 10:33:42
700375,4,TAX,,,32850.58,2026-05-04 10:33:42
700376,1,ITEM,5004041,34,177840.74,2025-11-05 17:28:11
700376,2,ITEM,5004042,2,20154.88,2025-11-05 17:28:11
700376,3,ITEM,5004043,2,14271.66,2025-11-05 17:28:11
700376,4,TAX,,,10613.36,2025-11-05 17:28:11
700377,1,ITEM,5004051,1,15896.5,2024-11-20 09:15:21
700377,2,ITEM,5004052,1,17201.14,2024-11-20 09:15:21
700377,3,TAX,,,1654.88,2024-11-20 09:15:21
700378,1,ITEM,5004061,20,108979.4,2025-10-06 10:32:41
700378,2,TAX,,,5448.97,2025-10-06 10:32:41
700379,1,ITEM,5004071,1,39537.62,2026-03-31 08:36:40
700379,2,TAX,,,1976.88,2026-03-31 08:36:40
700380,1,ITEM,5004081,1,122055.95,2025-05-08 16:11:54
700380,2,ITEM,5004082,1,97133.94,2025-05-08 16:11:54
700380,3,TAX,,,10959.49,2025-05-08 16:11:54
700381,1,ITEM,5004101,1,115987.78,2024-11-21 09:40:41
700381,2,TAX,,,5799.39,2024-11-21 09:40:41
700382,1,ITEM,5004111,38,107000.78,2026-05-18 15:29:17
700382,2,TAX,,,5350.04,2026-05-18 15:29:17
700383,1,ITEM,5004121,21,1676.43,2026-02-20 09:38:47
700383,2,TAX,,,83.82,2026-02-20 09:38:47
700384,1,ITEM,5004131,3,9663.6,2026-02-17 08:25:25
700384,2,ITEM,5004132,30,220485.3,2026-02-17 08:25:25
700384,3,TAX,,,11507.45,2026-02-17 08:25:25
700385,1,ITEM,5004141,8,7118.24,2025-12-25 08:20:05
700385,2,ITEM,5004142,14,78546.44,2025-12-25 08:20:05
700385,3,TAX,,,4283.23,2025-12-25 08:20:05
700386,1,ITEM,5004151,23,5550.56,2025-04-28 08:04:56
700386,2,TAX,,,277.53,2025-04-28 08:04:56
700387,1,ITEM,5004161,24,86400.48,2025-06-09 08:13:22
700387,2,ITEM,5004162,21,221943.75,2025-06-09 08:13:22
700387,3,ITEM,5004163,30,268833.3,2025-06-09 08:13:22
700387,4,TAX,,,0.0,2025-06-09 08:13:22
700388,1,ITEM,5004171,1,116421.95,2025-11-14 10:04:55
700388,2,ITEM,5004172,1,41336.81,2025-11-14 10:04:55
700388,3,TAX,,,7887.94,2025-11-14 10:04:55
700389,1,ITEM,5004181,33,215777.76,2026-04-06 09:56:51
700389,2,ITEM,5004182,3,25891.56,2026-04-06 09:56:51
700389,3,ITEM,5004183,26,218773.1,2026-04-06 09:56:51
700389,4,TAX,,,23022.12,2026-04-06 09:56:51
700390,1,ITEM,5004191,37,12531.16,2025-12-16 15:41:38
700390,2,ITEM,5004192,18,6120.0,2025-12-16 15:41:38
700390,3,TAX,,,0.0,2025-12-16 15:41:38
700391,1,ITEM,5004201,30,339737.7,2026-03-02 09:12:23
700391,2,TAX,,,33973.77,2026-03-02 09:12:23
700392,1,ITEM,5004211,27,385849.17,2026-09-23 08:32:36
700392,2,ITEM,5004212,22,170264.6,2026-09-23 08:32:36
700392,3,TAX,,,27805.69,2026-09-23 08:32:36
700393,1,ITEM,5004221,1,25850.31,2026-04-24 09:46:05
700393,2,ITEM,5004222,1,12054.79,2026-04-24 09:46:05
700393,3,TAX,,,1895.26,2026-04-24 09:46:05
700394,1,ITEM,5004231,22,5326.2,2026-02-03 10:20:02
700394,2,ITEM,5004232,36,1337.76,2026-02-03 10:20:02
700394,3,TAX,,,333.2,2026-02-03 10:20:02
700395,1,ITEM,5004241,25,166868.5,2025-08-18 10:01:31
700395,2,ITEM,5004242,18,38864.16,2025-08-18 10:01:31
700395,3,TAX,,,10286.63,2025-08-18 10:01:31
700396,1,ITEM,5004251,29,37891.98,2025-09-24 08:43:13
700396,2,ITEM,5004252,36,164456.64,2025-09-24 08:43:13
700396,3,TAX,,,10117.43,2025-09-24 08:43:13
700397,1,ITEM,5004261,35,68132.4,2025-11-24 13:25:06
700397,2,ITEM,5004262,37,365637.33,2025-11-24 13:25:06
700397,3,TAX,,,21688.49,2025-11-24 13:25:06
700398,1,ITEM,5004271,1,37836.3,2026-04-02 14:28:22
700398,2,ITEM,5004272,1,41179.11,2026-04-02 14:28:22
700398,3,TAX,,,3950.77,2026-04-02 14:28:22
700399,1,ITEM,5004281,1,26781.83,2024-10-28 14:17:18
700399,2,ITEM,5004282,1,19293.46,2024-10-28 14:17:18
700399,3,TAX,,,2303.76,2024-10-28 14:17:18
700400,1,ITEM,5004291,1,34092.52,2025-07-18 10:38:07
700400,2,ITEM,5004292,1,28797.23,2025-07-18 10:38:07
700400,3,TAX,,,3144.49,2025-07-18 10:38:07
700401,1,ITEM,5004301,1,27236.0,2026-04-23 08:52:18
700401,2,TAX,,,1361.8,2026-04-23 08:52:18
700402,1,ITEM,5004311,25,8989.5,2026-04-20 09:13:42
700402,2,ITEM,5004312,22,3416.38,2026-04-20 09:13:42
700402,3,TAX,,,620.29,2026-04-20 09:13:42
700403,1,ITEM,5004321,4,231.84,2025-04-14 08:03:41
700403,2,ITEM,5004322,35,7089.6,2025-04-14 08:03:41
700403,3,TAX,,,366.07,2025-04-14 08:03:41
700404,1,ITEM,5004331,3,4936.17,2024-12-04 10:16:52
700404,2,TAX,,,246.81,2024-12-04 10:16:52
700405,1,ITEM,5004341,1,26942.81,2025-02-14 09:10:22
700405,2,ITEM,5004342,1,13212.95,2025-02-14 09:10:22
700405,3,TAX,,,2007.79,2025-02-14 09:10:22
700406,1,ITEM,5004351,1,14632.75,2025-04-14 08:21:36
700406,2,TAX,,,731.64,2025-04-14 08:21:36
700407,1,ITEM,5004361,15,94878.75,2025-10-03 09:11:49
700407,2,TAX,,,4743.94,2025-10-03 09:11:49
700408,1,ITEM,5004371,38,13186.76,2025-12-04 08:14:47
700408,2,TAX,,,659.34,2025-12-04 08:14:47
700409,1,ITEM,5004381,4,1531.64,2026-06-22 08:16:37
700409,2,TAX,,,76.58,2026-06-22 08:16:37
700410,1,ITEM,5004391,35,5782.7,2024-12-16 09:31:04
700410,2,TAX,,,289.13,2024-12-16 09:31:04
700411,1,ITEM,5004401,11,31305.23,2024-12-06 16:02:00
700411,2,ITEM,5004402,10,17755.6,2024-12-06 16:02:00
700411,3,ITEM,5004403,19,151833.18,2024-12-06 16:02:00
700411,4,TAX,,,20089.4,2024-12-06 16:02:00
700412,1,ITEM,5004411,1,31613.58,2026-01-12 09:23:05
700412,2,TAX,,,1580.68,2026-01-12 09:23:05
700413,1,ITEM,5004421,1,80210.31,2024-12-30 13:35:35
700413,2,TAX,,,4010.52,2024-12-30 13:35:35
700415,1,ITEM,5004451,26,3442.14,2026-06-01 08:14:29
700415,2,ITEM,5004452,20,3894.8,2026-06-01 08:14:29
700415,3,TAX,,,366.85,2026-06-01 08:14:29
700416,1,ITEM,5004461,18,498.6,2026-06-05 08:25:18
700416,2,TAX,,,24.93,2026-06-05 08:25:18
700417,1,ITEM,5004481,10,1062.2,2026-09-18 12:04:53
700417,2,ITEM,5004482,19,6112.11,2026-09-18 12:04:53
700417,3,ITEM,5004483,23,6813.52,2026-09-18 12:04:53
700417,4,TAX,,,699.39,2026-09-18 12:04:53
700418,1,ITEM,5004491,31,185609.71,2025-02-03 11:17:17
700418,2,ITEM,5004492,14,49692.44,2025-02-03 11:17:17
700418,3,TAX,,,11765.11,2025-02-03 11:17:17
700419,1,ITEM,5004501,1,7466.36,2026-04-13 10:55:57
700419,2,TAX,,,373.32,2026-04-13 10:55:57
700420,1,ITEM,5004511,1,12799.95,2025-08-08 11:38:35
700420,2,TAX,,,640.0,2025-08-08 11:38:35
700421,1,ITEM,5004521,1,39382.69,2026-02-24 08:54:58
700421,2,TAX,,,0.0,2026-02-24 08:54:58
700422,1,ITEM,5004531,1,41959.67,2025-04-28 08:23:29
700422,2,TAX,,,2097.98,2025-04-28 08:23:29
700423,1,ITEM,5004541,5,6511.3,2024-11-29 10:35:38
700423,2,TAX,,,325.57,2024-11-29 10:35:38
700424,1,ITEM,5004561,1,28665.19,2025-11-11 09:53:54
700424,2,TAX,,,1433.26,2025-11-11 09:53:54
700425,1,ITEM,5004571,13,115532.81,2024-10-28 09:12:24
700425,2,TAX,,,5776.64,2024-10-28 09:12:24
700426,1,ITEM,5004581,29,428884.19,2026-02-13 08:25:10
700426,2,ITEM,5004582,7,80375.19,2026-02-13 08:25:10
700426,3,ITEM,5004583,28,393478.4,2026-02-13 08:25:10
700426,4,TAX,,,45136.89,2026-02-13 08:25:10
700427,1,ITEM,5004591,25,2803.5,2026-03-05 08:05:09
700427,2,ITEM,5004592,33,12248.61,2026-03-05 08:05:09
700427,3,ITEM,5004593,25,8604.0,2026-03-05 08:05:09
700427,4,TAX,,,1182.81,2026-03-05 08:05:09
700428,1,ITEM,5004591,25,2803.5,2026-03-12 10:41:12
700428,2,ITEM,5004592,33,12248.61,2026-03-12 10:41:12
700428,3,ITEM,5004593,25,8604.0,2026-03-12 10:41:12
700428,4,TAX,,,1182.81,2026-03-12 10:41:12
700429,1,ITEM,5004601,40,11180.8,2024-12-02 08:38:27
700429,2,ITEM,5004602,40,12042.0,2024-12-02 08:38:27
700429,3,TAX,,,1161.14,2024-12-02 08:38:27
700430,1,ITEM,5004611,28,132363.84,2026-07-29 10:37:52
700430,2,ITEM,5004612,7,34821.57,2026-07-29 10:37:52
700430,3,ITEM,5004613,31,126004.15,2026-07-29 10:37:52
700430,4,TAX,,,14659.48,2026-07-29 10:37:52
700431,1,ITEM,5004621,35,1027.6,2025-08-27 08:25:08
700431,2,ITEM,5004622,2,742.46,2025-08-27 08:25:08
700431,3,ITEM,5004623,19,1280.98,2025-08-27 08:25:08
700431,4,TAX,,,152.55,2025-08-27 08:25:08
700432,1,ITEM,5004631,1,11909.61,2024-11-18 08:26:10
700432,2,ITEM,5004632,1,143311.58,2024-11-18 08:26:10
700432,3,ITEM,5004633,1,99451.41,2024-11-18 08:26:10
700432,4,TAX,,,12733.63,2024-11-18 08:26:10
700433,1,ITEM,5004641,1,47619.84,2026-06-22 08:24:11
700433,2,ITEM,5004642,1,34570.73,2026-06-22 08:24:11
700433,3,TAX,,,4109.53,2026-06-22 08:24:11
700434,1,ITEM,5004651,32,263592.96,2026-06-10 10:36:27
700434,2,TAX,,,13179.65,2026-06-10 10:36:27
700435,1,ITEM,5004661,1,74500.67,2025-05-06 09:24:03
700435,2,TAX,,,3725.03,2025-05-06 09:24:03
700436,1,ITEM,5004671,1,39064.71,2026-01-12 09:10:48
700436,2,TAX,,,1953.24,2026-01-12 09:10:48
700437,1,ITEM,5004681,1,37526.76,2026-01-14 10:09:47
700437,2,TAX,,,1876.34,2026-01-14 10:09:47
700438,1,ITEM,5004691,1,23605.71,2024-11-20 13:15:37
700438,2,ITEM,5004692,1,55090.39,2024-11-20 13:15:37
700438,3,ITEM,5004693,1,6904.27,2024-11-20 13:15:37
700438,4,TAX,,,4280.02,2024-11-20 13:15:37
700439,1,ITEM,5004701,29,7671.08,2025-06-20 08:17:39
700439,2,TAX,,,383.55,2025-06-20 08:17:39
700440,1,ITEM,5004711,16,5367.04,2026-01-27 13:30:46
700440,2,TAX,,,268.35,2026-01-27 13:30:46
700441,1,ITEM,5004721,12,1228.08,2024-10-25 12:31:16
700441,2,TAX,,,61.4,2024-10-25 12:31:16
700442,1,ITEM,5004731,1,40006.05,2026-03-16 13:00:53
700442,2,TAX,,,2000.3,2026-03-16 13:00:53
700443,1,ITEM,5004741,1,55390.98,2026-03-16 10:32:48
700443,2,ITEM,5004742,1,15214.57,2026-03-16 10:32:48
700443,3,TAX,,,3530.28,2026-03-16 10:32:48
700444,1,ITEM,5004751,18,95031.72,2025-08-04 08:33:25
700444,2,TAX,,,4751.59,2025-08-04 08:33:25
700445,1,ITEM,5004761,1,28280.88,2025-04-04 09:06:27
700445,2,ITEM,5004762,1,5924.39,2025-04-04 09:06:27
700445,3,TAX,,,1710.26,2025-04-04 09:06:27
700446,1,ITEM,5004771,1,24881.12,2025-03-19 08:29:28
700446,2,ITEM,5004772,1,108450.1,2025-03-19 08:29:28
700446,3,ITEM,5004773,1,35507.6,2025-03-19 08:29:28
700446,4,TAX,,,8441.94,2025-03-19 08:29:28
700447,1,ITEM,5004791,4,25884.08,2025-05-09 14:33:57
700447,2,ITEM,5004792,16,50880.0,2025-05-09 14:33:57
700447,3,ITEM,5004793,16,108660.0,2025-05-09 14:33:57
700447,4,TAX,,,9271.2,2025-05-09 14:33:57
700448,1,ITEM,5004801,1,12174.85,2025-03-06 08:16:05
700448,2,ITEM,5004802,1,38782.05,2025-03-06 08:16:05
700448,3,TAX,,,2547.85,2025-03-06 08:16:05
700449,1,ITEM,5004811,1,29507.15,2025-03-20 08:02:05
700449,2,TAX,,,1475.36,2025-03-20 08:02:05
700450,1,ITEM,5004821,1,85445.15,2025-12-08 09:20:46
700450,2,TAX,,,4272.26,2025-12-08 09:20:46
700451,1,ITEM,5004831,35,9479.28,2026-07-27 08:51:50
700451,2,TAX,,,473.96,2026-07-27 08:51:50
700452,1,ITEM,5004841,1,37202.42,2025-09-01 09:15:48
700452,2,TAX,,,1860.12,2025-09-01 09:15:48
700453,1,ITEM,5004851,16,6040.96,2025-01-20 10:16:43
700453,2,ITEM,5004852,33,9599.37,2025-01-20 10:16:43
700453,3,TAX,,,782.02,2025-01-20 10:16:43
700454,1,ITEM,5004861,3,12819.93,2024-12-06 17:59:34
700454,2,ITEM,5004862,2,25808.54,2024-12-06 17:59:34
700454,3,ITEM,5004863,37,413826.87,2024-12-06 17:59:34
700454,4,TAX,,,22622.77,2024-12-06 17:59:34
700455,1,ITEM,5004871,1,18574.81,2024-11-04 12:24:07
700455,2,TAX,,,928.74,2024-11-04 12:24:07
700456,1,ITEM,5004881,1,1959.1,2025-05-16 10:57:56
700456,2,ITEM,5004882,33,127574.04,2025-05-16 10:57:56
700456,3,TAX,,,6476.66,2025-05-16 10:57:56
700457,1,ITEM,5004891,1,24918.25,2025-07-14 08:57:33
700457,2,TAX,,,1245.91,2025-07-14 08:57:33
700459,1,ITEM,5004921,1,4704.33,2026-01-13 17:47:49
700459,2,TAX,,,235.22,2026-01-13 17:47:49
700460,1,ITEM,5004931,28,4732.28,2024-12-17 12:09:31
700460,2,ITEM,5004932,17,1659.37,2024-12-17 12:09:31
700460,3,TAX,,,319.58,2024-12-17 12:09:31
700461,1,ITEM,5004941,15,74408.55,2025-01-06 14:23:54
700461,2,ITEM,5004942,9,77683.68,2025-01-06 14:23:54
700461,3,ITEM,5004943,38,216482.2,2025-01-06 14:23:54
700461,4,TAX,,,18428.72,2025-01-06 14:23:54
700462,1,ITEM,5004951,37,273307.53,2025-07-02 09:49:28
700462,2,ITEM,5004952,10,16505.7,2025-07-02 09:49:28
700462,3,TAX,,,14490.66,2025-07-02 09:49:28
700463,1,ITEM,5004961,1,22020.61,2026-01-30 10:49:15
700463,2,ITEM,5004962,1,113097.14,2026-01-30 10:49:15
700463,3,ITEM,5004963,1,90585.01,2026-01-30 10:49:15
700463,4,TAX,,,11285.14,2026-01-30 10:49:15
700464,1,ITEM,5004971,24,268776.24,2026-03-25 15:52:23
700464,2,ITEM,5004972,11,161987.87,2026-03-25 15:52:23
700464,3,ITEM,5004973,23,334944.86,2026-03-25 15:52:23
700464,4,TAX,,,38285.45,2026-03-25 15:52:23
700465,1,ITEM,5004981,1,52418.93,2026-01-26 09:15:02
700465,2,TAX,,,2620.95,2026-01-26 09:15:02
700466,1,ITEM,5004991,1,58051.42,2026-01-06 15:53:08
700466,2,TAX,,,2902.57,2026-01-06 15:53:08
700467,1,ITEM,5005001,1,22259.37,2025-06-23 15:30:09
700467,2,TAX,,,1112.97,2025-06-23 15:30:09
700468,1,ITEM,5005011,1,24382.33,2024-12-16 10:46:07
700468,2,ITEM,5005012,1,3250.8,2024-12-16 10:46:07
700468,3,TAX,,,1381.66,2024-12-16 10:46:07
700469,1,ITEM,5005021,1,75922.58,2026-05-25 14:58:45
700469,2,ITEM,5005022,1,92781.65,2026-05-25 14:58:45
700469,3,ITEM,5005023,1,47018.32,2026-05-25 14:58:45
700469,4,TAX,,,10786.13,2026-05-25 14:58:45
700470,1,ITEM,5005031,14,2645.02,2026-04-28 08:49:14
700470,2,ITEM,5005032,28,6018.32,2026-04-28 08:49:14
700470,3,TAX,,,433.17,2026-04-28 08:49:14
700471,1,ITEM,5005041,1,86384.02,2026-06-19 09:08:53
700471,2,TAX,,,4319.2,2026-06-19 09:08:53
700472,1,ITEM,5005051,1,69335.15,2026-09-21 08:43:12
700472,2,TAX,,,3466.76,2026-09-21 08:43:12
700473,1,ITEM,5005061,6,12206.64,2025-11-13 10:29:31
700473,2,TAX,,,610.33,2025-11-13 10:29:31
700474,1,ITEM,5005071,15,190800.0,2024-11-14 10:30:02
700474,2,ITEM,5005072,31,357256.71,2024-11-14 10:30:02
700474,3,TAX,,,27402.84,2024-11-14 10:30:02
700475,1,ITEM,5005081,17,6519.84,2025-06-20 08:22:22
700475,2,ITEM,5005082,25,5520.0,2025-06-20 08:22:22
700475,3,TAX,,,601.99,2025-06-20 08:22:22
700476,1,ITEM,5005091,25,796.12,2025-07-15 10:56:10
700476,2,TAX,,,39.81,2025-07-15 10:56:10
700477,1,ITEM,5005101,1,38578.79,2026-09-21 10:42:21
700477,2,TAX,,,1928.94,2026-09-21 10:42:21
700478,1,ITEM,5005111,12,2867.88,2026-02-16 09:16:07
700478,2,ITEM,5005112,8,1600.64,2026-02-16 09:16:07
700478,3,TAX,,,223.43,2026-02-16 09:16:07
700479,1,ITEM,5005121,1,23602.86,2025-01-20 08:54:33
700479,2,ITEM,5005122,1,57236.14,2025-01-20 08:54:33
700479,3,TAX,,,4041.95,2025-01-20 08:54:33
700480,1,ITEM,5005131,7,1054.13,2026-06-03 16:13:17
700480,2,ITEM,5005132,24,8820.0,2026-06-03 16:13:17
700480,3,TAX,,,493.71,2026-06-03 16:13:17
700481,1,ITEM,5005141,25,3938.0,2025-01-20 08:38:35
700481,2,TAX,,,196.9,2025-01-20 08:38:35
700482,1,ITEM,5005151,1,11784.75,2025-04-15 13:37:53
700482,2,ITEM,5005152,1,11613.57,2025-04-15 13:37:53
700482,3,ITEM,5005153,1,19208.55,2025-04-15 13:37:53
700482,4,TAX,,,2130.34,2025-04-15 13:37:53
700483,1,ITEM,5005161,1,6712.11,2025-12-15 09:48:26
700483,2,ITEM,5005162,1,25340.86,2025-12-15 09:48:26
700483,3,TAX,,,1602.65,2025-12-15 09:48:26
700484,1,ITEM,5005171,23,119642.78,2026-07-08 10:06:41
700484,2,TAX,,,5982.14,2026-07-08 10:06:41
700485,1,ITEM,5005181,32,428103.56,2025-06-11 09:01:45
700485,2,TAX,,,21405.18,2025-06-11 09:01:45
700486,1,ITEM,5005191,39,3849.69,2025-05-27 16:20:55
700486,2,TAX,,,192.48,2025-05-27 16:20:55
700487,1,ITEM,5005201,15,18313.35,2025-12-08 17:46:11
700487,2,ITEM,5005202,26,240580.08,2025-12-08 17:46:11
700487,3,ITEM,5005203,34,391795.94,2025-12-08 17:46:11
700487,4,TAX,,,32534.47,2025-12-08 17:46:11
700488,1,ITEM,5005211,1,2707.0,2026-03-16 13:08:05
700488,2,ITEM,5005212,1,39750.82,2026-03-16 13:08:05
700488,3,TAX,,,2122.89,2026-03-16 13:08:05
700489,1,ITEM,5005221,1,27835.27,2024-11-13 14:00:46
700489,2,TAX,,,1391.76,2024-11-13 14:00:46
700490,1,ITEM,5005231,1,76308.95,2025-12-19 13:53:28
700490,2,TAX,,,3815.45,2025-12-19 13:53:28
700491,1,ITEM,5005241,38,462134.72,2025-08-11 09:17:32
700491,2,ITEM,5005242,40,92612.8,2025-08-11 09:17:32
700491,3,ITEM,5005243,21,268411.08,2025-08-11 09:17:32
700491,4,TAX,,,41157.93,2025-08-11 09:17:32
700492,1,ITEM,5005251,1,23854.04,2025-10-13 13:30:35
700492,2,ITEM,5005252,1,36962.63,2025-10-13 13:30:35
700492,3,TAX,,,3040.83,2025-10-13 13:30:35
700493,1,ITEM,5005261,1,92731.88,2025-10-01 08:19:55
700493,2,ITEM,5005262,1,81227.18,2025-10-01 08:19:55
700493,3,ITEM,5005263,1,82347.03,2025-10-01 08:19:55
700493,4,TAX,,,12815.3,2025-10-01 08:19:55
700494,1,ITEM,5005271,1,79343.39,2026-03-30 10:35:38
700494,2,TAX,,,3967.17,2026-03-30 10:35:38
700495,1,ITEM,5005281,1,12780.85,2025-04-03 09:04:07
700495,2,TAX,,,639.04,2025-04-03 09:04:07
700496,1,ITEM,5005291,1,19571.41,2026-06-01 10:40:45
700496,2,ITEM,5005292,1,58347.78,2026-06-01 10:40:45
700496,3,TAX,,,0.0,2026-06-01 10:40:45
700497,1,ITEM,5005301,1,133484.27,2025-02-04 10:27:15
700497,2,TAX,,,6674.21,2025-02-04 10:27:15
700498,1,ITEM,5005321,1,22104.71,2024-11-06 14:28:54
700498,2,TAX,,,1105.24,2024-11-06 14:28:54
700499,1,ITEM,5005331,30,122812.41,2026-08-10 13:15:34
700499,2,TAX,,,6140.62,2026-08-10 13:15:34
700501,1,ITEM,5005351,7,33714.59,2026-08-24 08:11:22
700501,2,ITEM,5005352,20,39403.0,2026-08-24 08:11:22
700501,3,TAX,,,0.0,2026-08-24 08:11:22
700502,1,ITEM,5005361,1,147644.37,2025-05-05 10:49:35
700502,2,TAX,,,7382.22,2025-05-05 10:49:35
700503,1,ITEM,5005371,38,278894.92,2025-06-09 10:08:14
700503,2,ITEM,5005372,15,14253.6,2025-06-09 10:08:14
700503,3,TAX,,,14657.43,2025-06-09 10:08:14
700504,1,ITEM,5005381,36,12495.6,2026-01-26 17:24:19
700504,2,ITEM,5005382,33,5632.77,2026-01-26 17:24:19
700504,3,TAX,,,1812.84,2026-01-26 17:24:19
700505,1,ITEM,5005401,11,841.17,2025-02-26 09:20:06
700505,2,TAX,,,0.0,2025-02-26 09:20:06
700506,1,ITEM,5005411,10,74253.3,2026-04-01 08:14:14
700506,2,TAX,,,3712.67,2026-04-01 08:14:14
700507,1,ITEM,5005431,8,1322.48,2026-04-07 09:32:02
700507,2,ITEM,5005432,5,1147.35,2026-04-07 09:32:02
700507,3,ITEM,5005433,13,3648.19,2026-04-07 09:32:02
700507,4,TAX,,,305.9,2026-04-07 09:32:02
700508,1,ITEM,5005441,22,67426.04,2025-04-18 10:53:04
700508,2,ITEM,5005442,30,109620.6,2025-04-18 10:53:04
700508,3,ITEM,5005443,36,261135.36,2025-04-18 10:53:04
700508,4,TAX,,,21909.1,2025-04-18 10:53:04
700509,1,ITEM,5005451,1,18842.21,2024-11-18 09:44:15
700509,2,TAX,,,0.0,2024-11-18 09:44:15
700510,1,ITEM,5005461,1,27913.99,2026-08-14 08:18:15
700510,2,TAX,,,1395.7,2026-08-14 08:18:15
700511,1,ITEM,5005471,28,9031.68,2025-10-29 14:35:30
700511,2,ITEM,5005472,26,7846.54,2025-10-29 14:35:30
700511,3,ITEM,5005473,39,7408.83,2025-10-29 14:35:30
700511,4,TAX,,,1214.35,2025-10-29 14:35:30
700512,1,ITEM,5005481,5,72256.6,2025-04-11 13:05:32
700512,2,TAX,,,3612.83,2025-04-11 13:05:32
700513,1,ITEM,5005491,1,8218.44,2025-04-11 09:24:03
700513,2,TAX,,,410.92,2025-04-11 09:24:03
700514,1,ITEM,5005511,1,9616.54,2025-02-03 10:55:17
700514,2,TAX,,,480.83,2025-02-03 10:55:17
700515,1,ITEM,5005521,25,169386.75,2025-06-02 09:34:53
700515,2,ITEM,5005522,3,41142.96,2025-06-02 09:34:53
700515,3,TAX,,,10526.49,2025-06-02 09:34:53
700516,1,ITEM,5005531,31,148255.57,2026-09-15 10:50:08
700516,2,ITEM,5005532,15,114232.95,2026-09-15 10:50:08
700516,3,ITEM,5005533,29,253853.82,2026-09-15 10:50:08
700516,4,TAX,,,25817.12,2026-09-15 10:50:08
700517,1,ITEM,5005541,22,3617.68,2026-08-10 14:17:03
700517,2,ITEM,5005542,1,132.87,2026-08-10 14:17:03
700517,3,ITEM,5005543,18,3881.88,2026-08-10 14:17:03
700517,4,TAX,,,381.62,2026-08-10 14:17:03
700518,1,ITEM,5005551,1,48870.75,2025-06-11 09:57:14
700518,2,TAX,,,2443.54,2025-06-11 09:57:14
700519,1,ITEM,5005561,33,94986.21,2025-05-29 17:45:28
700519,2,ITEM,5005562,5,31090.95,2025-05-29 17:45:28
700519,3,TAX,,,6303.86,2025-05-29 17:45:28
700520,1,ITEM,5005571,16,5817.76,2025-06-02 08:18:14
700520,2,TAX,,,290.89,2025-06-02 08:18:14
700521,1,ITEM,5005581,20,107919.2,2026-09-14 10:16:38
700521,2,ITEM,5005582,11,64549.87,2026-09-14 10:16:38
700521,3,TAX,,,8623.45,2026-09-14 10:16:38
700522,1,ITEM,5005591,1,20725.84,2025-07-07 10:49:25
700522,2,ITEM,5005592,1,135211.22,2025-07-07 10:49:25
700522,3,ITEM,5005593,1,76464.9,2025-07-07 10:49:25
700522,4,TAX,,,11620.1,2025-07-07 10:49:25
700523,1,ITEM,5005601,21,106845.9,2024-10-07 08:46:02
700523,2,TAX,,,5342.3,2024-10-07 08:46:02
700524,1,ITEM,5005611,36,511577.28,2026-09-29 09:56:32
700524,2,ITEM,5005612,18,101934.54,2026-09-29 09:56:32
700524,3,TAX,,,30675.59,2026-09-29 09:56:32
700525,1,ITEM,5005621,14,4020.24,2025-11-17 09:54:25
700525,2,ITEM,5005622,5,238.1,2025-11-17 09:54:25
700525,3,TAX,,,212.92,2025-11-17 09:54:25
700526,1,ITEM,5005631,1,36048.61,2026-08-03 15:44:03
700526,2,TAX,,,1802.43,2026-08-03 15:44:03
700527,1,ITEM,5005641,1,102507.3,2025-07-09 09:37:02
700527,2,TAX,,,5125.37,2025-07-09 09:37:02
700528,1,ITEM,5005651,3,3806.4,2025-11-18 09:45:35
700528,2,ITEM,5005652,29,19865.29,2025-11-18 09:45:35
700528,3,TAX,,,1183.58,2025-11-18 09:45:35
700529,1,ITEM,5005671,1,128102.26,2025-12-22 09:34:44
700529,2,ITEM,5005672,1,86903.93,2025-12-22 09:34:44
700529,3,ITEM,5005673,1,40101.09,2025-12-22 09:34:44
700529,4,TAX,,,12755.36,2025-12-22 09:34:44
700530,1,ITEM,5005681,1,104777.44,2024-12-12 11:32:23
700530,2,TAX,,,5238.87,2024-12-12 11:32:23
700531,1,ITEM,5005691,1,30762.17,2025-12-02 10:18:46
700531,2,TAX,,,1538.11,2025-12-02 10:18:46
700532,1,ITEM,5005701,1,13455.79,2025-04-07 16:33:25
700532,2,TAX,,,672.79,2025-04-07 16:33:25
700533,1,ITEM,5005711,29,97851.22,2025-10-27 10:36:14
700533,2,ITEM,5005712,39,261916.59,2025-10-27 10:36:14
700533,3,TAX,,,17988.39,2025-10-27 10:36:14
700534,1,ITEM,5005721,26,72397.26,2026-02-04 08:01:16
700534,2,TAX,,,3619.86,2026-02-04 08:01:16
700535,1,ITEM,5005731,1,13861.3,2025-12-25 10:12:25
700535,2,ITEM,5005732,1,55251.2,2025-12-25 10:12:25
700535,3,ITEM,5005733,1,28217.02,2025-12-25 10:12:25
700535,4,TAX,,,4866.48,2025-12-25 10:12:25
700536,1,ITEM,5005741,1,32021.84,2025-10-22 10:56:55
700536,2,ITEM,5005742,1,28013.65,2025-10-22 10:56:55
700536,3,ITEM,5005743,1,38788.42,2025-10-22 10:56:55
700536,4,TAX,,,4941.2,2025-10-22 10:56:55
700537,1,ITEM,5005751,1,35182.32,2025-06-23 09:02:48
700537,2,TAX,,,1759.12,2025-06-23 09:02:48
700538,1,ITEM,5005761,20,37586.14,2025-03-25 09:40:10
700538,2,ITEM,5005762,34,195087.24,2025-03-25 09:40:10
700538,3,TAX,,,11633.67,2025-03-25 09:40:10
700539,1,ITEM,5005771,1,99881.46,2025-02-03 16:08:40
700539,2,ITEM,5005772,1,95444.76,2025-02-03 16:08:40
700539,3,TAX,,,9766.31,2025-02-03 16:08:40
700540,1,ITEM,5005791,37,427747.75,2025-05-12 10:29:39
700540,2,ITEM,5005792,36,43265.88,2025-05-12 10:29:39
700540,3,TAX,,,23550.68,2025-05-12 10:29:39
700541,1,ITEM,5005801,23,163009.28,2026-06-22 15:21:06
700541,2,TAX,,,8150.46,2026-06-22 15:21:06
700542,1,ITEM,5005811,1,64632.16,2025-02-24 08:06:31
700542,2,TAX,,,6463.22,2025-02-24 08:06:31
700543,1,ITEM,5005821,9,99190.98,2026-02-23 10:36:36
700543,2,TAX,,,4959.55,2026-02-23 10:36:36
700544,1,ITEM,5005831,1,22982.13,2025-10-10 11:29:08
700544,2,TAX,,,1149.11,2025-10-10 11:29:08
700545,1,ITEM,5005841,36,32889.9,2025-04-14 08:00:00
700545,2,ITEM,5005842,3,44343.36,2025-04-14 08:00:00
700545,3,TAX,,,3861.66,2025-04-14 08:00:00
700546,1,ITEM,5005851,8,2492.45,2025-07-07 15:45:57
700546,2,TAX,,,124.62,2025-07-07 15:45:57
700547,1,ITEM,5005861,1,35835.55,2025-03-14 10:08:45
700547,2,ITEM,5005862,1,4612.1,2025-03-14 10:08:45
700547,3,ITEM,5005863,1,55349.85,2025-03-14 10:08:45
700547,4,TAX,,,4789.88,2025-03-14 10:08:45
700548,1,ITEM,5005871,3,1086.15,2025-08-18 10:23:38
700548,2,ITEM,5005872,26,7042.1,2025-08-18 10:23:38
700548,3,TAX,,,406.41,2025-08-18 10:23:38
700549,1,ITEM,5005881,1,20321.15,2025-09-15 08:02:14
700549,2,TAX,,,1016.06,2025-09-15 08:02:14
700551,1,ITEM,5005901,1,38654.93,2026-02-16 09:15:58
700551,2,TAX,,,1932.75,2026-02-16 09:15:58
700552,1,ITEM,5005911,25,4157.5,2026-01-26 15:12:56
700552,2,ITEM,5005912,17,5632.44,2026-01-26 15:12:56
700552,3,TAX,,,489.5,2026-01-26 15:12:56
700553,1,ITEM,5005921,25,64776.75,2026-06-09 11:51:47
700553,2,TAX,,,6477.68,2026-06-09 11:51:47
700554,1,ITEM,5005931,1,75706.57,2026-09-28 09:59:47
700554,2,ITEM,5005932,1,82571.75,2026-09-28 09:59:47
700554,3,TAX,,,7913.92,2026-09-28 09:59:47
700556,1,ITEM,5005941,1,85297.87,2026-02-04 09:29:05
700556,2,TAX,,,4264.89,2026-02-04 09:29:05
700557,1,ITEM,5005951,24,104948.4,2025-12-30 10:08:13
700557,2,ITEM,5005952,22,45474.44,2025-12-30 10:08:13
700557,3,TAX,,,7521.14,2025-12-30 10:08:13
700558,1,ITEM,5005961,1,28789.44,2025-10-24 08:59:07
700558,2,ITEM,5005962,1,9874.31,2025-10-24 08:59:07
700558,3,TAX,,,1933.19,2025-10-24 08:59:07
700559,1,ITEM,5005971,8,2849.68,2026-06-08 09:47:33
700559,2,TAX,,,142.48,2026-06-08 09:47:33
700560,1,ITEM,5005981,17,6296.29,2026-06-09 10:52:54
700560,2,TAX,,,314.81,2026-06-09 10:52:54
700561,1,ITEM,5005991,14,34566.14,2024-12-19 10:27:44
700561,2,ITEM,5005992,31,202576.01,2024-12-19 10:27:44
700561,3,ITEM,5005993,27,113428.08,2024-12-19 10:27:44
700561,4,TAX,,,0.0,2024-12-19 10:27:44
700562,1,ITEM,5006001,1,133475.82,2026-07-17 12:45:25
700562,2,TAX,,,6673.79,2026-07-17 12:45:25
700563,1,ITEM,5006011,21,111070.68,2025-08-29 09:43:01
700563,2,TAX,,,5553.53,2025-08-29 09:43:01
700564,1,ITEM,5006021,1,33527.49,2026-07-13 16:17:17
700564,2,TAX,,,1676.37,2026-07-13 16:17:17
700565,1,ITEM,5006031,1,17240.64,2025-06-16 10:27:23
700565,2,ITEM,5006032,1,25652.96,2025-06-16 10:27:23
700565,3,ITEM,5006033,1,10564.15,2025-06-16 10:27:23
700565,4,TAX,,,2672.89,2025-06-16 10:27:23
700566,1,ITEM,5006041,10,81564.1,2025-11-10 12:26:21
700566,2,ITEM,5006042,9,15224.67,2025-11-10 12:26:21
700566,3,TAX,,,4839.44,2025-11-10 12:26:21
700567,1,ITEM,5006051,1,8538.61,2026-09-03 08:45:02
700567,2,ITEM,5006052,1,2446.81,2026-09-03 08:45:02
700567,3,TAX,,,549.27,2026-09-03 08:45:02
700568,1,ITEM,5006061,3,9892.83,2026-06-22 13:18:15
700568,2,TAX,,,494.64,2026-06-22 13:18:15
700569,1,ITEM,5006071,34,70461.26,2025-07-23 09:22:29
700569,2,TAX,,,3523.06,2025-07-23 09:22:29
700570,1,ITEM,5006091,37,30658.2,2025-12-01 09:19:40
700570,2,TAX,,,1532.91,2025-12-01 09:19:40
700571,1,ITEM,5006101,1,49325.36,2026-06-18 09:55:41
700571,2,TAX,,,2466.27,2026-06-18 09:55:41
700572,1,ITEM,5006111,1,4093.6,2024-12-10 14:35:06
700572,2,TAX,,,204.68,2024-12-10 14:35:06
700573,1,ITEM,5006121,24,1713.43,2025-04-02 09:15:27
700573,2,TAX,,,85.67,2025-04-02 09:15:27
700574,1,ITEM,5006131,1,13569.1,2025-01-08 10:07:30
700574,2,TAX,,,678.46,2025-01-08 10:07:30
700575,1,ITEM,5006141,1,3548.61,2025-02-13 13:36:07
700575,2,TAX,,,177.43,2025-02-13 13:36:07
700576,1,ITEM,5006161,1,4092.48,2026-07-17 08:09:39
700576,2,ITEM,5006162,1,36334.45,2026-07-17 08:09:39
700576,3,ITEM,5006163,1,28320.73,2026-07-17 08:09:39
700576,4,TAX,,,3437.38,2026-07-17 08:09:39
700577,1,ITEM,5006171,1,40745.44,2026-08-20 10:00:46
700577,2,TAX,,,2037.27,2026-08-20 10:00:46
700578,1,ITEM,5006171,1,40745.44,2026-08-24 12:21:56
700578,2,TAX,,,2037.27,2026-08-24 12:21:56
700579,1,ITEM,5006181,1,53531.15,2025-01-22 15:17:45
700579,2,TAX,,,2676.56,2025-01-22 15:17:45
700580,1,ITEM,5006191,21,223441.68,2025-01-07 10:35:46
700580,2,ITEM,5006192,15,128332.35,2025-01-07 10:35:46
700580,3,TAX,,,17588.7,2025-01-07 10:35:46
700581,1,ITEM,5006201,1,56193.11,2026-05-25 10:21:39
700581,2,TAX,,,2809.66,2026-05-25 10:21:39
700582,1,ITEM,5006211,1,31545.36,2026-06-15 16:59:18
700582,2,TAX,,,1577.27,2026-06-15 16:59:18
700583,1,ITEM,5006221,2,60.34,2026-05-25 10:18:42
700583,2,ITEM,5006222,35,1970.5,2026-05-25 10:18:42
700583,3,TAX,,,101.54,2026-05-25 10:18:42
700584,1,ITEM,5006231,6,45553.56,2026-05-06 09:59:51
700584,2,TAX,,,2277.68,2026-05-06 09:59:51
700585,1,ITEM,5006241,3,12286.92,2025-10-06 09:48:57
700585,2,ITEM,5006242,7,38805.34,2025-10-06 09:48:57
700585,3,TAX,,,2554.61,2025-10-06 09:48:57
700586,1,ITEM,5006251,35,510814.5,2026-07-21 14:51:40
700586,2,ITEM,5006252,38,529848.06,2026-07-21 14:51:40
700586,3,ITEM,5006253,11,108272.89,2026-07-21 14:51:40
700586,4,TAX,,,57446.77,2026-07-21 14:51:40
700587,1,ITEM,5006251,35,510814.5,2026-07-24 17:23:32
700587,2,ITEM,5006252,38,529848.06,2026-07-24 17:23:32
700587,3,ITEM,5006253,11,108272.89,2026-07-24 17:23:32
700587,4,TAX,,,57446.77,2026-07-24 17:23:32
700588,1,ITEM,5006271,13,17608.89,2025-04-14 08:50:28
700588,2,ITEM,5006272,33,141676.92,2025-04-14 08:50:28
700588,3,ITEM,5006273,19,53380.5,2025-04-14 08:50:28
700588,4,TAX,,,10633.32,2025-04-14 08:50:28
700589,1,ITEM,5006281,1,58608.55,2026-01-08 08:59:19
700589,2,ITEM,5006282,1,117022.65,2026-01-08 08:59:19
700589,3,ITEM,5006283,1,89922.56,2026-01-08 08:59:19
700589,4,TAX,,,13277.69,2026-01-08 08:59:19
700590,1,ITEM,5006291,1,20073.31,2025-05-05 09:01:20
700590,2,TAX,,,1003.67,2025-05-05 09:01:20
700591,1,ITEM,5006301,1,27540.89,2025-03-03 09:36:09
700591,2,TAX,,,1377.04,2025-03-03 09:36:09
700592,1,ITEM,5006311,19,197130.32,2026-06-26 10:55:40
700592,2,TAX,,,9856.52,2026-06-26 10:55:40
700593,1,ITEM,5006321,27,205479.18,2026-05-07 12:47:23
700593,2,TAX,,,10273.96,2026-05-07 12:47:23
700594,1,ITEM,5006331,37,15889.55,2024-12-12 09:49:38
700594,2,TAX,,,794.48,2024-12-12 09:49:38
700595,1,ITEM,5006341,28,9750.16,2026-07-09 17:15:12
700595,2,TAX,,,487.51,2026-07-09 17:15:12
700596,1,ITEM,5006351,21,288601.32,2026-03-09 08:28:16
700596,2,TAX,,,14430.07,2026-03-09 08:28:16
700597,1,ITEM,5006361,14,112087.92,2024-12-31 10:10:38
700597,2,TAX,,,5604.4,2024-12-31 10:10:38
700598,1,ITEM,5006371,1,61884.3,2025-02-17 08:01:33
700598,2,ITEM,5006372,1,92176.89,2025-02-17 08:01:33
700598,3,ITEM,5006373,1,61437.43,2025-02-17 08:01:33
700598,4,TAX,,,10774.93,2025-02-17 08:01:33
700599,1,ITEM,5006381,25,2898.43,2026-07-27 08:55:41
700599,2,TAX,,,144.92,2026-07-27 08:55:41
700600,1,ITEM,5006391,1,12352.4,2026-08-13 09:59:25
700600,2,ITEM,5006392,1,31551.8,2026-08-13 09:59:25
700600,3,ITEM,5006393,1,17666.52,2026-08-13 09:59:25
700600,4,TAX,,,3078.54,2026-08-13 09:59:25
700601,1,ITEM,5006401,3,12588.18,2025-12-24 09:21:05
700601,2,TAX,,,629.41,2025-12-24 09:21:05
700602,1,ITEM,5006411,1,38217.4,2025-04-08 10:44:07
700602,2,TAX,,,1910.87,2025-04-08 10:44:07
700603,1,ITEM,5006421,1,127384.02,2024-11-25 11:29:08
700603,2,ITEM,5006422,1,134102.36,2024-11-25 11:29:08
700603,3,TAX,,,13074.32,2024-11-25 11:29:08
700604,1,ITEM,5006431,1,11028.21,2025-04-07 14:38:59
700604,2,TAX,,,551.41,2025-04-07 14:38:59
700605,1,ITEM,5006441,16,225779.04,2025-10-24 10:56:36
700605,2,ITEM,5006442,9,103222.08,2025-10-24 10:56:36
700605,3,TAX,,,16450.06,2025-10-24 10:56:36
700606,1,ITEM,5006451,1,4870.06,2025-03-05 08:28:20
700606,2,ITEM,5006452,1,12581.2,2025-03-05 08:28:20
700606,3,TAX,,,872.56,2025-03-05 08:28:20
700607,1,ITEM,5006461,28,276027.92,2025-09-24 13:09:11
700607,2,TAX,,,13801.4,2025-09-24 13:09:11
700608,1,ITEM,5006471,1,89711.65,2025-08-04 09:09:55
700608,2,TAX,,,4485.58,2025-08-04 09:09:55
700609,1,ITEM,5006481,1,3910.36,2026-02-23 10:26:20
700609,2,ITEM,5006482,1,43545.35,2026-02-23 10:26:20
700609,3,TAX,,,2372.79,2026-02-23 10:26:20
700610,1,ITEM,5006491,1,129038.77,2026-08-10 10:33:21
700610,2,ITEM,5006492,1,39500.12,2026-08-10 10:33:21
700610,3,TAX,,,8426.94,2026-08-10 10:33:21
700611,1,ITEM,5006501,34,525553.31,2025-12-26 08:10:56
700611,2,TAX,,,26277.67,2025-12-26 08:10:56
700612,1,ITEM,5006501,34,525553.31,2026-01-02 09:02:33
700612,2,TAX,,,26277.67,2026-01-02 09:02:33
700613,1,ITEM,5006511,39,37010.22,2026-04-17 08:57:00
700613,2,ITEM,5006512,16,25616.0,2026-04-17 08:57:00
700613,3,TAX,,,3131.31,2026-04-17 08:57:00
700614,1,ITEM,5006511,39,37010.22,2026-05-05 08:18:00
700614,2,ITEM,5006512,16,25616.0,2026-05-05 08:18:00
700614,3,TAX,,,3131.31,2026-05-05 08:18:00
700615,1,ITEM,5006521,1,44003.17,2024-11-08 10:34:13
700615,2,TAX,,,2200.16,2024-11-08 10:34:13
700616,1,ITEM,5006531,1,32566.41,2026-08-24 08:21:00
700616,2,TAX,,,1628.32,2026-08-24 08:21:00
700617,1,ITEM,5006541,8,2734.16,2025-01-17 17:06:07
700617,2,ITEM,5006542,36,13138.2,2025-01-17 17:06:07
700617,3,TAX,,,793.62,2025-01-17 17:06:07
700618,1,ITEM,5006551,1,44792.02,2024-12-02 12:11:51
700618,2,ITEM,5006552,1,7593.13,2024-12-02 12:11:51
700618,3,TAX,,,2619.26,2024-12-02 12:11:51
700619,1,ITEM,5006561,36,139374.72,2026-03-10 10:26:16
700619,2,TAX,,,13937.47,2026-03-10 10:26:16
700620,1,ITEM,5006571,37,109993.97,2026-09-24 10:39:49
700620,2,TAX,,,5499.7,2026-09-24 10:39:49
700621,1,ITEM,5006581,31,11027.01,2026-09-07 16:35:33
700621,2,ITEM,5006582,12,4423.32,2026-09-07 16:35:33
700621,3,ITEM,5006583,16,616.16,2026-09-07 16:35:33
700621,4,TAX,,,803.32,2026-09-07 16:35:33
700622,1,ITEM,5006591,1,55844.64,2026-01-02 09:04:17
700622,2,TAX,,,2792.23,2026-01-02 09:04:17
700623,1,ITEM,5006601,1,37310.65,2025-04-11 10:57:16
700623,2,ITEM,5006602,1,11885.32,2025-04-11 10:57:16
700623,3,TAX,,,2459.8,2025-04-11 10:57:16
700624,1,ITEM,5006611,11,2992.55,2025-07-15 10:51:42
700624,2,TAX,,,149.63,2025-07-15 10:51:42
700625,1,ITEM,5006621,1,128398.28,2026-02-17 08:43:35
700625,2,ITEM,5006622,1,17192.99,2026-02-17 08:43:35
700625,3,TAX,,,7279.56,2026-02-17 08:43:35
700626,1,ITEM,5006631,26,8730.49,2025-03-13 09:03:29
700626,2,TAX,,,436.52,2025-03-13 09:03:29
700627,1,ITEM,5006641,1,74075.93,2025-10-01 08:13:52
700627,2,TAX,,,3703.8,2025-10-01 08:13:52
700628,1,ITEM,5006651,1,27520.95,2026-03-10 17:32:23
700628,2,TAX,,,1376.05,2026-03-10 17:32:23
700629,1,ITEM,5006661,1,29421.3,2026-01-06 08:14:12
700629,2,TAX,,,1471.07,2026-01-06 08:14:12
700630,1,ITEM,5006671,1,11055.32,2025-08-18 09:05:26
700630,2,TAX,,,552.77,2025-08-18 09:05:26
700631,1,ITEM,5006671,1,11055.32,2025-08-25 10:00:34
700631,2,TAX,,,552.77,2025-08-25 10:00:34
700632,1,ITEM,5006681,1,8713.57,2024-12-12 08:08:24
700632,2,ITEM,5006682,1,11540.77,2024-12-12 08:08:24
700632,3,ITEM,5006683,1,15800.83,2024-12-12 08:08:24
700632,4,TAX,,,1802.76,2024-12-12 08:08:24
700633,1,ITEM,5006691,23,68259.19,2025-07-31 09:11:01
700633,2,TAX,,,3412.96,2025-07-31 09:11:01
700634,1,ITEM,5006701,39,1224.99,2026-08-25 09:47:06
700634,2,TAX,,,61.25,2026-08-25 09:47:06
700635,1,ITEM,5006711,1,22884.78,2024-12-23 09:06:02
700635,2,ITEM,5006712,1,19059.13,2024-12-23 09:06:02
700635,3,TAX,,,2097.2,2024-12-23 09:06:02
700637,1,ITEM,5006731,37,217042.0,2025-07-23 15:15:22
700637,2,TAX,,,10852.1,2025-07-23 15:15:22
700638,1,ITEM,5006741,33,142421.07,2025-02-20 08:06:25
700638,2,ITEM,5006742,8,10213.52,2025-02-20 08:06:25
700638,3,TAX,,,7631.73,2025-02-20 08:06:25
700639,1,ITEM,5006751,12,1874.64,2026-08-24 10:41:42
700639,2,ITEM,5006752,5,296.75,2026-08-24 10:41:42
700639,3,TAX,,,108.57,2026-08-24 10:41:42
700640,1,ITEM,5006761,1,5346.91,2025-03-14 10:13:34
700640,2,TAX,,,267.35,2025-03-14 10:13:34
700641,1,ITEM,5006771,1,27398.56,2025-10-27 08:20:16
700641,2,TAX,,,1369.93,2025-10-27 08:20:16
700642,1,ITEM,5006781,35,22192.1,2025-10-13 08:52:02
700642,2,ITEM,5006782,39,327468.96,2025-10-13 08:52:02
700642,3,TAX,,,17483.05,2025-10-13 08:52:02
700643,1,ITEM,5006791,1,149191.76,2026-06-01 10:57:09
700643,2,ITEM,5006792,1,45131.22,2026-06-01 10:57:09
700643,3,ITEM,5006793,1,68515.33,2026-06-01 10:57:09
700643,4,TAX,,,13141.92,2026-06-01 10:57:09
700644,1,ITEM,5006801,38,283831.88,2025-08-18 09:38:54
700644,2,ITEM,5006802,35,301001.05,2025-08-18 09:38:54
700644,3,ITEM,5006803,24,106388.16,2025-08-18 09:38:54
700644,4,TAX,,,34561.05,2025-08-18 09:38:54
700645,1,ITEM,5006811,7,27882.05,2025-08-25 12:21:09
700645,2,ITEM,5006812,16,113640.8,2025-08-25 12:21:09
700645,3,TAX,,,7076.14,2025-08-25 12:21:09
700646,1,ITEM,5006821,1,5246.74,2025-03-18 08:16:22
700646,2,TAX,,,262.34,2025-03-18 08:16:22
700647,1,ITEM,5006831,1,47414.16,2025-10-15 08:31:12
700647,2,TAX,,,2370.71,2025-10-15 08:31:12
700648,1,ITEM,5006841,14,128013.2,2025-12-16 10:00:31
700648,2,TAX,,,6400.66,2025-12-16 10:00:31
700649,1,ITEM,5006851,1,17087.16,2025-09-05 08:13:56
700649,2,ITEM,5006852,1,37906.71,2025-09-05 08:13:56
700649,3,TAX,,,2749.69,2025-09-05 08:13:56
700650,1,ITEM,5006861,40,4147.2,2025-03-17 10:28:34
700650,2,TAX,,,207.36,2025-03-17 10:28:34
700651,1,ITEM,5006881,1,31165.87,2025-09-11 09:43:30
700651,2,ITEM,5006882,1,47993.52,2025-09-11 09:43:30
700651,3,ITEM,5006883,1,28466.29,2025-09-11 09:43:30
700651,4,TAX,,,5381.28,2025-09-11 09:43:30
700652,1,ITEM,5006891,1,27256.04,2026-04-27 13:00:51
700652,2,TAX,,,1362.8,2026-04-27 13:00:51
700653,1,ITEM,5006901,1,26344.85,2025-02-24 08:30:24
700653,2,ITEM,5006902,1,30022.78,2025-02-24 08:30:24
700653,3,TAX,,,2818.38,2025-02-24 08:30:24
700654,1,ITEM,5006911,1,132894.36,2024-10-30 08:04:51
700654,2,TAX,,,6644.72,2024-10-30 08:04:51
700655,1,ITEM,5006921,5,13739.9,2024-11-13 11:56:37
700655,2,TAX,,,687.0,2024-11-13 11:56:37
700656,1,ITEM,5006931,26,6165.24,2026-08-13 09:33:51
700656,2,TAX,,,308.26,2026-08-13 09:33:51
700657,1,ITEM,5006941,1,136933.78,2025-01-13 09:32:19
700657,2,TAX,,,13693.38,2025-01-13 09:32:19
700658,1,ITEM,5006961,19,156310.72,2025-01-16 09:17:45
700658,2,ITEM,5006962,29,220445.53,2025-01-16 09:17:45
700658,3,ITEM,5006963,17,33699.61,2025-01-16 09:17:45
700658,4,TAX,,,20522.79,2025-01-16 09:17:45
700659,1,ITEM,5006971,1,103730.18,2026-08-25 10:48:11
700659,2,ITEM,5006972,1,89591.46,2026-08-25 10:48:11
700659,3,ITEM,5006973,1,124064.05,2026-08-25 10:48:11
700659,4,TAX,,,15869.28,2026-08-25 10:48:11
700660,1,ITEM,5006981,1,63993.4,2025-01-13 10:05:04
700660,2,ITEM,5006982,1,137984.36,2025-01-13 10:05:04
700660,3,TAX,,,10098.89,2025-01-13 10:05:04
700661,1,ITEM,5006991,1,31143.56,2025-09-19 10:15:24
700661,2,TAX,,,1557.18,2025-09-19 10:15:24
700662,1,ITEM,5007001,1,18527.38,2026-02-03 09:04:36
700662,2,TAX,,,926.37,2026-02-03 09:04:36
700663,1,ITEM,5007021,38,136404.8,2025-04-16 09:54:11
700663,2,TAX,,,6820.24,2025-04-16 09:54:11
700664,1,ITEM,5007031,1,77494.91,2026-02-17 08:18:02
700664,2,ITEM,5007032,1,16732.34,2026-02-17 08:18:02
700664,3,TAX,,,4711.36,2026-02-17 08:18:02
700665,1,ITEM,5007041,1,27838.38,2026-04-06 09:51:51
700665,2,TAX,,,1391.92,2026-04-06 09:51:51
700666,1,ITEM,5007051,10,66302.5,2025-01-10 10:56:37
700666,2,TAX,,,3315.12,2025-01-10 10:56:37
700667,1,ITEM,5007061,12,84420.54,2026-08-10 15:52:13
700667,2,TAX,,,4221.03,2026-08-10 15:52:13
700668,1,ITEM,5007071,1,7472.83,2025-07-02 10:50:02
700668,2,ITEM,5007072,1,28169.75,2025-07-02 10:50:02
700668,3,TAX,,,1782.13,2025-07-02 10:50:02
700669,1,ITEM,5007081,26,178575.28,2026-05-21 17:49:54
700669,2,TAX,,,8928.76,2026-05-21 17:49:54
700670,1,ITEM,5007091,5,755.35,2025-05-26 10:55:11
700670,2,ITEM,5007092,12,1236.72,2025-05-26 10:55:11
700670,3,TAX,,,99.6,2025-05-26 10:55:11
700671,1,ITEM,5007101,1,54818.6,2025-10-20 10:06:46
700671,2,ITEM,5007102,1,57452.64,2025-10-20 10:06:46
700671,3,ITEM,5007103,1,45136.41,2025-10-20 10:06:46
700671,4,TAX,,,7870.38,2025-10-20 10:06:46
700672,1,ITEM,5007111,1,62060.3,2026-05-07 10:29:15
700672,2,TAX,,,3103.02,2026-05-07 10:29:15
700673,1,ITEM,5007131,1,17876.17,2025-09-08 16:37:23
700673,2,ITEM,5007132,1,6161.08,2025-09-08 16:37:23
700673,3,TAX,,,1201.86,2025-09-08 16:37:23
700674,1,ITEM,5007141,1,41415.24,2026-05-14 08:51:24
700674,2,ITEM,5007142,1,89682.73,2026-05-14 08:51:24
700674,3,ITEM,5007143,1,123991.09,2026-05-14 08:51:24
700674,4,TAX,,,12754.45,2026-05-14 08:51:24
700675,1,ITEM,5007151,36,1737.84,2026-05-08 09:43:23
700675,2,ITEM,5007152,35,12828.9,2026-05-08 09:43:23
700675,3,TAX,,,728.34,2026-05-08 09:43:23
700676,1,ITEM,5007161,15,5346.15,2025-09-26 10:36:41
700676,2,ITEM,5007162,26,2606.24,2025-09-26 10:36:41
700676,3,ITEM,5007163,14,2426.34,2025-09-26 10:36:41
700676,4,TAX,,,518.94,2025-09-26 10:36:41
700677,1,ITEM,5007171,39,80903.16,2025-02-07 08:23:50
700677,2,TAX,,,4045.16,2025-02-07 08:23:50
700678,1,ITEM,5007181,1,15155.2,2026-09-04 08:51:09
700678,2,ITEM,5007182,1,48884.31,2026-09-04 08:51:09
700678,3,ITEM,5007183,1,63571.64,2026-09-04 08:51:09
700678,4,TAX,,,6380.56,2026-09-04 08:51:09
700679,1,ITEM,5007191,1,30871.63,2025-05-02 08:02:17
700679,2,TAX,,,1543.58,2025-05-02 08:02:17
700680,1,ITEM,5007201,7,2090.62,2025-04-14 10:56:28
700680,2,TAX,,,104.53,2025-04-14 10:56:28
700681,1,ITEM,5007211,1,100463.39,2025-02-25 10:57:59
700681,2,ITEM,5007212,1,39293.23,2025-02-25 10:57:59
700681,3,ITEM,5007213,1,36141.58,2025-02-25 10:57:59
700681,4,TAX,,,8794.91,2025-02-25 10:57:59
700682,1,ITEM,5007221,1,39875.24,2026-08-31 09:33:33
700682,2,ITEM,5007222,1,48964.87,2026-08-31 09:33:33
700682,3,ITEM,5007223,1,20034.48,2026-08-31 09:33:33
700682,4,TAX,,,5443.73,2026-08-31 09:33:33
700683,1,ITEM,5007231,31,275349.44,2025-05-22 08:32:11
700683,2,ITEM,5007232,4,20434.92,2025-05-22 08:32:11
700683,3,ITEM,5007233,30,44358.3,2025-05-22 08:32:11
700683,4,TAX,,,17007.13,2025-05-22 08:32:11
700684,1,ITEM,5007241,1,148178.6,2026-06-18 09:12:59
700684,2,TAX,,,7408.93,2026-06-18 09:12:59
700685,1,ITEM,5007251,1,37533.89,2025-03-28 10:14:14
700685,2,TAX,,,1876.69,2025-03-28 10:14:14
700686,1,ITEM,5007261,1,17605.15,2024-10-31 15:51:02
700686,2,ITEM,5007262,1,67989.85,2024-10-31 15:51:02
700686,3,ITEM,5007263,1,113948.73,2024-10-31 15:51:02
700686,4,TAX,,,9977.19,2024-10-31 15:51:02
700687,1,ITEM,5007271,1,13722.95,2026-04-27 10:57:31
700687,2,ITEM,5007272,1,3559.93,2026-04-27 10:57:31
700687,3,ITEM,5007273,1,15047.53,2026-04-27 10:57:31
700687,4,TAX,,,1616.52,2026-04-27 10:57:31
700688,1,ITEM,5007281,17,240484.54,2026-08-18 09:34:20
700688,2,ITEM,5007282,31,158038.0,2026-08-18 09:34:20
700688,3,ITEM,5007283,19,191020.87,2026-08-18 09:34:20
700688,4,TAX,,,29477.17,2026-08-18 09:34:20
700689,1,ITEM,5007291,28,352825.89,2025-09-25 08:05:32
700689,2,TAX,,,17641.29,2025-09-25 08:05:32
700690,1,ITEM,5007301,8,36598.96,2025-12-09 08:43:03
700690,2,TAX,,,1829.95,2025-12-09 08:43:03
700691,1,ITEM,5007311,1,96302.08,2024-11-20 10:04:27
700691,2,ITEM,5007312,1,30086.36,2024-11-20 10:04:27
700691,3,TAX,,,6319.42,2024-11-20 10:04:27
700692,1,ITEM,5007321,9,111872.25,2025-01-27 10:14:44
700692,2,TAX,,,5593.61,2025-01-27 10:14:44
700693,1,ITEM,5007331,14,62330.52,2026-02-19 09:32:03
700693,2,TAX,,,3116.53,2026-02-19 09:32:03
700694,1,ITEM,5007341,2,12058.44,2025-08-14 08:57:36
700694,2,TAX,,,602.92,2025-08-14 08:57:36
700695,1,ITEM,5007351,16,1216.32,2026-06-04 10:23:40
700695,2,ITEM,5007352,21,903.84,2026-06-04 10:23:40
700695,3,ITEM,5007353,28,10615.08,2026-06-04 10:23:40
700695,4,TAX,,,636.76,2026-06-04 10:23:40
700696,1,ITEM,5007361,17,138553.34,2024-12-04 09:08:01
700696,2,TAX,,,6927.67,2024-12-04 09:08:01
700697,1,ITEM,5007371,24,130617.12,2025-04-28 10:57:19
700697,2,ITEM,5007372,39,38393.94,2025-04-28 10:57:19
700697,3,TAX,,,8450.55,2025-04-28 10:57:19
700698,1,ITEM,5007381,18,209297.52,2026-08-26 13:27:45
700698,2,TAX,,,10464.88,2026-08-26 13:27:45
700699,1,ITEM,5007391,8,73761.04,2026-08-10 13:55:10
700699,2,TAX,,,3688.05,2026-08-10 13:55:10
700700,1,ITEM,5007401,21,150049.62,2025-03-14 09:27:03
700700,2,ITEM,5007402,21,50750.49,2025-03-14 09:27:03
700700,3,ITEM,5007403,25,372593.5,2025-03-14 09:27:03
700700,4,TAX,,,28669.68,2025-03-14 09:27:03
700701,1,ITEM,5007411,18,141518.98,2025-08-15 09:39:09
700701,2,TAX,,,7075.95,2025-08-15 09:39:09
700702,1,ITEM,5007421,1,43534.33,2025-05-05 09:47:17
700702,2,ITEM,5007422,1,45957.84,2025-05-05 09:47:17
700702,3,TAX,,,4474.61,2025-05-05 09:47:17
700703,1,ITEM,5007431,16,10257.12,2026-09-28 09:55:02
700703,2,TAX,,,512.86,2026-09-28 09:55:02
700704,1,ITEM,5007441,29,121531.58,2026-07-06 08:20:48
700704,2,TAX,,,6076.58,2026-07-06 08:20:48
700705,1,ITEM,5007451,14,54917.8,2025-12-01 10:42:22
700705,2,TAX,,,2745.89,2025-12-01 10:42:22
700706,1,ITEM,5007461,2,17900.0,2026-07-15 09:10:09
700706,2,ITEM,5007462,3,25938.6,2026-07-15 09:10:09
700706,3,ITEM,5007463,22,27087.5,2026-07-15 09:10:09
700706,4,TAX,,,3546.31,2026-07-15 09:10:09
700707,1,ITEM,5007471,32,1969.92,2025-01-02 08:04:10
700707,2,TAX,,,98.5,2025-01-02 08:04:10
700708,1,ITEM,5007481,1,189.21,2025-08-01 08:46:55
700708,2,TAX,,,9.46,2025-08-01 08:46:55
700709,1,ITEM,5007491,1,94575.71,2026-06-23 10:01:36
700709,2,ITEM,5007492,1,32305.08,2026-06-23 10:01:36
700709,3,TAX,,,6344.04,2026-06-23 10:01:36
700710,1,ITEM,5007501,1,40174.44,2026-05-01 08:39:22
700710,2,TAX,,,2008.72,2026-05-01 08:39:22
700711,1,ITEM,5007511,35,12866.35,2026-01-26 15:30:51
700711,2,ITEM,5007512,19,6820.43,2026-01-26 15:30:51
700711,3,ITEM,5007513,4,1573.0,2026-01-26 15:30:51
700711,4,TAX,,,1062.99,2026-01-26 15:30:51
700712,1,ITEM,5007521,29,2384.96,2024-11-06 08:08:31
700712,2,ITEM,5007522,21,2205.0,2024-11-06 08:08:31
700712,3,TAX,,,229.5,2024-11-06 08:08:31
700713,1,ITEM,5007531,1,30355.89,2025-12-09 09:23:54
700713,2,ITEM,5007532,1,118402.33,2025-12-09 09:23:54
700713,3,TAX,,,7437.91,2025-12-09 09:23:54
700714,1,ITEM,5007541,38,7675.62,2025-04-09 12:37:43
700714,2,ITEM,5007542,27,8553.6,2025-04-09 12:37:43
700714,3,TAX,,,0.0,2025-04-09 12:37:43
700715,1,ITEM,5007551,34,358351.5,2025-07-22 12:25:40
700715,2,TAX,,,17917.58,2025-07-22 12:25:40
700716,1,ITEM,5007561,34,503136.76,2025-11-11 09:33:19
700716,2,TAX,,,25156.84,2025-11-11 09:33:19
700717,1,ITEM,5007571,29,2787.19,2024-12-03 12:39:34
700717,2,TAX,,,139.36,2024-12-03 12:39:34
700718,1,ITEM,5007581,21,7143.15,2025-06-05 11:50:30
700718,2,ITEM,5007582,22,5716.26,2025-06-05 11:50:30
700718,3,TAX,,,642.97,2025-06-05 11:50:30
700719,1,ITEM,5007591,24,117056.4,2026-01-02 14:51:15
700719,2,TAX,,,5852.82,2026-01-02 14:51:15
700720,1,ITEM,5007601,7,51668.89,2025-10-24 17:16:30
700720,2,TAX,,,2583.44,2025-10-24 17:16:30
700721,1,ITEM,5007611,21,306825.75,2025-05-14 15:49:49
700721,2,TAX,,,15341.29,2025-05-14 15:49:49
700722,1,ITEM,5007621,1,17530.96,2026-09-21 10:47:37
700722,2,ITEM,5007622,1,149596.32,2026-09-21 10:47:37
700722,3,ITEM,5007623,1,135726.38,2026-09-21 10:47:37
700722,4,TAX,,,15142.68,2026-09-21 10:47:37
700723,1,ITEM,5007631,16,145093.76,2026-01-12 09:03:29
700723,2,TAX,,,7254.69,2026-01-12 09:03:29
700724,1,ITEM,5007641,1,14386.34,2025-02-04 09:28:12
700724,2,TAX,,,719.32,2025-02-04 09:28:12
700725,1,ITEM,5007651,24,6342.24,2026-01-23 08:09:29
700725,2,ITEM,5007652,15,1400.55,2026-01-23 08:09:29
700725,3,ITEM,5007653,14,656.04,2026-01-23 08:09:29
700725,4,TAX,,,419.94,2026-01-23 08:09:29
700726,1,ITEM,5007661,1,8390.96,2026-03-06 09:28:51
700726,2,ITEM,5007662,1,36566.88,2026-03-06 09:28:51
700726,3,TAX,,,2247.89,2026-03-06 09:28:51
700727,1,ITEM,5007671,1,59318.69,2026-05-06 09:19:48
700727,2,TAX,,,2965.93,2026-05-06 09:19:48
700728,1,ITEM,5007681,1,36048.38,2024-11-20 10:29:26
700728,2,ITEM,5007682,1,9959.53,2024-11-20 10:29:26
700728,3,ITEM,5007683,1,33660.61,2024-11-20 10:29:26
700728,4,TAX,,,3983.43,2024-11-20 10:29:26
700729,1,ITEM,5007691,1,136885.21,2026-05-04 10:53:47
700729,2,ITEM,5007692,1,31438.29,2026-05-04 10:53:47
700729,3,TAX,,,8416.18,2026-05-04 10:53:47
700730,1,ITEM,5007701,8,3000.98,2024-12-30 12:00:37
700730,2,ITEM,5007702,40,1753.6,2024-12-30 12:00:37
700730,3,TAX,,,237.73,2024-12-30 12:00:37
700731,1,ITEM,5007721,1,18255.35,2026-03-05 09:16:39
700731,2,ITEM,5007722,1,31267.27,2026-03-05 09:16:39
700731,3,TAX,,,2476.13,2026-03-05 09:16:39
700732,1,ITEM,5007731,24,8415.36,2025-10-31 09:17:06
700732,2,ITEM,5007732,7,700.49,2025-10-31 09:17:06
700732,3,TAX,,,455.79,2025-10-31 09:17:06
700733,1,ITEM,5007741,29,836.65,2025-07-03 10:43:38
700733,2,ITEM,5007742,28,9887.64,2025-07-03 10:43:38
700733,3,ITEM,5007743,11,2853.51,2025-07-03 10:43:38
700733,4,TAX,,,678.89,2025-07-03 10:43:38
700734,1,ITEM,5007751,22,4226.2,2025-07-23 10:05:33
700734,2,ITEM,5007752,24,8186.64,2025-07-23 10:05:33
700734,3,ITEM,5007753,32,10272.0,2025-07-23 10:05:33
700734,4,TAX,,,1134.24,2025-07-23 10:05:33
700735,1,ITEM,5007761,21,201284.16,2025-03-24 14:21:07
700735,2,ITEM,5007762,38,230208.94,2025-03-24 14:21:07
700735,3,ITEM,5007763,20,31262.2,2025-03-24 14:21:07
700735,4,TAX,,,23137.76,2025-03-24 14:21:07
700736,1,ITEM,5007771,1,97455.96,2026-03-11 10:46:41
700736,2,TAX,,,4872.8,2026-03-11 10:46:41
700737,1,ITEM,5007781,1,38757.58,2025-02-13 17:27:49
700737,2,TAX,,,1937.88,2025-02-13 17:27:49
700738,1,ITEM,5007791,1,37982.98,2025-01-13 09:23:49
700738,2,ITEM,5007792,1,5369.05,2025-01-13 09:23:49
700738,3,ITEM,5007793,1,10021.55,2025-01-13 09:23:49
700738,4,TAX,,,2668.68,2025-01-13 09:23:49
700739,1,ITEM,5007801,39,1095.12,2024-12-24 10:55:04
700739,2,ITEM,5007802,14,1180.06,2024-12-24 10:55:04
700739,3,TAX,,,113.76,2024-12-24 10:55:04
700740,1,ITEM,5007811,1,15998.9,2025-05-14 08:50:45
700740,2,TAX,,,799.95,2025-05-14 08:50:45
700741,1,ITEM,5007821,32,41146.88,2025-08-26 16:29:47
700741,2,TAX,,,2057.34,2025-08-26 16:29:47
700742,1,ITEM,5007831,1,124323.39,2025-07-28 17:28:49
700742,2,TAX,,,6216.17,2025-07-28 17:28:49
700743,1,ITEM,5007841,1,48940.64,2026-06-01 09:12:56
700743,2,ITEM,5007842,1,46739.5,2026-06-01 09:12:56
700743,3,ITEM,5007843,1,53142.4,2026-06-01 09:12:56
700743,4,TAX,,,7441.13,2026-06-01 09:12:56
700744,1,ITEM,5007851,24,100508.16,2025-12-29 17:30:04
700744,2,ITEM,5007852,28,162061.76,2025-12-29 17:30:04
700744,3,TAX,,,13128.5,2025-12-29 17:30:04
700745,1,ITEM,5007861,1,17242.04,2025-03-04 10:01:42
700745,2,ITEM,5007862,1,18660.08,2025-03-04 10:01:42
700745,3,TAX,,,1795.11,2025-03-04 10:01:42
700746,1,ITEM,5007871,1,11368.3,2026-02-23 14:33:49
700746,2,ITEM,5007872,1,84132.11,2026-02-23 14:33:49
700746,3,ITEM,5007873,1,16613.53,2026-02-23 14:33:49
700746,4,TAX,,,5605.7,2026-02-23 14:33:49
700747,1,ITEM,5007891,30,123301.5,2025-06-03 08:37:58
700747,2,ITEM,5007892,10,49893.8,2025-06-03 08:37:58
700747,3,TAX,,,8659.76,2025-06-03 08:37:58
700748,1,ITEM,5007901,11,32566.96,2024-11-25 08:51:41
700748,2,TAX,,,1628.35,2024-11-25 08:51:41
700749,1,ITEM,5007911,1,24356.05,2025-03-21 09:31:56
700749,2,ITEM,5007912,1,11163.8,2025-03-21 09:31:56
700749,3,TAX,,,1775.99,2025-03-21 09:31:56
700750,1,ITEM,5007921,29,216314.53,2025-03-26 10:24:24
700750,2,ITEM,5007922,14,98913.64,2025-03-26 10:24:24
700750,3,ITEM,5007923,38,121310.06,2025-03-26 10:24:24
700750,4,TAX,,,43653.82,2025-03-26 10:24:24
700751,1,ITEM,5007931,1,146329.79,2026-03-02 10:22:38
700751,2,TAX,,,7316.49,2026-03-02 10:22:38
700752,1,ITEM,5007951,1,17085.86,2026-06-10 10:01:11
700752,2,ITEM,5007952,1,8107.29,2026-06-10 10:01:11
700752,3,TAX,,,1259.66,2026-06-10 10:01:11
700753,1,ITEM,5007971,1,2420.62,2025-02-21 10:02:11
700753,2,TAX,,,242.06,2025-02-21 10:02:11
700754,1,ITEM,5007981,30,227494.8,2025-02-17 10:39:34
700754,2,TAX,,,11374.74,2025-02-17 10:39:34
700755,1,ITEM,5007991,20,6276.4,2024-12-23 08:52:51
700755,2,ITEM,5007992,26,8567.0,2024-12-23 08:52:51
700755,3,TAX,,,742.17,2024-12-23 08:52:51
700756,1,ITEM,5008001,17,6269.6,2025-01-27 08:58:15
700756,2,TAX,,,313.48,2025-01-27 08:58:15
700757,1,ITEM,5008011,37,416991.85,2025-03-13 15:08:54
700757,2,TAX,,,20849.59,2025-03-13 15:08:54
700758,1,ITEM,5008021,33,12743.17,2025-01-10 15:16:04
700758,2,TAX,,,637.16,2025-01-10 15:16:04
700759,1,ITEM,5008031,25,83422.0,2025-04-14 08:35:39
700759,2,ITEM,5008032,39,281466.51,2025-04-14 08:35:39
700759,3,TAX,,,18244.43,2025-04-14 08:35:39
700760,1,ITEM,5008041,1,41558.24,2024-12-31 09:21:24
700760,2,TAX,,,2077.91,2024-12-31 09:21:24
700761,1,ITEM,5008051,1,14136.05,2026-04-22 10:55:24
700761,2,TAX,,,706.8,2026-04-22 10:55:24
700762,1,ITEM,5008061,1,39639.6,2026-01-05 13:57:27
700762,2,ITEM,5008062,1,44628.52,2026-01-05 13:57:27
700762,3,TAX,,,4213.41,2026-01-05 13:57:27
700763,1,ITEM,5008071,26,33870.72,2025-09-08 09:37:26
700763,2,TAX,,,1693.54,2025-09-08 09:37:26
700764,1,ITEM,5008081,38,12866.04,2026-08-24 09:51:21
700764,2,ITEM,5008082,14,4228.98,2026-08-24 09:51:21
700764,3,TAX,,,854.75,2026-08-24 09:51:21
700765,1,ITEM,5008091,33,357900.84,2026-04-22 10:53:47
700765,2,ITEM,5008092,6,12336.36,2026-04-22 10:53:47
700765,3,TAX,,,18511.86,2026-04-22 10:53:47
700766,1,ITEM,5008101,1,40954.06,2025-08-12 16:33:52
700766,2,ITEM,5008102,1,126147.87,2025-08-12 16:33:52
700766,3,ITEM,5008103,1,62349.8,2025-08-12 16:33:52
700766,4,TAX,,,11472.59,2025-08-12 16:33:52
700767,1,ITEM,5008111,37,305606.31,2025-07-01 16:51:46
700767,2,TAX,,,15280.32,2025-07-01 16:51:46
700768,1,ITEM,5008121,23,2774.49,2025-09-08 08:04:51
700768,2,ITEM,5008122,10,1635.0,2025-09-08 08:04:51
700768,3,TAX,,,220.47,2025-09-08 08:04:51
700769,1,ITEM,5008131,1,15146.21,2025-04-24 08:06:03
700769,2,ITEM,5008132,1,35557.6,2025-04-24 08:06:03
700769,3,TAX,,,0.0,2025-04-24 08:06:03
700770,1,ITEM,5008141,1,290.58,2025-01-13 09:20:15
700770,2,TAX,,,14.53,2025-01-13 09:20:15
700771,1,ITEM,5008151,1,96387.7,2026-02-02 10:04:03
700771,2,ITEM,5008152,1,61107.82,2026-02-02 10:04:03
700771,3,ITEM,5008153,1,86124.98,2026-02-02 10:04:03
700771,4,TAX,,,0.0,2026-02-02 10:04:03
700772,1,ITEM,5008161,25,2402.25,2026-01-21 08:11:48
700772,2,ITEM,5008162,38,11898.56,2026-01-21 08:11:48
700772,3,TAX,,,1430.08,2026-01-21 08:11:48
700773,1,ITEM,5008171,17,235807.0,2025-01-06 15:44:43
700773,2,TAX,,,11790.35,2025-01-06 15:44:43
700774,1,ITEM,5008181,10,107412.38,2026-01-05 08:58:15
700774,2,TAX,,,5370.62,2026-01-05 08:58:15
700775,1,ITEM,5008191,30,5004.3,2026-09-16 09:24:46
700775,2,TAX,,,250.22,2026-09-16 09:24:46
700776,1,ITEM,5008201,1,145483.86,2025-09-23 08:27:46
700776,2,TAX,,,7274.19,2025-09-23 08:27:46
700777,1,ITEM,5008221,29,1675.04,2025-08-21 08:55:17
700777,2,ITEM,5008222,17,1782.79,2025-08-21 08:55:17
700777,3,TAX,,,172.89,2025-08-21 08:55:17
700778,1,ITEM,5008231,1,22203.46,2025-08-25 08:51:21
700778,2,ITEM,5008232,1,38788.26,2025-08-25 08:51:21
700778,3,TAX,,,3049.59,2025-08-25 08:51:21
700779,1,ITEM,5008241,5,5724.2,2025-07-14 10:14:48
700779,2,TAX,,,286.21,2025-07-14 10:14:48
700780,1,ITEM,5008251,16,85441.92,2026-07-15 10:49:50
700780,2,ITEM,5008252,31,84617.29,2026-07-15 10:49:50
700780,3,ITEM,5008253,11,46406.91,2026-07-15 10:49:50
700780,4,TAX,,,10823.31,2026-07-15 10:49:50
700781,1,ITEM,5008261,1,145723.37,2025-12-22 08:47:37
700781,2,ITEM,5008262,1,66847.84,2025-12-22 08:47:37
700781,3,ITEM,5008263,1,64363.9,2025-12-22 08:47:37
700781,4,TAX,,,13846.76,2025-12-22 08:47:37
700782,1,ITEM,5008271,10,1021.9,2025-11-18 08:32:13
700782,2,TAX,,,51.09,2025-11-18 08:32:13
700783,1,ITEM,5008281,19,24929.33,2026-07-27 09:10:57
700783,2,ITEM,5008282,35,399961.1,2026-07-27 09:10:57
700783,3,TAX,,,21244.52,2026-07-27 09:10:57
700784,1,ITEM,5008291,1,13836.91,2025-11-27 08:44:15
700784,2,TAX,,,691.85,2025-11-27 08:44:15
700785,1,ITEM,5008301,1,39348.09,2025-12-22 10:05:47
700785,2,TAX,,,1967.4,2025-12-22 10:05:47
700786,1,ITEM,5008311,9,1746.63,2025-06-09 17:45:46
700786,2,ITEM,5008312,1,303.59,2025-06-09 17:45:46
700786,3,TAX,,,102.51,2025-06-09 17:45:46
700787,1,ITEM,5008321,1,147509.9,2026-03-05 15:58:40
700787,2,TAX,,,7375.5,2026-03-05 15:58:40
700788,1,ITEM,5008331,31,102938.6,2024-10-29 10:38:18
700788,2,ITEM,5008332,38,233847.44,2024-10-29 10:38:18
700788,3,TAX,,,16839.3,2024-10-29 10:38:18
700789,1,ITEM,5008341,1,5922.04,2025-01-13 10:25:58
700789,2,ITEM,5008342,1,38637.67,2025-01-13 10:25:58
700789,3,TAX,,,2227.99,2025-01-13 10:25:58
700790,1,ITEM,5008351,5,62903.45,2026-08-31 08:21:48
700790,2,ITEM,5008352,38,560688.86,2026-08-31 08:21:48
700790,3,TAX,,,31179.62,2026-08-31 08:21:48
700791,1,ITEM,5008361,1,87933.0,2025-10-13 13:14:51
700791,2,TAX,,,4396.65,2025-10-13 13:14:51
700792,1,ITEM,5008371,1,32660.65,2025-03-21 11:43:52
700792,2,TAX,,,1633.03,2025-03-21 11:43:52
700793,1,ITEM,5008381,1,16608.87,2025-07-14 10:50:07
700793,2,TAX,,,830.44,2025-07-14 10:50:07
700794,1,ITEM,5008391,35,3995.6,2025-11-04 15:32:42
700794,2,TAX,,,199.78,2025-11-04 15:32:42
700795,1,ITEM,5008401,16,103958.37,2026-04-27 13:48:28
700795,2,TAX,,,5197.92,2026-04-27 13:48:28
700796,1,ITEM,5008411,1,21747.68,2026-05-01 08:10:18
700796,2,TAX,,,1087.38,2026-05-01 08:10:18
700797,1,ITEM,5008421,15,4734.15,2025-09-16 09:32:20
700797,2,TAX,,,236.71,2025-09-16 09:32:20
700798,1,ITEM,5008431,20,219350.8,2025-04-09 17:00:56
700798,2,ITEM,5008432,22,16666.32,2025-04-09 17:00:56
700798,3,TAX,,,11800.86,2025-04-09 17:00:56
700799,1,ITEM,5008441,1,36968.07,2025-04-15 09:11:20
700799,2,ITEM,5008442,1,39444.45,2025-04-15 09:11:20
700799,3,TAX,,,3820.63,2025-04-15 09:11:20
700800,1,ITEM,5008451,1,20527.1,2026-02-27 16:15:38
700800,2,ITEM,5008452,1,83849.22,2026-02-27 16:15:38
700800,3,TAX,,,5218.82,2026-02-27 16:15:38
700801,1,ITEM,5008461,23,277511.33,2026-02-11 13:55:22
700801,2,TAX,,,13875.57,2026-02-11 13:55:22
700802,1,ITEM,5008471,9,111897.54,2026-01-01 08:07:08
700802,2,TAX,,,5594.88,2026-01-01 08:07:08
700803,1,ITEM,5008481,1,76320.04,2024-12-30 09:25:01
700803,2,TAX,,,7632.0,2024-12-30 09:25:01
700804,1,ITEM,5008491,1,59802.1,2026-09-28 08:06:15
700804,2,ITEM,5008492,1,36664.02,2026-09-28 08:06:15
700804,3,ITEM,5008493,1,5199.33,2026-09-28 08:06:15
700804,4,TAX,,,5083.27,2026-09-28 08:06:15
700805,1,ITEM,5008501,39,145741.44,2026-04-13 14:35:08
700805,2,ITEM,5008502,37,261083.1,2026-04-13 14:35:08
700805,3,TAX,,,20341.23,2026-04-13 14:35:08
700806,1,ITEM,5008511,1,27052.51,2025-10-31 09:13:23
700806,2,TAX,,,1352.63,2025-10-31 09:13:23
700807,1,ITEM,5008531,14,4462.5,2026-09-29 08:43:30
700807,2,ITEM,5008532,2,724.8,2026-09-29 08:43:30
700807,3,TAX,,,259.37,2026-09-29 08:43:30
700808,1,ITEM,5008541,1,35591.3,2026-06-09 14:51:09
700808,2,ITEM,5008542,1,42229.5,2026-06-09 14:51:09
700808,3,TAX,,,3891.04,2026-06-09 14:51:09
700809,1,ITEM,5008551,1,28138.34,2025-09-08 14:14:52
700809,2,TAX,,,1406.92,2025-09-08 14:14:52
700810,1,ITEM,5008561,1,35537.34,2026-02-24 10:59:35
700810,2,TAX,,,1776.87,2026-02-24 10:59:35
700811,1,ITEM,5008571,4,82.8,2025-03-17 10:32:36
700811,2,ITEM,5008572,5,412.9,2025-03-17 10:32:36
700811,3,TAX,,,24.79,2025-03-17 10:32:36
700812,1,ITEM,5008581,22,40053.2,2025-06-02 08:06:35
700812,2,TAX,,,2002.66,2025-06-02 08:06:35
700813,1,ITEM,5008591,2,28971.2,2026-08-06 09:32:11
700813,2,ITEM,5008592,24,128864.4,2026-08-06 09:32:11
700813,3,TAX,,,7891.78,2026-08-06 09:32:11
700814,1,ITEM,5008601,31,231861.09,2026-09-14 08:28:25
700814,2,TAX,,,11593.05,2026-09-14 08:28:25
700815,1,ITEM,5008611,1,23205.78,2026-04-02 10:29:51
700815,2,ITEM,5008612,1,39235.61,2026-04-02 10:29:51
700815,3,TAX,,,3122.07,2026-04-02 10:29:51
700816,1,ITEM,5008621,1,48363.37,2025-01-06 15:18:58
700816,2,ITEM,5008622,1,98761.36,2025-01-06 15:18:58
700816,3,TAX,,,7356.24,2025-01-06 15:18:58
700817,1,ITEM,5008631,20,58349.99,2026-03-26 09:46:25
700817,2,TAX,,,2917.5,2026-03-26 09:46:25
700818,1,ITEM,5008641,11,11793.54,2025-07-17 08:19:03
700818,2,ITEM,5008642,37,143465.28,2025-07-17 08:19:03
700818,3,TAX,,,7762.94,2025-07-17 08:19:03
700819,1,ITEM,5008651,7,309.54,2025-03-21 17:37:02
700819,2,TAX,,,15.48,2025-03-21 17:37:02
700820,1,ITEM,5008661,25,34936.5,2025-01-28 09:44:52
700820,2,TAX,,,1746.83,2025-01-28 09:44:52
700821,1,ITEM,5008671,1,33254.23,2024-12-30 08:15:57
700821,2,ITEM,5008672,1,6134.39,2024-12-30 08:15:57
700821,3,TAX,,,1969.43,2024-12-30 08:15:57
700822,1,ITEM,5008681,32,287676.8,2024-10-14 09:55:54
700822,2,ITEM,5008682,1,5850.49,2024-10-14 09:55:54
700822,3,ITEM,5008683,27,167505.57,2024-10-14 09:55:54
700822,4,TAX,,,23051.64,2024-10-14 09:55:54
700823,1,ITEM,5008691,4,479.4,2025-07-31 08:14:32
700823,2,ITEM,5008692,40,3959.6,2025-07-31 08:14:32
700823,3,TAX,,,443.9,2025-07-31 08:14:32
700824,1,ITEM,5008701,13,145390.31,2025-02-03 09:03:46
700824,2,TAX,,,7269.52,2025-02-03 09:03:46
700825,1,ITEM,5008711,1,37594.31,2026-09-14 10:20:03
700825,2,ITEM,5008712,1,105181.63,2026-09-14 10:20:03
700825,3,TAX,,,7138.8,2026-09-14 10:20:03
700826,1,ITEM,5008721,1,109255.32,2025-09-24 09:38:45
700826,2,ITEM,5008722,1,149471.71,2025-09-24 09:38:45
700826,3,ITEM,5008723,1,19161.38,2025-09-24 09:38:45
700826,4,TAX,,,13894.42,2025-09-24 09:38:45
700827,1,ITEM,5008731,1,128818.41,2025-01-13 09:16:47
700827,2,ITEM,5008732,1,21442.85,2025-01-13 09:16:47
700827,3,TAX,,,7513.06,2025-01-13 09:16:47
700828,1,ITEM,5008731,1,128818.41,2025-01-20 08:18:00
700828,2,ITEM,5008732,1,21442.85,2025-01-20 08:18:00
700828,3,TAX,,,7513.06,2025-01-20 08:18:00
700829,1,ITEM,5008741,1,76747.32,2026-05-25 09:45:32
700829,2,ITEM,5008742,1,49387.83,2026-05-25 09:45:32
700829,3,ITEM,5008743,1,71601.0,2026-05-25 09:45:32
700829,4,TAX,,,9886.81,2026-05-25 09:45:32
700830,1,ITEM,5008761,1,42279.87,2025-05-16 17:47:50
700830,2,TAX,,,2113.99,2025-05-16 17:47:50
700831,1,ITEM,5008771,15,46500.3,2026-05-08 09:22:05
700831,2,TAX,,,2325.02,2026-05-08 09:22:05
700832,1,ITEM,5008781,27,4055.67,2025-12-01 08:04:09
700832,2,ITEM,5008782,37,13660.03,2025-12-01 08:04:09
700832,3,ITEM,5008783,14,4072.88,2025-12-01 08:04:09
700832,4,TAX,,,1089.43,2025-12-01 08:04:09
700833,1,ITEM,5008791,1,34312.32,2026-02-27 08:41:53
700833,2,ITEM,5008792,1,53464.74,2026-02-27 08:41:53
700833,3,ITEM,5008793,1,59839.06,2026-02-27 08:41:53
700833,4,TAX,,,7380.81,2026-02-27 08:41:53
700835,1,ITEM,5008811,1,36535.48,2026-05-25 09:27:20
700835,2,TAX,,,1826.77,2026-05-25 09:27:20
700836,1,ITEM,5008821,40,607158.65,2025-08-07 09:43:23
700836,2,ITEM,5008822,26,366149.42,2025-08-07 09:43:23
700836,3,TAX,,,48665.4,2025-08-07 09:43:23
700837,1,ITEM,5008841,1,8374.43,2026-06-02 16:49:36
700837,2,TAX,,,418.72,2026-06-02 16:49:36
700838,1,ITEM,5008851,10,24353.2,2025-06-09 08:56:16
700838,2,ITEM,5008852,31,308698.0,2025-06-09 08:56:16
700838,3,TAX,,,16652.56,2025-06-09 08:56:16
700839,1,ITEM,5008861,1,23589.98,2026-06-09 10:57:10
700839,2,ITEM,5008862,1,19133.29,2026-06-09 10:57:10
700839,3,TAX,,,2136.16,2026-06-09 10:57:10
700840,1,ITEM,5008871,1,16780.46,2026-08-25 14:44:19
700840,2,ITEM,5008872,1,5722.61,2026-08-25 14:44:19
700840,3,TAX,,,1125.15,2026-08-25 14:44:19
700841,1,ITEM,5008881,10,34599.32,2026-05-25 12:03:16
700841,2,ITEM,5008882,4,19703.76,2026-05-25 12:03:16
700841,3,ITEM,5008883,34,161813.82,2026-05-25 12:03:16
700841,4,TAX,,,10805.84,2026-05-25 12:03:16
700842,1,ITEM,5008891,25,108705.0,2026-07-13 10:20:53
700842,2,ITEM,5008892,22,138074.42,2026-07-13 10:20:53
700842,3,ITEM,5008893,14,55842.64,2026-07-13 10:20:53
700842,4,TAX,,,15131.1,2026-07-13 10:20:53
700843,1,ITEM,5008901,1,19812.88,2025-04-09 10:58:15
700843,2,ITEM,5008902,1,22987.05,2025-04-09 10:58:15
700843,3,ITEM,5008903,1,7477.34,2025-04-09 10:58:15
700843,4,TAX,,,2513.86,2025-04-09 10:58:15
700844,1,ITEM,5008911,1,32591.98,2026-05-19 11:30:57
700844,2,ITEM,5008912,1,18306.54,2026-05-19 11:30:57
700844,3,ITEM,5008913,1,59292.91,2026-05-19 11:30:57
700844,4,TAX,,,5509.57,2026-05-19 11:30:57
700845,1,ITEM,5008921,1,2220.37,2026-05-11 08:02:12
700845,2,ITEM,5008922,1,31914.71,2026-05-11 08:02:12
700845,3,TAX,,,1706.75,2026-05-11 08:02:12
700846,1,ITEM,5008941,1,2443.39,2024-11-06 17:53:15
700846,2,TAX,,,122.17,2024-11-06 17:53:15
700847,1,ITEM,5008951,1,13448.13,2024-11-18 17:31:45
700847,2,TAX,,,672.41,2024-11-18 17:31:45
700848,1,ITEM,5008961,28,82262.32,2025-12-29 12:28:13
700848,2,ITEM,5008962,10,38030.1,2025-12-29 12:28:13
700848,3,TAX,,,6014.62,2025-12-29 12:28:13
700849,1,ITEM,5008971,1,116570.85,2025-02-28 10:43:48
700849,2,ITEM,5008972,1,77636.17,2025-02-28 10:43:48
700849,3,TAX,,,9710.35,2025-02-28 10:43:48
700850,1,ITEM,5008981,1,11182.2,2025-02-06 14:39:14
700850,2,TAX,,,559.11,2025-02-06 14:39:14
700851,1,ITEM,5008991,30,7338.0,2025-11-17 08:53:39
700851,2,TAX,,,366.9,2025-11-17 08:53:39
700852,1,ITEM,5009001,1,2876.71,2026-04-27 10:24:26
700852,2,ITEM,5009002,1,37024.09,2026-04-27 10:24:26
700852,3,ITEM,5009003,1,33541.03,2026-04-27 10:24:26
700852,4,TAX,,,3672.09,2026-04-27 10:24:26
700853,1,ITEM,5009011,30,11401.8,2026-01-01 09:39:37
700853,2,TAX,,,570.09,2026-01-01 09:39:37
700854,1,ITEM,5009021,3,353.01,2026-03-16 10:04:06
700854,2,TAX,,,17.65,2026-03-16 10:04:06
700855,1,ITEM,5009031,1,6431.46,2026-04-22 13:01:14
700855,2,ITEM,5009032,1,34657.89,2026-04-22 13:01:14
700855,3,TAX,,,2054.47,2026-04-22 13:01:14
700856,1,ITEM,5009041,30,6092.7,2024-12-30 08:08:53
700856,2,ITEM,5009042,1,57.73,2024-12-30 08:08:53
700856,3,ITEM,5009043,20,7062.6,2024-12-30 08:08:53
700856,4,TAX,,,660.65,2024-12-30 08:08:53
700857,1,ITEM,5009051,1,26196.52,2024-12-23 08:50:25
700857,2,ITEM,5009052,1,15126.95,2024-12-23 08:50:25
700857,3,ITEM,5009053,1,39197.92,2024-12-23 08:50:25
700857,4,TAX,,,4026.07,2024-12-23 08:50:25
700858,1,ITEM,5009061,1,2515.65,2025-04-21 08:01:27
700858,2,ITEM,5009062,1,26572.31,2025-04-21 08:01:27
700858,3,TAX,,,1454.4,2025-04-21 08:01:27
700859,1,ITEM,5009071,13,118628.51,2025-07-21 08:58:18
700859,2,ITEM,5009072,12,156745.92,2025-07-21 08:58:18
700859,3,TAX,,,13768.72,2025-07-21 08:58:18
700860,1,ITEM,5009081,1,29322.27,2025-12-31 11:49:13
700860,2,ITEM,5009082,1,46500.2,2025-12-31 11:49:13
700860,3,ITEM,5009083,1,2011.44,2025-12-31 11:49:13
700860,4,TAX,,,3891.7,2025-12-31 11:49:13
700861,1,ITEM,5009091,27,111305.61,2026-04-02 17:20:50
700861,2,ITEM,5009092,15,156431.25,2026-04-02 17:20:50
700861,3,TAX,,,13386.84,2026-04-02 17:20:50
700862,1,ITEM,5009101,1,18169.91,2026-06-15 17:54:30
700862,2,TAX,,,908.5,2026-06-15 17:54:30
700863,1,ITEM,5009111,36,81554.76,2026-01-05 12:19:28
700863,2,ITEM,5009112,14,151317.6,2026-01-05 12:19:28
700863,3,TAX,,,11643.62,2026-01-05 12:19:28
700864,1,ITEM,5009121,1,130591.35,2026-07-10 10:18:50
700864,2,TAX,,,6529.57,2026-07-10 10:18:50
700865,1,ITEM,5009131,1,53868.68,2025-10-20 16:50:13
700865,2,ITEM,5009132,1,54518.78,2025-10-20 16:50:13
700865,3,TAX,,,5419.37,2025-10-20 16:50:13
700866,1,ITEM,5009141,30,227444.4,2025-01-15 09:47:57
700866,2,TAX,,,11372.22,2025-01-15 09:47:57
700867,1,ITEM,5009151,26,132994.99,2025-08-21 09:55:22
700867,2,TAX,,,6649.75,2025-08-21 09:55:22
700869,1,ITEM,5009171,1,19338.55,2026-01-09 12:30:20
700869,2,TAX,,,966.93,2026-01-09 12:30:20
700870,1,ITEM,5009181,40,15205.8,2025-09-22 09:11:21
700870,2,ITEM,5009182,21,1154.58,2025-09-22 09:11:21
700870,3,ITEM,5009183,26,4394.52,2025-09-22 09:11:21
700870,4,TAX,,,1037.74,2025-09-22 09:11:21
700871,1,ITEM,5009191,39,11306.88,2026-03-16 09:46:57
700871,2,ITEM,5009192,12,275.16,2026-03-16 09:46:57
700871,3,TAX,,,579.1,2026-03-16 09:46:57
700872,1,ITEM,5009201,1,16687.73,2026-09-28 09:33:18
700872,2,ITEM,5009202,1,27426.8,2026-09-28 09:33:18
700872,3,ITEM,5009203,1,2141.57,2026-09-28 09:33:18
700872,4,TAX,,,2312.8,2026-09-28 09:33:18
700873,1,ITEM,5009211,1,11104.78,2026-06-10 09:42:04
700873,2,ITEM,5009212,1,2930.08,2026-06-10 09:42:04
700873,3,TAX,,,701.74,2026-06-10 09:42:04
700874,1,ITEM,5009221,32,107151.43,2026-02-05 09:42:05
700874,2,TAX,,,5357.57,2026-02-05 09:42:05
700875,1,ITEM,5009231,1,107618.12,2025-04-30 10:38:48
700875,2,TAX,,,5380.91,2025-04-30 10:38:48
700876,1,ITEM,5009241,1,30813.13,2025-01-06 09:47:15
700876,2,TAX,,,1540.66,2025-01-06 09:47:15
700877,1,ITEM,5009251,1,11093.02,2025-06-16 08:01:40
700877,2,ITEM,5009252,1,10331.75,2025-06-16 08:01:40
700877,3,ITEM,5009253,1,16985.01,2025-06-16 08:01:40
700877,4,TAX,,,1920.49,2025-06-16 08:01:40
700878,1,ITEM,5009261,37,6315.16,2026-08-03 12:14:35
700878,2,ITEM,5009262,33,7886.67,2026-08-03 12:14:35
700878,3,TAX,,,710.09,2026-08-03 12:14:35
700879,1,ITEM,5009271,1,149897.98,2025-07-08 08:23:40
700879,2,ITEM,5009272,1,48110.13,2025-07-08 08:23:40
700879,3,TAX,,,9900.41,2025-07-08 08:23:40
700880,1,ITEM,5009281,1,4416.69,2024-12-30 09:20:41
700880,2,ITEM,5009282,1,13060.29,2024-12-30 09:20:41
700880,3,ITEM,5009283,1,52435.98,2024-12-30 09:20:41
700880,4,TAX,,,3495.65,2024-12-30 09:20:41
700881,1,ITEM,5009291,3,3171.81,2026-08-10 09:25:51
700881,2,ITEM,5009292,24,197780.16,2026-08-10 09:25:51
700881,3,ITEM,5009293,37,229113.99,2026-08-10 09:25:51
700881,4,TAX,,,21503.3,2026-08-10 09:25:51
700882,1,ITEM,5009301,1,7994.33,2025-05-09 09:57:15
700882,2,ITEM,5009302,1,10302.38,2025-05-09 09:57:15
700882,3,TAX,,,914.84,2025-05-09 09:57:15
700883,1,ITEM,5009311,25,1223.25,2026-03-03 08:24:23
700883,2,TAX,,,61.16,2026-03-03 08:24:23
700884,1,ITEM,5009321,1,2525.35,2026-06-08 08:17:42
700884,2,ITEM,5009322,1,57842.44,2026-06-08 08:17:42
700884,3,TAX,,,3018.39,2026-06-08 08:17:42
700885,1,ITEM,5009341,1,4294.88,2026-03-09 08:50:58
700885,2,TAX,,,214.74,2026-03-09 08:50:58
700886,1,ITEM,5009351,1,13908.74,2025-12-29 08:45:54
700886,2,ITEM,5009352,1,17701.17,2025-12-29 08:45:54
700886,3,TAX,,,1580.5,2025-12-29 08:45:54
700887,1,ITEM,5009361,1,24464.75,2026-01-15 09:18:22
700887,2,TAX,,,1223.24,2026-01-15 09:18:22
700888,1,ITEM,5009371,24,8392.56,2025-03-17 09:06:38
700888,2,TAX,,,419.63,2025-03-17 09:06:38
700889,1,ITEM,5009381,1,59949.98,2025-01-07 09:45:11
700889,2,TAX,,,2997.5,2025-01-07 09:45:11
700890,1,ITEM,5009391,1,39067.26,2026-06-03 08:38:53
700890,2,ITEM,5009392,1,110417.16,2026-06-03 08:38:53
700890,3,TAX,,,7474.22,2026-06-03 08:38:53
700891,1,ITEM,5009411,1,31272.26,2026-05-15 11:35:50
700891,2,TAX,,,1563.61,2026-05-15 11:35:50
700892,1,ITEM,5009421,1,11350.25,2025-02-10 17:11:36
700892,2,TAX,,,567.51,2025-02-10 17:11:36
700893,1,ITEM,5009431,14,128739.52,2026-03-02 14:06:05
700893,2,TAX,,,6436.98,2026-03-02 14:06:05
700894,1,ITEM,5009441,1,133721.07,2026-01-12 10:07:52
700894,2,ITEM,5009442,1,119108.13,2026-01-12 10:07:52
700894,3,ITEM,5009443,1,85165.56,2026-01-12 10:07:52
700894,4,TAX,,,0.0,2026-01-12 10:07:52
700895,1,ITEM,5009451,24,117316.32,2025-04-10 14:03:00
700895,2,TAX,,,5865.82,2025-04-10 14:03:00
700896,1,ITEM,5009461,25,119147.5,2026-08-27 09:10:55
700896,2,TAX,,,5957.38,2026-08-27 09:10:55
700897,1,ITEM,5009471,20,3363.0,2026-01-27 10:18:20
700897,2,TAX,,,168.15,2026-01-27 10:18:20
700898,1,ITEM,5009481,1,21848.08,2024-10-28 10:40:34
700898,2,TAX,,,1092.4,2024-10-28 10:40:34
700899,1,ITEM,5009501,1,5746.0,2026-02-09 17:45:47
700899,2,TAX,,,287.3,2026-02-09 17:45:47
700900,1,ITEM,5009511,1,32138.27,2026-06-29 09:57:44
700900,2,ITEM,5009512,1,32521.47,2026-06-29 09:57:44
700900,3,ITEM,5009513,1,21165.79,2026-06-29 09:57:44
700900,4,TAX,,,4291.28,2026-06-29 09:57:44
700901,1,ITEM,5009521,22,141199.96,2025-11-17 10:04:49
700901,2,ITEM,5009522,7,37222.43,2025-11-17 10:04:49
700901,3,TAX,,,8921.12,2025-11-17 10:04:49
700902,1,ITEM,5009531,1,16125.27,2025-11-24 10:38:26
700902,2,TAX,,,806.26,2025-11-24 10:38:26
700903,1,ITEM,5009541,18,232104.06,2025-12-10 10:35:51
700903,2,ITEM,5009542,20,240892.2,2025-12-10 10:35:51
700903,3,TAX,,,23649.81,2025-12-10 10:35:51
700904,1,ITEM,5009551,4,1306.16,2026-04-29 08:22:30
700904,2,ITEM,5009552,20,4058.8,2026-04-29 08:22:30
700904,3,TAX,,,268.25,2026-04-29 08:22:30
700905,1,ITEM,5009561,33,143059.62,2026-05-04 10:36:28
700905,2,TAX,,,7152.98,2026-05-04 10:36:28
700906,1,ITEM,5009571,21,196423.08,2025-01-30 10:45:47
700906,2,TAX,,,9821.15,2025-01-30 10:45:47
700907,1,ITEM,5009591,25,172690.25,2026-07-03 12:50:24
700907,2,ITEM,5009592,38,413310.8,2026-07-03 12:50:24
700907,3,TAX,,,29300.05,2026-07-03 12:50:24
700908,1,ITEM,5009601,7,1435.91,2026-07-27 13:33:48
700908,2,ITEM,5009602,13,542.75,2026-07-27 13:33:48
700908,3,TAX,,,98.93,2026-07-27 13:33:48
700909,1,ITEM,5009611,1,14042.05,2025-09-16 09:23:53
700909,2,ITEM,5009612,1,141972.39,2025-09-16 09:23:53
700909,3,TAX,,,7800.72,2025-09-16 09:23:53
700910,1,ITEM,5009621,1,53322.44,2025-06-12 13:22:15
700910,2,TAX,,,2666.12,2025-06-12 13:22:15
700911,1,ITEM,5009631,1,110972.27,2026-07-16 08:16:32
700911,2,TAX,,,5548.61,2026-07-16 08:16:32
700912,1,ITEM,5009641,9,8259.82,2026-07-16 14:19:29
700912,2,ITEM,5009642,12,25256.4,2026-07-16 14:19:29
700912,3,TAX,,,1675.81,2026-07-16 14:19:29
700913,1,ITEM,5009651,1,10330.87,2026-07-27 11:53:31
700913,2,TAX,,,0.0,2026-07-27 11:53:31
700914,1,ITEM,5009661,1,14192.32,2025-09-30 09:13:04
700914,2,TAX,,,709.62,2025-09-30 09:13:04
700915,1,ITEM,5009671,1,25979.18,2024-12-04 08:43:28
700915,2,TAX,,,1298.96,2024-12-04 08:43:28
700916,1,ITEM,5009681,1,73074.5,2025-10-23 16:38:52
700916,2,ITEM,5009682,1,18189.15,2025-10-23 16:38:52
700916,3,TAX,,,4563.18,2025-10-23 16:38:52
700917,1,ITEM,5009691,13,134917.77,2026-02-10 09:22:33
700917,2,TAX,,,6745.89,2026-02-10 09:22:33
700918,1,ITEM,5009701,18,1869.12,2025-02-17 11:48:55
700918,2,ITEM,5009702,16,2420.64,2025-02-17 11:48:55
700918,3,TAX,,,214.49,2025-02-17 11:48:55
700919,1,ITEM,5009711,12,93458.97,2024-11-04 15:45:52
700919,2,ITEM,5009712,13,29330.99,2024-11-04 15:45:52
700919,3,TAX,,,6139.5,2024-11-04 15:45:52
700920,1,ITEM,5009721,1,4575.39,2025-06-27 11:05:33
700920,2,TAX,,,228.77,2025-06-27 11:05:33
700921,1,ITEM,5009731,1,89595.39,2025-07-25 17:37:46
700921,2,ITEM,5009732,1,48446.21,2025-07-25 17:37:46
700921,3,TAX,,,6902.08,2025-07-25 17:37:46
700922,1,ITEM,5009741,28,7956.76,2025-08-25 09:57:01
700922,2,ITEM,5009742,20,1280.2,2025-08-25 09:57:01
700922,3,TAX,,,461.85,2025-08-25 09:57:01
700923,1,ITEM,5009751,1,32665.11,2024-10-09 09:34:41
700923,2,ITEM,5009752,1,15954.94,2024-10-09 09:34:41
700923,3,TAX,,,2431.0,2024-10-09 09:34:41
700924,1,ITEM,5009761,1,160683.03,2025-08-20 08:07:39
700924,2,TAX,,,8034.15,2025-08-20 08:07:39
700925,1,ITEM,5009771,5,44566.1,2025-04-23 08:08:12
700925,2,ITEM,5009772,30,349019.4,2025-04-23 08:08:12
700925,3,ITEM,5009773,10,43652.2,2025-04-23 08:08:12
700925,4,TAX,,,21861.88,2025-04-23 08:08:12
700926,1,ITEM,5009781,25,3873.25,2026-03-25 08:08:12
700926,2,ITEM,5009782,19,7068.0,2026-03-25 08:08:12
700926,3,TAX,,,547.06,2026-03-25 08:08:12
700927,1,ITEM,5009791,23,122778.37,2026-04-13 14:16:37
700927,2,ITEM,5009792,32,200834.88,2026-04-13 14:16:37
700927,3,TAX,,,16180.66,2026-04-13 14:16:37
700928,1,ITEM,5009801,1,12352.97,2025-01-27 10:31:48
700928,2,ITEM,5009802,1,2628.49,2025-01-27 10:31:48
700928,3,ITEM,5009803,1,37197.62,2025-01-27 10:31:48
700928,4,TAX,,,2608.95,2025-01-27 10:31:48
700929,1,ITEM,5009811,1,32552.91,2025-02-25 10:54:55
700929,2,TAX,,,1627.65,2025-02-25 10:54:55
700930,1,ITEM,5009821,26,82934.64,2024-11-12 08:09:07
700930,2,TAX,,,4146.73,2024-11-12 08:09:07
700931,1,ITEM,5009831,25,196059.0,2025-04-14 10:45:52
700931,2,TAX,,,9802.95,2025-04-14 10:45:52
700932,1,ITEM,5009841,1,29668.71,2025-07-14 08:25:17
700932,2,TAX,,,1483.44,2025-07-14 08:25:17
700933,1,ITEM,5009851,1,57564.12,2025-03-26 15:51:28
700933,2,ITEM,5009852,1,16627.64,2025-03-26 15:51:28
700933,3,ITEM,5009853,1,51652.51,2025-03-26 15:51:28
700933,4,TAX,,,6292.21,2025-03-26 15:51:28
700934,1,ITEM,5009861,12,12185.64,2025-01-03 10:17:26
700934,2,ITEM,5009862,13,80689.7,2025-01-03 10:17:26
700934,3,ITEM,5009863,29,128674.74,2025-01-03 10:17:26
700934,4,TAX,,,11077.5,2025-01-03 10:17:26
700935,1,ITEM,5009871,11,24077.68,2026-05-11 13:31:27
700935,2,ITEM,5009872,39,210745.86,2026-05-11 13:31:27
700935,3,TAX,,,23482.35,2026-05-11 13:31:27
700936,1,ITEM,5009881,10,1401.1,2025-05-05 09:39:52
700936,2,ITEM,5009882,37,6730.67,2025-05-05 09:39:52
700936,3,TAX,,,406.59,2025-05-05 09:39:52
700937,1,ITEM,5009891,1,24486.69,2024-11-26 10:03:02
700937,2,TAX,,,1224.33,2024-11-26 10:03:02
700938,1,ITEM,5009901,33,9052.58,2026-01-27 08:24:49
700938,2,TAX,,,452.63,2026-01-27 08:24:49
700939,1,ITEM,5009911,25,4010.5,2024-10-22 10:47:59
700939,2,TAX,,,200.52,2024-10-22 10:47:59
700940,1,ITEM,5009921,1,116417.59,2025-06-16 09:36:53
700940,2,TAX,,,5820.88,2025-06-16 09:36:53
700941,1,ITEM,5009931,1,139306.99,2025-01-20 10:32:46
700941,2,ITEM,5009932,1,30254.31,2025-01-20 10:32:46
700941,3,TAX,,,8478.07,2025-01-20 10:32:46
700942,1,ITEM,5009941,1,149634.21,2026-09-09 16:51:35
700942,2,TAX,,,7481.71,2026-09-09 16:51:35
700943,1,ITEM,5009951,7,2205.91,2025-04-18 10:05:51
700943,2,TAX,,,110.3,2025-04-18 10:05:51
700944,1,ITEM,5009961,20,2422.8,2026-07-06 08:53:36
700944,2,ITEM,5009962,22,5702.62,2026-07-06 08:53:36
700944,3,TAX,,,406.27,2026-07-06 08:53:36
700945,1,ITEM,5009971,40,316836.0,2024-10-31 17:11:48
700945,2,TAX,,,15841.8,2024-10-31 17:11:48
700946,1,ITEM,5009981,1,11572.98,2026-03-19 10:47:14
700946,2,TAX,,,578.65,2026-03-19 10:47:14
700947,1,ITEM,5009991,1,102837.6,2026-04-30 17:03:35
700947,2,ITEM,5009992,1,26136.83,2026-04-30 17:03:35
700947,3,TAX,,,6448.72,2026-04-30 17:03:35
700948,1,ITEM,5010001,1,16561.47,2025-01-14 15:36:03
700948,2,TAX,,,828.07,2025-01-14 15:36:03
700949,1,ITEM,5010011,7,24254.09,2024-12-31 14:55:29
700949,2,TAX,,,1212.7,2024-12-31 14:55:29
700950,1,ITEM,5010021,1,18451.12,2026-08-05 10:21:07
700950,2,TAX,,,922.56,2026-08-05 10:21:07
700951,1,ITEM,5010031,18,90417.06,2025-12-29 10:52:31
700951,2,ITEM,5010032,12,21360.84,2025-12-29 10:52:31
700951,3,TAX,,,5588.9,2025-12-29 10:52:31
700952,1,ITEM,5010051,40,190405.2,2026-05-04 09:54:40
700952,2,TAX,,,9520.26,2026-05-04 09:54:40
700953,1,ITEM,5010071,1,57057.65,2026-04-27 08:07:56
700953,2,TAX,,,2852.88,2026-04-27 08:07:56
700954,1,ITEM,5010081,9,10553.94,2024-12-16 09:44:00
700954,2,TAX,,,527.7,2024-12-16 09:44:00
700955,1,ITEM,5010091,1,24852.38,2025-01-27 08:28:16
700955,2,TAX,,,1242.62,2025-01-27 08:28:16
700956,1,ITEM,5010101,30,4319.4,2025-06-23 08:45:42
700956,2,TAX,,,215.97,2025-06-23 08:45:42
700957,1,ITEM,5010111,1,39367.99,2026-05-04 16:31:18
700957,2,ITEM,5010112,1,6725.75,2026-05-04 16:31:18
700957,3,TAX,,,2304.69,2026-05-04 16:31:18
700958,1,ITEM,5010141,1,111807.04,2026-06-25 12:09:33
700958,2,ITEM,5010142,1,137638.96,2026-06-25 12:09:33
700958,3,ITEM,5010143,1,54405.18,2026-06-25 12:09:33
700958,4,TAX,,,15192.56,2026-06-25 12:09:33
700959,1,ITEM,5010151,26,124884.5,2024-11-04 09:52:29
700959,2,ITEM,5010152,32,161881.6,2024-11-04 09:52:29
700959,3,ITEM,5010153,33,40556.01,2024-11-04 09:52:29
700959,4,TAX,,,16366.11,2024-11-04 09:52:29
700960,1,ITEM,5010171,9,1334.16,2025-04-07 09:12:31
700960,2,ITEM,5010172,20,1733.2,2025-04-07 09:12:31
700960,3,TAX,,,153.37,2025-04-07 09:12:31
700961,1,ITEM,5010181,39,8248.89,2025-05-12 12:53:33
700961,2,ITEM,5010182,7,1276.1,2025-05-12 12:53:33
700961,3,TAX,,,476.25,2025-05-12 12:53:33
700962,1,ITEM,5010201,1,49687.07,2025-01-15 08:51:05
700962,2,TAX,,,2484.35,2025-01-15 08:51:05
700963,1,ITEM,5010211,1,10428.08,2024-12-02 08:48:46
700963,2,ITEM,5010212,1,4501.5,2024-12-02 08:48:46
700963,3,ITEM,5010213,1,16243.01,2024-12-02 08:48:46
700963,4,TAX,,,1558.63,2024-12-02 08:48:46
700964,1,ITEM,5010221,1,28219.38,2024-11-20 09:09:34
700964,2,ITEM,5010222,1,3598.53,2024-11-20 09:09:34
700964,3,ITEM,5010223,1,35344.34,2024-11-20 09:09:34
700964,4,TAX,,,3358.11,2024-11-20 09:09:34
700965,1,ITEM,5010241,1,27113.84,2025-06-02 08:05:09
700965,2,TAX,,,2711.38,2025-06-02 08:05:09
700966,1,ITEM,5010251,39,224809.26,2025-10-21 14:22:09
700966,2,ITEM,5010252,24,215408.4,2025-10-21 14:22:09
700966,3,TAX,,,22010.88,2025-10-21 14:22:09
700967,1,ITEM,5010261,25,71172.75,2024-12-19 14:45:41
700967,2,ITEM,5010262,26,347680.32,2024-12-19 14:45:41
700967,3,ITEM,5010263,40,347404.0,2024-12-19 14:45:41
700967,4,TAX,,,38312.85,2024-12-19 14:45:41
700968,1,ITEM,5010271,6,43585.02,2024-11-20 08:07:30
700968,2,TAX,,,2179.25,2024-11-20 08:07:30
700969,1,ITEM,5010281,15,28436.03,2025-10-17 16:15:07
700969,2,ITEM,5010282,21,163818.9,2025-10-17 16:15:07
700969,3,ITEM,5010283,15,45543.3,2025-10-17 16:15:07
700969,4,TAX,,,11889.91,2025-10-17 16:15:07
700970,1,ITEM,5010301,1,37754.06,2026-03-23 09:05:36
700970,2,TAX,,,3775.41,2026-03-23 09:05:36
700971,1,ITEM,5010311,1,42411.82,2025-07-21 10:37:20
700971,2,TAX,,,4241.18,2025-07-21 10:37:20
700972,1,ITEM,5010321,1,51272.4,2025-08-25 08:07:25
700972,2,TAX,,,2563.62,2025-08-25 08:07:25
700973,1,ITEM,5010331,1,16255.22,2026-09-07 17:44:49
700973,2,TAX,,,812.76,2026-09-07 17:44:49
700974,1,ITEM,5010341,1,36909.41,2026-07-28 10:52:36
700974,2,ITEM,5010342,1,27269.53,2026-07-28 10:52:36
700974,3,ITEM,5010343,1,27541.56,2026-07-28 10:52:36
700974,4,TAX,,,4586.03,2026-07-28 10:52:36
700975,1,ITEM,5010351,1,132691.51,2024-12-23 13:51:55
700975,2,TAX,,,6634.58,2024-12-23 13:51:55
700976,1,ITEM,5010361,6,41067.06,2026-01-15 10:00:57
700976,2,TAX,,,2053.35,2026-01-15 10:00:57
700977,1,ITEM,5010371,22,180797.32,2026-08-24 10:51:22
700977,2,TAX,,,9039.87,2026-08-24 10:51:22
700978,1,ITEM,5010381,1,50390.62,2025-10-13 08:14:40
700978,2,TAX,,,2519.53,2025-10-13 08:14:40
700979,1,ITEM,5010391,3,2959.41,2026-09-14 10:24:19
700979,2,ITEM,5010392,20,13541.0,2026-09-14 10:24:19
700979,3,ITEM,5010393,10,36145.5,2026-09-14 10:24:19
700979,4,TAX,,,2632.3,2026-09-14 10:24:19
700980,1,ITEM,5010401,1,51917.97,2026-05-08 14:19:53
700980,2,TAX,,,2595.9,2026-05-08 14:19:53
700981,1,ITEM,5010411,1,106933.64,2025-02-17 10:10:25
700981,2,TAX,,,5346.68,2025-02-17 10:10:25
700982,1,ITEM,5010421,6,42218.76,2026-03-09 08:58:54
700982,2,ITEM,5010422,6,39328.32,2026-03-09 08:58:54
700982,3,ITEM,5010423,33,140541.72,2026-03-09 08:58:54
700982,4,TAX,,,11104.44,2026-03-09 08:58:54
700983,1,ITEM,5010431,2,465.28,2025-06-30 10:54:46
700983,2,ITEM,5010432,4,1209.8,2025-06-30 10:54:46
700983,3,TAX,,,83.75,2025-06-30 10:54:46
700984,1,ITEM,5010441,34,9646.14,2025-05-05 10:18:19
700984,2,TAX,,,964.61,2025-05-05 10:18:19
700985,1,ITEM,5010451,33,118015.92,2025-06-19 09:20:21
700985,2,ITEM,5010452,27,122230.62,2025-06-19 09:20:21
700985,3,ITEM,5010453,29,148453.03,2025-06-19 09:20:21
700985,4,TAX,,,19434.98,2025-06-19 09:20:21
700986,1,ITEM,5010461,14,181790.14,2025-04-10 08:14:54
700986,2,ITEM,5010462,19,276202.81,2025-04-10 08:14:54
700986,3,ITEM,5010463,12,22849.92,2025-04-10 08:14:54
700986,4,TAX,,,24042.14,2025-04-10 08:14:54
700987,1,ITEM,5010471,36,910.08,2024-11-05 08:04:59
700987,2,TAX,,,45.5,2024-11-05 08:04:59
700988,1,ITEM,5010481,34,356394.46,2025-04-14 10:45:08
700988,2,ITEM,5010482,1,7471.28,2025-04-14 10:45:08
700988,3,TAX,,,18193.29,2025-04-14 10:45:08
700989,1,ITEM,5010491,11,47026.54,2025-09-09 11:11:08
700989,2,ITEM,5010492,36,115420.68,2025-09-09 11:11:08
700989,3,ITEM,5010493,5,42781.35,2025-09-09 11:11:08
700989,4,TAX,,,10261.43,2025-09-09 11:11:08
700990,1,ITEM,5010501,9,109851.93,2026-06-15 09:14:58
700990,2,ITEM,5010502,19,141565.96,2026-06-15 09:14:58
700990,3,ITEM,5010503,2,26801.54,2026-06-15 09:14:58
700990,4,TAX,,,13910.97,2026-06-15 09:14:58
700991,1,ITEM,5010511,1,37419.71,2025-04-14 15:25:55
700991,2,ITEM,5010512,1,42280.65,2025-04-14 15:25:55
700991,3,TAX,,,3985.02,2025-04-14 15:25:55
700992,1,ITEM,5010521,1,35820.39,2025-08-04 09:51:58
700992,2,ITEM,5010522,1,1875.55,2025-08-04 09:51:58
700992,3,ITEM,5010523,1,21958.29,2025-08-04 09:51:58
700992,4,TAX,,,2982.71,2025-08-04 09:51:58
700993,1,ITEM,5010531,1,20986.08,2026-05-18 09:19:19
700993,2,TAX,,,1049.3,2026-05-18 09:19:19
700994,1,ITEM,5010541,1,26132.41,2026-05-14 15:12:29
700994,2,ITEM,5010542,1,47625.83,2026-05-14 15:12:29
700994,3,TAX,,,3687.91,2026-05-14 15:12:29
700995,1,ITEM,5010551,1,49000.75,2025-03-17 12:11:55
700995,2,ITEM,5010552,1,56788.94,2025-03-17 12:11:55
700995,3,TAX,,,5289.48,2025-03-17 12:11:55
700996,1,ITEM,5010561,4,14138.24,2026-07-08 10:43:29
700996,2,TAX,,,706.91,2026-07-08 10:43:29
700997,1,ITEM,5010571,32,12707.52,2026-07-24 10:22:46
700997,2,ITEM,5010572,35,12237.4,2026-07-24 10:22:46
700997,3,TAX,,,1247.25,2026-07-24 10:22:46
700999,1,ITEM,5010601,40,11305.2,2026-02-16 14:44:13
700999,2,TAX,,,565.26,2026-02-16 14:44:13
701000,1,ITEM,5010611,1,39009.39,2026-01-20 10:39:45
701000,2,ITEM,5010612,1,18533.22,2026-01-20 10:39:45
701000,3,ITEM,5010613,1,31756.44,2026-01-20 10:39:45
701000,4,TAX,,,4464.95,2026-01-20 10:39:45
701001,1,ITEM,5010631,1,1848.41,2025-11-24 09:47:25
701001,2,TAX,,,92.42,2025-11-24 09:47:25
701002,1,ITEM,5010641,34,4104.82,2026-01-05 14:55:05
701002,2,TAX,,,205.24,2026-01-05 14:55:05
701003,1,ITEM,5010651,1,26030.02,2024-12-06 09:21:19
701003,2,ITEM,5010652,1,142211.3,2024-12-06 09:21:19
701003,3,ITEM,5010653,1,14022.97,2024-12-06 09:21:19
701003,4,TAX,,,9113.21,2024-12-06 09:21:19
701004,1,ITEM,5010661,12,54377.57,2026-05-15 09:27:06
701004,2,ITEM,5010662,33,277433.64,2026-05-15 09:27:06
701004,3,TAX,,,16590.56,2026-05-15 09:27:06
701006,1,ITEM,5010681,1,3004.91,2025-07-21 09:50:01
701006,2,ITEM,5010682,1,14288.68,2025-07-21 09:50:01
701006,3,TAX,,,864.68,2025-07-21 09:50:01
701007,1,ITEM,5010691,1,23578.94,2026-07-08 10:06:07
701007,2,TAX,,,1178.95,2026-07-08 10:06:07
701008,1,ITEM,5010701,1,95872.47,2025-03-31 10:18:22
701008,2,ITEM,5010702,1,115615.55,2025-03-31 10:18:22
701008,3,TAX,,,10574.4,2025-03-31 10:18:22
701009,1,ITEM,5010711,1,26284.87,2024-12-27 10:22:23
701009,2,TAX,,,1314.24,2024-12-27 10:22:23
701010,1,ITEM,5010721,18,60161.58,2026-07-30 09:12:27
701010,2,TAX,,,0.0,2026-07-30 09:12:27
701011,1,ITEM,5010731,14,4342.52,2025-02-03 16:29:03
701011,2,TAX,,,217.13,2025-02-03 16:29:03
701012,1,ITEM,5010741,28,10321.3,2025-10-20 08:11:02
701012,2,ITEM,5010742,20,7806.0,2025-10-20 08:11:02
701012,3,ITEM,5010743,29,8049.53,2025-10-20 08:11:02
701012,4,TAX,,,1308.84,2025-10-20 08:11:02
701013,1,ITEM,5010751,1,24917.78,2025-04-02 09:15:48
701013,2,TAX,,,1245.89,2025-04-02 09:15:48
701014,1,ITEM,5010761,1,14592.81,2026-02-23 12:48:40
701014,2,TAX,,,729.64,2026-02-23 12:48:40
701015,1,ITEM,5010771,1,64205.1,2026-02-02 10:35:12
701015,2,ITEM,5010772,1,138242.12,2026-02-02 10:35:12
701015,3,ITEM,5010773,1,96193.57,2026-02-02 10:35:12
701015,4,TAX,,,14932.04,2026-02-02 10:35:12
701016,1,ITEM,5010781,27,18465.3,2025-12-12 09:51:45
701016,2,ITEM,5010782,36,286052.76,2025-12-12 09:51:45
701016,3,TAX,,,15225.9,2025-12-12 09:51:45
701017,1,ITEM,5010791,15,71542.8,2025-02-24 10:31:37
701017,2,TAX,,,3577.14,2025-02-24 10:31:37
701018,1,ITEM,5010801,1,32111.88,2025-06-16 14:10:33
701018,2,ITEM,5010802,1,32504.41,2025-06-16 14:10:33
701018,3,ITEM,5010803,1,5569.32,2025-06-16 14:10:33
701018,4,TAX,,,3509.28,2025-06-16 14:10:33
701019,1,ITEM,5010811,1,105170.22,2025-12-04 10:26:54
701019,2,ITEM,5010812,1,63673.57,2025-12-04 10:26:54
701019,3,TAX,,,8442.19,2025-12-04 10:26:54
701020,1,ITEM,5010821,1,67826.75,2025-10-21 09:17:01
701020,2,TAX,,,6782.68,2025-10-21 09:17:01
701023,1,ITEM,5010861,16,379.68,2024-11-18 17:47:56
701023,2,ITEM,5010862,9,2846.25,2024-11-18 17:47:56
701023,3,TAX,,,161.3,2024-11-18 17:47:56
701024,1,ITEM,5010871,1,4663.12,2025-01-27 10:47:57
701024,2,TAX,,,233.16,2025-01-27 10:47:57
701025,1,ITEM,5010881,1,70357.55,2024-12-20 10:38:31
701025,2,TAX,,,3517.88,2024-12-20 10:38:31
701026,1,ITEM,5010891,3,9845.16,2024-10-17 10:00:23
701026,2,ITEM,5010892,15,74418.15,2024-10-17 10:00:23
701026,3,ITEM,5010893,26,128322.48,2024-10-17 10:00:23
701026,4,TAX,,,10629.29,2024-10-17 10:00:23
701027,1,ITEM,5010911,39,197563.86,2026-07-10 09:10:19
701027,2,TAX,,,9878.19,2026-07-10 09:10:19
701028,1,ITEM,5010921,1,13425.88,2025-08-14 09:51:19
701028,2,ITEM,5010922,1,84066.7,2025-08-14 09:51:19
701028,3,TAX,,,4874.63,2025-08-14 09:51:19
701029,1,ITEM,5010931,1,5779.01,2025-07-24 08:06:16
701029,2,TAX,,,288.95,2025-07-24 08:06:16
701030,1,ITEM,5010941,1,14645.59,2025-02-14 08:10:53
701030,2,ITEM,5010942,1,35617.86,2025-02-14 08:10:53
701030,3,TAX,,,2513.17,2025-02-14 08:10:53
701031,1,ITEM,5010951,1,149962.89,2026-07-13 09:20:15
701031,2,ITEM,5010952,1,24786.22,2026-07-13 09:20:15
701031,3,TAX,,,8737.46,2026-07-13 09:20:15
701032,1,ITEM,5010961,1,12242.56,2024-11-18 13:40:41
701032,2,ITEM,5010962,1,16352.18,2024-11-18 13:40:41
701032,3,ITEM,5010963,1,39438.11,2024-11-18 13:40:41
701032,4,TAX,,,3401.64,2024-11-18 13:40:41
701033,1,ITEM,5010981,40,35252.0,2025-05-20 09:32:51
701033,2,TAX,,,1762.6,2025-05-20 09:32:51
701034,1,ITEM,5010991,38,5955.74,2025-02-06 10:21:50
701034,2,ITEM,5010992,24,8758.32,2025-02-06 10:21:50
701034,3,TAX,,,1471.41,2025-02-06 10:21:50
701035,1,ITEM,5011001,34,93326.26,2025-05-27 08:39:44
701035,2,TAX,,,4666.31,2025-05-27 08:39:44
701036,1,ITEM,,,6267.6,2025-05-29 13:07:11
701036,2,TAX,,,313.38,2025-05-29 13:07:11
701037,1,ITEM,,,14509.35,2026-02-03 13:31:36
701037,2,TAX,,,725.47,2026-02-03 13:31:36
701038,1,ITEM,,,4227.69,2025-09-15 16:53:14
701038,2,TAX,,,211.38,2025-09-15 16:53:14
701039,1,ITEM,,,17247.88,2025-12-05 10:06:40
701039,2,TAX,,,862.39,2025-12-05 10:06:40
701040,1,ITEM,,,18858.23,2026-06-09 11:30:51
701040,2,TAX,,,942.91,2026-06-09 11:30:51
701041,1,ITEM,,,4669.18,2025-05-19 10:34:18
701041,2,TAX,,,233.46,2025-05-19 10:34:18
701042,1,ITEM,,,7518.72,2024-12-17 09:03:06
701042,2,TAX,,,375.94,2024-12-17 09:03:06
701043,1,ITEM,,,10662.73,2025-10-06 09:56:43
701043,2,TAX,,,533.14,2025-10-06 09:56:43
701044,1,ITEM,,,19602.42,2026-05-07 09:11:41
701044,2,TAX,,,980.12,2026-05-07 09:11:41
701045,1,ITEM,,,5985.75,2026-01-20 09:33:50
701045,2,TAX,,,299.29,2026-01-20 09:33:50
701046,1,ITEM,,,12362.18,2026-07-15 16:23:45
701046,2,TAX,,,618.11,2026-07-15 16:23:45
701047,1,ITEM,,,4967.74,2024-11-13 08:31:11
701047,2,TAX,,,248.39,2024-11-13 08:31:11
701048,1,ITEM,,,2293.54,2025-12-22 13:15:34
701048,2,TAX,,,114.68,2025-12-22 13:15:34
701049,1,ITEM,,,6269.06,2025-07-04 09:08:12
701049,2,TAX,,,313.45,2025-07-04 09:08:12
701050,1,ITEM,,,2193.03,2025-12-25 10:05:45
701050,2,TAX,,,109.65,2025-12-25 10:05:45
701051,1,ITEM,,,4456.5,2026-07-02 10:06:59
701051,2,TAX,,,222.83,2026-07-02 10:06:59
701052,1,ITEM,,,7751.67,2026-08-07 09:08:23
701052,2,TAX,,,387.58,2026-08-07 09:08:23
701053,1,ITEM,,,19833.46,2026-04-09 09:11:13
701053,2,TAX,,,991.67,2026-04-09 09:11:13
701054,1,ITEM,,,5518.22,2025-02-19 12:07:57
701054,2,TAX,,,275.91,2025-02-19 12:07:57
701055,1,ITEM,,,3950.89,2026-07-24 08:16:22
701055,2,TAX,,,197.54,2026-07-24 08:16:22
701056,1,ITEM,,,3090.58,2026-09-09 08:50:37
701056,2,TAX,,,154.53,2026-09-09 08:50:37
701057,1,ITEM,,,14771.77,2025-05-02 08:08:22
701057,2,TAX,,,738.59,2025-05-02 08:08:22
701058,1,ITEM,,,2016.87,2025-03-31 10:09:05
701058,2,TAX,,,100.84,2025-03-31 10:09:05
701059,1,ITEM,,,19136.39,2025-11-03 10:54:58
701059,2,TAX,,,956.82,2025-11-03 10:54:58
701060,1,ITEM,,,15309.38,2025-12-26 10:18:24
701060,2,TAX,,,765.47,2025-12-26 10:18:24
701061,1,ITEM,,,7984.76,2026-01-05 10:09:38
701061,2,TAX,,,399.24,2026-01-05 10:09:38
701062,1,ITEM,,,6476.27,2025-05-09 14:33:15
701062,2,TAX,,,323.81,2025-05-09 14:33:15
701063,1,ITEM,,,10666.91,2025-12-08 10:52:19
701063,2,TAX,,,533.35,2025-12-08 10:52:19
701064,1,ITEM,,,10176.22,2025-10-27 10:09:52
701064,2,TAX,,,508.81,2025-10-27 10:09:52
701065,1,ITEM,,,4585.99,2026-08-07 09:56:36
701065,2,TAX,,,229.3,2026-08-07 09:56:36
701066,1,ITEM,,,2864.03,2025-08-07 09:36:15
701066,2,TAX,,,143.2,2025-08-07 09:36:15
701067,1,ITEM,,,2319.0,2026-02-27 10:33:30
701067,2,TAX,,,115.95,2026-02-27 10:33:30
701068,1,ITEM,,,1145.31,2025-07-22 10:06:23
701068,2,TAX,,,57.27,2025-07-22 10:06:23
701069,1,ITEM,,,14351.1,2025-03-26 10:21:41
701069,2,TAX,,,717.56,2025-03-26 10:21:41
701070,1,ITEM,,,8341.51,2024-10-15 08:30:48
701070,2,TAX,,,417.08,2024-10-15 08:30:48
701071,1,ITEM,,,1550.12,2026-05-18 09:30:09
701071,2,TAX,,,77.51,2026-05-18 09:30:09
701072,1,ITEM,,,18998.57,2025-04-17 08:09:44
701072,2,TAX,,,949.93,2025-04-17 08:09:44
701073,1,ITEM,,,19838.33,2026-01-30 15:25:58
701073,2,TAX,,,991.92,2026-01-30 15:25:58
701074,1,ITEM,,,8426.28,2024-10-04 14:51:35
701074,2,TAX,,,421.31,2024-10-04 14:51:35
701075,1,ITEM,,,16769.8,2024-12-04 14:43:30
701075,2,TAX,,,838.49,2024-12-04 14:43:30
701076,1,ITEM,,,3328.45,2026-04-20 08:09:03
701076,2,TAX,,,166.42,2026-04-20 08:09:03
701077,1,ITEM,,,2314.38,2026-06-30 09:55:20
701077,2,TAX,,,115.72,2026-06-30 09:55:20
701078,1,ITEM,,,18952.16,2025-05-26 09:43:26
701078,2,TAX,,,947.61,2025-05-26 09:43:26
701079,1,ITEM,,,6166.6,2025-04-21 15:57:37
701079,2,TAX,,,308.33,2025-04-21 15:57:37
701080,1,ITEM,,,4882.45,2024-10-21 09:46:18
701080,2,TAX,,,244.12,2024-10-21 09:46:18
701081,1,ITEM,,,2586.72,2026-03-30 09:44:10
701081,2,TAX,,,129.34,2026-03-30 09:44:10
701082,1,ITEM,,,15975.11,2025-11-27 14:11:10
701082,2,TAX,,,798.76,2025-11-27 14:11:10
701083,1,ITEM,,,10241.69,2025-11-03 12:45:19
701083,2,TAX,,,512.08,2025-11-03 12:45:19
701084,1,ITEM,,,11898.74,2025-08-18 09:44:04
701084,2,TAX,,,594.94,2025-08-18 09:44:04
701085,1,ITEM,,,11718.17,2025-08-07 08:43:41
701085,2,TAX,,,585.91,2025-08-07 08:43:41
701086,1,ITEM,,,950.85,2026-03-09 10:11:07
701086,2,TAX,,,47.54,2026-03-09 10:11:07
701087,1,ITEM,,,16262.19,2025-12-12 13:16:03
701087,2,TAX,,,813.11,2025-12-12 13:16:03
701088,1,ITEM,,,11372.41,2026-04-15 09:08:55
701088,2,TAX,,,568.62,2026-04-15 09:08:55
701089,1,ITEM,,,10934.22,2025-06-30 09:54:44
701089,2,TAX,,,546.71,2025-06-30 09:54:44
701090,1,ITEM,,,8373.65,2025-12-15 14:10:50
701090,2,TAX,,,418.68,2025-12-15 14:10:50
701091,1,ITEM,,,6163.26,2025-11-13 12:18:28
701091,2,TAX,,,308.16,2025-11-13 12:18:28
701092,1,ITEM,,,13884.04,2026-08-21 09:23:33
701092,2,TAX,,,694.2,2026-08-21 09:23:33
701093,1,ITEM,,,2354.24,2025-11-25 09:29:13
701093,2,TAX,,,117.71,2025-11-25 09:29:13
701094,1,ITEM,,,7279.01,2024-12-16 10:18:40
701094,2,TAX,,,363.95,2024-12-16 10:18:40
701095,1,ITEM,,,10623.85,2025-02-03 12:21:31
701095,2,TAX,,,531.19,2025-02-03 12:21:31
701096,1,ITEM,,,6262.13,2025-02-24 08:57:26
701096,2,TAX,,,313.11,2025-02-24 08:57:26
701097,1,ITEM,,,18134.41,2026-03-12 09:09:28
701097,2,TAX,,,906.72,2026-03-12 09:09:28
701098,1,ITEM,,,2816.17,2025-02-24 09:10:13
701098,2,TAX,,,140.81,2025-02-24 09:10:13
701099,1,ITEM,,,9175.2,2025-02-07 14:14:38
701099,2,TAX,,,458.76,2025-02-07 14:14:38
701100,1,ITEM,,,10206.44,2026-01-07 09:36:39
701100,2,TAX,,,510.32,2026-01-07 09:36:39
701101,1,ITEM,,,16607.39,2026-04-08 09:50:23
701101,2,TAX,,,830.37,2026-04-08 09:50:23
701102,1,ITEM,,,5576.92,2025-11-06 08:36:30
701102,2,TAX,,,278.85,2025-11-06 08:36:30
701103,1,ITEM,,,1871.04,2026-04-01 10:59:23
701103,2,TAX,,,93.55,2026-04-01 10:59:23
701104,1,ITEM,,,15225.05,2024-10-28 12:52:08
701104,2,TAX,,,761.25,2024-10-28 12:52:08
701105,1,ITEM,,,11776.79,2025-11-03 08:13:29
701105,2,TAX,,,588.84,2025-11-03 08:13:29
701106,1,ITEM,,,3779.85,2026-06-09 09:42:20
701106,2,TAX,,,188.99,2026-06-09 09:42:20
701107,1,ITEM,,,18507.6,2024-12-02 09:31:52
701107,2,TAX,,,925.38,2024-12-02 09:31:52
701108,1,ITEM,,,9699.14,2026-09-14 12:43:58
701108,2,TAX,,,484.96,2026-09-14 12:43:58
701109,1,ITEM,,,13497.35,2026-05-12 09:57:39
701109,2,TAX,,,674.87,2026-05-12 09:57:39
701110,1,ITEM,,,10524.5,2026-02-09 15:41:45
701110,2,TAX,,,526.23,2026-02-09 15:41:45
701111,1,ITEM,,,11239.14,2024-12-16 10:50:16
701111,2,TAX,,,561.96,2024-12-16 10:50:16
701112,1,ITEM,,,11310.27,2025-06-23 16:03:02
701112,2,TAX,,,565.51,2025-06-23 16:03:02
701113,1,ITEM,,,9067.17,2025-07-25 15:38:42
701113,2,TAX,,,453.36,2025-07-25 15:38:42
701114,1,ITEM,,,16424.96,2025-07-14 09:10:26
701114,2,TAX,,,821.25,2025-07-14 09:10:26
701115,1,ITEM,,,15746.63,2026-07-29 10:44:22
701115,2,TAX,,,787.33,2026-07-29 10:44:22
701116,1,ITEM,,,15976.09,2026-07-17 09:27:49
701116,2,TAX,,,798.8,2026-07-17 09:27:49
701117,1,ITEM,,,3560.9,2026-05-04 11:42:09
701117,2,TAX,,,178.05,2026-05-04 11:42:09
701118,1,ITEM,,,1529.2,2024-12-16 10:26:55
701118,2,TAX,,,76.46,2024-12-16 10:26:55
701119,1,ITEM,,,9644.96,2024-12-06 10:17:23
701119,2,TAX,,,482.25,2024-12-06 10:17:23
701120,1,ITEM,,,3050.38,2026-07-20 08:32:46
701120,2,TAX,,,152.52,2026-07-20 08:32:46
701121,1,ITEM,,,8116.14,2026-04-24 10:44:09
701121,2,TAX,,,405.81,2026-04-24 10:44:09
701122,1,ITEM,,,5903.03,2025-02-03 14:43:50
701122,2,TAX,,,295.15,2025-02-03 14:43:50
701123,1,ITEM,,,18331.69,2025-11-12 08:27:50
701123,2,TAX,,,916.58,2025-11-12 08:27:50
701124,1,ITEM,,,11746.92,2026-03-09 09:04:52
701124,2,TAX,,,587.35,2026-03-09 09:04:52
701125,1,ITEM,,,5457.84,2026-02-12 10:04:15
701125,2,TAX,,,272.89,2026-02-12 10:04:15
701126,1,ITEM,,,19329.81,2026-06-10 08:52:32
701126,2,TAX,,,966.49,2026-06-10 08:52:32
701127,1,ITEM,,,10593.5,2024-10-08 08:12:50
701127,2,TAX,,,529.68,2024-10-08 08:12:50
701128,1,ITEM,,,10044.59,2026-03-05 08:19:42
701128,2,TAX,,,502.23,2026-03-05 08:19:42
701129,1,ITEM,,,14624.02,2026-04-27 08:26:41
701129,2,TAX,,,731.2,2026-04-27 08:26:41
701130,1,ITEM,,,3679.24,2025-06-16 10:25:41
701130,2,TAX,,,183.96,2025-06-16 10:25:41
701131,1,ITEM,,,8460.71,2025-08-04 16:21:08
701131,2,TAX,,,423.04,2025-08-04 16:21:08
701132,1,ITEM,,,18447.33,2025-01-08 17:07:24
701132,2,TAX,,,922.37,2025-01-08 17:07:24
701133,1,ITEM,,,5827.11,2025-12-15 09:39:54
701133,2,TAX,,,291.36,2025-12-15 09:39:54
701134,1,ITEM,,,9102.8,2025-07-11 16:24:42
701134,2,TAX,,,455.14,2025-07-11 16:24:42
701135,1,ITEM,,,19718.51,2024-12-16 10:48:47
701135,2,TAX,,,985.93,2024-12-16 10:48:47
701136,1,ITEM,,,14182.17,2025-07-30 14:34:02
701136,2,TAX,,,709.11,2025-07-30 14:34:02
701137,1,ITEM,,,12876.48,2026-03-02 09:44:49
701137,2,TAX,,,643.82,2026-03-02 09:44:49
701138,1,ITEM,,,16814.5,2025-02-17 10:02:47
701138,2,TAX,,,840.73,2025-02-17 10:02:47
701139,1,ITEM,,,15390.3,2025-06-19 11:49:30
701139,2,TAX,,,769.51,2025-06-19 11:49:30
701140,1,ITEM,,,8548.39,2025-10-20 08:30:05
701140,2,TAX,,,427.42,2025-10-20 08:30:05
701141,1,ITEM,,,19814.7,2025-05-19 09:03:02
701141,2,TAX,,,990.74,2025-05-19 09:03:02
701142,1,ITEM,,,1648.85,2025-06-16 10:21:21
701142,2,TAX,,,82.44,2025-06-16 10:21:21
701143,1,ITEM,,,1228.65,2026-08-31 15:17:53
701143,2,TAX,,,61.43,2026-08-31 15:17:53
701144,1,ITEM,,,11438.3,2026-01-19 16:00:24
701144,2,TAX,,,571.91,2026-01-19 16:00:24
701145,1,ITEM,,,18306.99,2025-06-13 10:54:42
701145,2,TAX,,,915.35,2025-06-13 10:54:42
701146,1,ITEM,,,9068.77,2025-12-09 10:12:08
701146,2,TAX,,,453.44,2025-12-09 10:12:08
701147,1,ITEM,,,2182.08,2024-12-24 10:16:49
701147,2,TAX,,,109.1,2024-12-24 10:16:49
701148,1,ITEM,,,1880.63,2025-02-24 08:25:19
701148,2,TAX,,,94.03,2025-02-24 08:25:19
701149,1,ITEM,,,6575.22,2026-01-12 09:04:12
701149,2,TAX,,,328.76,2026-01-12 09:04:12
701150,1,ITEM,,,7810.35,2025-02-03 16:47:54
701150,2,TAX,,,390.52,2025-02-03 16:47:54
701151,1,ITEM,,,8246.81,2025-05-22 10:38:58
701151,2,TAX,,,412.34,2025-05-22 10:38:58
701152,1,ITEM,,,18002.18,2024-12-24 08:46:34
701152,2,TAX,,,900.11,2024-12-24 08:46:34
701153,1,ITEM,,,12290.64,2024-12-31 14:50:18
701153,2,TAX,,,614.53,2024-12-31 14:50:18
701154,1,ITEM,,,19109.98,2025-11-28 14:50:37
701154,2,TAX,,,955.5,2025-11-28 14:50:37
701155,1,ITEM,,,5526.84,2025-04-16 10:18:21
701155,2,TAX,,,276.34,2025-04-16 10:18:21
