INVOICE_ID,INVOICE_NUM,VENDOR_ID,INVOICE_DATE,CREATION_DATE,CREATED_BY,SOURCE,INVOICE_AMOUNT,TOTAL_TAX_AMOUNT,CANCELLED_DATE,CANCELLED_BY
700001,INV-9020-99593,9020,2026-02-24,2026-02-27 09:47:17,AP.RAVI,Manual Invoice Entry,3987.03,189.86,,
700002,INV-9018-30033,9018,2026-04-08,2026-04-09 08:52:30,AP.RAVI,Manual Invoice Entry,280505.77,13357.42,,
700003,INV-9004-38864,9004,2025-08-28,2025-08-29 08:15:33,AP.RAVI,Manual Invoice Entry,467413.56,22257.79,,
700004,INV-9005-34890,9005,2026-05-27,2026-06-01 15:17:36,AP.MONA,Manual Invoice Entry,14628.68,696.6,,
700005,INV-9004-81511,9004,2025-02-04,2025-02-05 10:18:43,AP.ANNA,Manual Invoice Entry,3467.34,165.11,,
700006,INV-9007-96951,9007,2025-03-06,2025-03-12 17:32:18,AP.ANNA,Manual Invoice Entry,101355.14,4826.44,,
700007,INV-9019-25906,9019,2025-05-13,2025-05-19 08:49:30,AP.ANNA,Manual Invoice Entry,12125.52,0.0,,
700008,INV-9008-80008,9008,2025-04-17,2025-04-21 10:04:56,SYS_AP_IMAGING,Imaging,66962.66,3188.7,,
700009,INV-9006-13365,9006,2025-03-26,2025-03-28 10:07:26,SYS_AP_IMAGING,Imaging,66228.27,3153.73,,
700010,INV-9002-21359,9002,2024-11-16,2024-11-19 10:21:51,SYS_AP_IMAGING,Imaging,7978.57,379.93,,
700011,INV-9012-35443,9012,2026-03-25,2026-03-30 10:30:08,AP.MONA,Manual Invoice Entry,78538.12,3739.91,,
700012,INV-9018-69049,9018,2026-03-18,2026-03-23 08:55:49,SYS_AP_IMAGING,Imaging,56988.51,2713.74,,
700013,INV-9006-71433,9006,2026-02-01,2026-02-06 09:18:31,SYS_AP_IMAGING,Imaging,38611.56,1838.65,,
700014,INV-9001-64165,9001,2026-05-27,2026-06-01 12:29:33,AP.RAVI,Manual Invoice Entry,42386.94,3853.36,,
700015,INV-9008-60604,9008,2025-03-20,2025-03-24 11:32:25,AP.MONA,Manual Invoice Entry,11432.23,544.39,,
700016,INV-9017-30706,9017,2026-05-04,2026-05-08 14:18:36,SYS_AP_IMAGING,Imaging,247048.71,11764.22,,
700017,INV-9015-57953,9015,2025-03-30,2025-04-01 09:47:20,AP.ANNA,Manual Invoice Entry,47863.25,2279.2,,
700018,INV-9008-57537,9008,2026-06-15,2026-06-17 09:02:45,SYS_AP_IMAGING,Imaging,168990.01,8047.14,,
700019,INV-9007-68756,9007,2025-03-12,2025-03-17 08:08:11,SYS_AP_IMAGING,Imaging,80112.6,3814.89,,
700020,INV-9010-22656,9010,2025-09-21,2025-09-22 10:59:44,SYS_AP_IMAGING,Imaging,90.53,4.31,,
700021,INV-9002-98930,9002,2025-10-24,2025-10-27 08:48:06,SYS_AP_IMAGING,Imaging,311596.83,14837.94,,
700022,INV-9007-76840,9007,2026-04-08,2026-04-09 10:21:34,AP.ANNA,Manual Invoice Entry,104256.37,4964.59,,
700023,INV-9005-89928,9005,2025-11-13,2025-11-17 09:20:33,AP.MONA,Manual Invoice Entry,7054.11,335.91,,
700024,INV-9009-31697,9009,2026-07-11,2026-07-13 08:38:40,AP.ANNA,Manual Invoice Entry,66330.51,3158.6,,
700025,INV-9019-12490,9019,2025-11-07,2025-11-11 12:22:42,SYS_AP_IMAGING,Imaging,50216.23,2391.25,,
700026,INV-9008-69988,9008,2025-09-16,2025-09-22 14:33:50,SYS_AP_IMAGING,Imaging,3505.27,166.92,,
700027,INV-9013-93816,9013,2026-06-06,2026-06-09 10:17:49,AP.MONA,Manual Invoice Entry,10067.67,479.41,,
700028,INV-9015-27009,9015,2025-10-24,2025-10-27 08:23:15,SYS_AP_IMAGING,Imaging,110379.3,5256.16,,
700029,INV-9015-83874,9015,2026-05-07,2026-05-13 10:09:30,AP.MONA,Manual Invoice Entry,200703.81,9557.32,,
700030,INV-9007-75308,9007,2026-01-06,2026-01-12 08:52:02,AP.MONA,Manual Invoice Entry,284479.11,13546.62,,
700031,INV-9020-83783,9020,2026-05-08,2026-05-13 09:48:39,SYS_AP_IMAGING,Imaging,45655.26,2174.06,,
700032,INV-9001-42311,9001,2026-09-25,2026-09-28 10:41:29,SYS_AP_IMAGING,Imaging,40386.33,1923.16,,
700033,INV-9016-47649,9016,2026-08-20,2026-08-24 15:42:13,AP.RAVI,Manual Invoice Entry,23342.11,1111.53,,
700034,INV-9014-21368,9014,2025-08-07,2025-08-11 10:54:41,SYS_AP_IMAGING,Imaging,133739.06,6368.53,,
700035,INV-9013-20237,9013,2026-08-22,2026-08-27 10:55:01,SYS_AP_IMAGING,Imaging,32045.61,1525.98,,
700036,INV-9007-81361,9007,2024-12-02,2024-12-03 10:23:25,SYS_AP_IMAGING,Imaging,206231.26,9820.54,,
700037,INV-9017-98008,9017,2025-11-29,2025-12-01 14:01:37,SYS_AP_IMAGING,Imaging,94284.33,4489.73,,
700038,INV-9016-11553,9016,2025-05-08,2025-05-12 10:42:17,SYS_AP_IMAGING,Imaging,655501.86,59591.08,,
700039,INV-9017-83860,9017,2025-04-22,2025-04-28 13:32:31,AP.ANNA,Manual Invoice Entry,80292.03,3823.43,,
700040,INV-9003-61068,9003,2025-11-21,2025-11-27 08:05:14,AP.RAVI,Manual Invoice Entry,93401.86,4447.71,,
700041,INV-9018-87908,9018,2025-07-26,2025-07-30 14:03:50,AP.RAVI,Manual Invoice Entry,84842.99,4040.14,,
700042,INV-9010-90304,9010,2026-05-15,2026-05-21 13:56:34,SYS_AP_IMAGING,Imaging,67856.9,3231.28,,
700043,INV-9001-10583,9001,2025-11-04,2025-11-06 08:47:13,SYS_AP_IMAGING,Imaging,78553.91,3740.66,,
700044,INV-9012-91187,9012,2025-05-03,2025-05-05 10:10:36,SYS_AP_IMAGING,Imaging,29964.82,1426.9,,
700045,INV-9014-21401,9014,2025-11-06,2025-11-10 08:18:34,SYS_AP_IMAGING,Imaging,110832.47,5277.74,,
700046,INV-9012-37767,9012,2025-05-12,2025-05-16 09:54:56,AP.MONA,Manual Invoice Entry,17846.73,849.84,,
700047,INV-9002-27973,9002,2026-06-10,2026-06-11 09:43:48,SYS_AP_IMAGING,Imaging,26888.31,1280.4,,
700048,INV-9014-65163,9014,2026-07-11,2026-07-13 08:23:25,SYS_AP_IMAGING,Imaging,44371.37,2112.92,,
700049,INV-9003-45227,9003,2024-11-29,2024-12-02 10:50:03,SYS_AP_IMAGING,Imaging,516.41,24.59,,
700050,INV-9017-13133,9017,2025-12-13,2025-12-15 08:46:17,SYS_AP_IMAGING,Imaging,83942.67,3997.27,,
700051,INV-9007-30369,9007,2025-01-11,2025-01-13 09:05:44,AP.ANNA,Manual Invoice Entry,108128.79,5148.99,,
700052,INV-9008-83873,9008,2024-12-13,2024-12-19 09:58:10,SYS_AP_IMAGING,Imaging,13569.15,646.15,,
700053,INV-9008-26691,9008,2026-08-10,2026-08-14 10:37:12,SYS_AP_IMAGING,Imaging,659.46,31.4,,
700054,INV-9019-22203,9019,2025-06-05,2025-06-09 17:30:06,AP.ANNA,Manual Invoice Entry,32317.67,1538.94,,
700055,INV-9007-64262,9007,2025-12-02,2025-12-08 13:47:45,AP.MONA,Manual Invoice Entry,82948.04,3949.91,,
700056,INV-9020-62818,9020,2026-09-19,2026-09-24 11:25:56,SYS_AP_IMAGING,Imaging,2609.26,124.25,,
700057,INV-9008-27779,9008,2026-07-05,2026-07-06 09:03:29,AP.ANNA,Manual Invoice Entry,450886.18,21470.77,,
700058,INV-9007-91737,9007,2025-11-01,2025-11-03 09:54:29,AP.RAVI,Manual Invoice Entry,34865.24,1660.25,,
700059,INV-9020-95778,9020,2026-09-26,2026-09-28 10:51:34,SYS_AP_IMAGING,Imaging,7322.34,348.68,,
700060,INV-9009-92141,9009,2024-11-17,2024-11-22 14:55:12,AP.RAVI,Manual Invoice Entry,26658.84,1269.47,,
700061,INV-9002-89381,9002,2025-10-20,2025-10-21 10:00:39,AP.MONA,Manual Invoice Entry,90545.07,4311.67,,
700062,INV-9007-69839,9007,2026-09-20,2026-09-22 10:05:04,AP.RAVI,Manual Invoice Entry,257590.28,12266.2,,
700063,INV-9005-74990,9005,2026-08-01,2026-08-03 08:00:54,SYS_AP_IMAGING,Imaging,56227.95,2677.52,,
700064,INV-9013-23935,9013,2025-01-06,2025-01-09 11:40:31,AP.MONA,Manual Invoice Entry,192619.99,9172.38,,
700065,INV-9020-88974,9020,2026-06-13,2026-06-17 10:37:39,SYS_AP_IMAGING,Imaging,6456.15,307.44,,
700066,INV-9007-47701,9007,2026-03-05,2026-03-10 08:51:15,SYS_AP_IMAGING,Imaging,456060.36,21717.16,,
700067,INV-9009-80390,9009,2026-08-12,2026-08-17 15:16:36,AP.ANNA,Manual Invoice Entry,247216.0,11772.19,,
700068,INV-9001-80101,9001,2026-08-02,2026-08-06 09:26:57,AP.MONA,Manual Invoice Entry,160130.14,0.0,,
700069,INV-9020-81939,9020,2025-08-24,2025-08-25 08:19:44,SYS_AP_IMAGING,Imaging,32511.21,1548.15,,
700070,INV-9016-95709,9016,2025-03-06,2025-03-11 08:58:10,AP.RAVI,Manual Invoice Entry,4588.58,218.5,,
700071,INV-9017-42975,9017,2026-01-31,2026-02-06 09:41:08,AP.MONA,Manual Invoice Entry,5312.66,252.98,,
700072,INV-9020-21239,9020,2025-09-09,2025-09-15 10:40:18,AP.MONA,Manual Invoice Entry,140159.03,6674.24,,
700073,INV-9005-40475,9005,2026-04-16,2026-04-20 11:20:40,SYS_AP_IMAGING,Imaging,7411.95,352.95,,
700074,INV-9014-39067,9014,2026-02-19,2026-02-24 17:16:13,SYS_AP_IMAGING,Imaging,7831.93,372.95,,
700075,INV-9020-85352,9020,2025-08-29,2025-09-01 15:20:01,SYS_AP_IMAGING,Imaging,123281.17,5870.53,,
700076,INV-9015-85303,9015,2025-03-14,2025-03-19 08:54:04,SYS_AP_IMAGING,Imaging,204600.82,9742.9,,
700077,INV-9004-38241,9004,2024-11-13,2024-11-18 09:16:11,SYS_AP_IMAGING,Imaging,193436.82,9211.28,,
700078,INV-9004-64262,9004,2025-12-20,2025-12-26 09:56:58,AP.RAVI,Manual Invoice Entry,110399.12,5257.1,,
700079,INV-9015-34716,9015,2024-11-07,2024-11-12 13:37:30,AP.RAVI,Manual Invoice Entry,44370.81,4033.71,,
700080,INV-9009-25985,9009,2025-08-04,2025-08-07 08:12:02,SYS_AP_IMAGING,Imaging,12030.11,572.86,,
700081,INV-9017-94495,9017,2025-02-03,2025-02-05 10:50:39,AP.RAVI,Manual Invoice Entry,246770.77,11750.99,,
700082,INV-9002-14099,9002,2025-05-23,2025-05-29 10:20:50,AP.MONA,Manual Invoice Entry,20063.73,955.42,,
700083,INV-9008-76151,9008,2025-03-15,2025-03-17 10:27:02,SYS_AP_IMAGING,Imaging,43618.86,2077.09,,
700084,INV-9011-75850,9011,2025-11-28,2025-12-01 17:58:23,SYS_AP_IMAGING,Imaging,24156.35,1150.3,,
700085,INV-9003-40603,9003,2025-02-06,2025-02-10 08:22:04,SYS_AP_IMAGING,Imaging,6360.46,302.88,,
700086,INV-9020-79391,9020,2026-03-04,2026-03-09 12:34:34,AP.RAVI,Manual Invoice Entry,104751.94,0.0,,
700087,INV-9009-34632,9009,2026-01-20,2026-01-26 09:26:55,AP.MONA,Manual Invoice Entry,8337.48,397.02,,
700088,INV-9008-80499,9008,2026-04-29,2026-04-30 08:33:16,AP.RAVI,Manual Invoice Entry,5641.23,268.63,,
700089,INV-9010-53934,9010,2026-04-30,2026-05-04 10:39:14,SYS_AP_IMAGING,Imaging,53295.06,0.0,,
700090,INV-9020-45968,9020,2024-10-20,2024-10-21 11:16:36,AP.MONA,Manual Invoice Entry,181414.37,8638.78,,
700091,INV-9017-56346,9017,2026-07-05,2026-07-07 11:34:56,SYS_AP_IMAGING,Imaging,1066527.27,50787.01,,
700092,INV-9019-53684,9019,2026-04-14,2026-04-20 10:07:09,AP.ANNA,Manual Invoice Entry,22727.22,1082.25,,
700093,INV-9011-71377,9011,2024-10-26,2024-10-30 08:41:48,SYS_AP_IMAGING,Imaging,2470.29,117.63,,
700094,INV-9020-40953,9020,2025-02-16,2025-02-21 10:37:45,AP.RAVI,Manual Invoice Entry,24234.06,1154.0,,
700095,INV-9010-82800,9010,2026-05-05,2026-05-11 09:06:48,AP.ANNA,Manual Invoice Entry,66738.32,3178.02,,
700096,INV-9005-81587,9005,2025-01-22,2025-01-24 10:31:57,SYS_AP_IMAGING,Imaging,41586.91,1980.33,,
700097,INV-9005-32989,9005,2024-12-10,2024-12-16 10:11:57,SYS_AP_IMAGING,Imaging,403668.87,19222.33,,
700098,INV-9005-18906,9005,2025-04-28,2025-04-30 08:33:47,AP.MONA,Manual Invoice Entry,268843.94,0.0,,
700099,INV-9004-19188,9004,2026-01-29,2026-02-02 09:36:57,AP.MONA,Manual Invoice Entry,3284.06,156.38,,
700100,INV-9003-91051,9003,2025-08-30,2025-09-03 08:02:26,SYS_AP_IMAGING,Imaging,33720.23,1605.73,,
700101,INV-9004-20580,9004,2026-05-01,2026-05-05 10:55:07,SYS_AP_IMAGING,Imaging,114782.36,10434.76,,
700102,INV-9008-40841,9008,2025-10-02,2025-10-06 10:11:17,AP.ANNA,Manual Invoice Entry,153239.48,7297.12,,
700103,INV-9014-66917,9014,2025-09-25,2025-10-01 12:41:35,AP.RAVI,Manual Invoice Entry,71291.6,3394.84,,
700104,INV-9013-18601,9013,2025-12-30,2026-01-05 14:41:30,SYS_AP_IMAGING,Imaging,327984.93,15618.33,,
700105,INV-9006-32984,9006,2026-07-02,2026-07-08 08:39:59,SYS_AP_IMAGING,Imaging,51133.95,2434.95,,
700106,INV-9005-79000,9005,2025-11-30,2025-12-01 11:15:54,AP.RAVI,Manual Invoice Entry,2270.77,108.13,,
700107,INV-9003-83306,9003,2026-08-07,2026-08-10 09:35:26,SYS_AP_IMAGING,Imaging,785811.03,37419.57,,
700108,INV-9010-86027,9010,2026-02-19,2026-02-25 10:51:58,AP.MONA,Manual Invoice Entry,276719.52,13177.12,,
700109,INV-9006-18683,9006,2025-03-30,2025-04-04 08:50:52,SYS_AP_IMAGING,Imaging,8235.7,392.18,,
700110,INV-9019-50895,9019,2025-10-09,2025-10-13 08:20:34,SYS_AP_IMAGING,Imaging,8065.53,384.07,,
700111,INV-9012-42858,9012,2025-10-04,2025-10-06 09:31:58,SYS_AP_IMAGING,Imaging,157312.33,7491.06,,
700112,INV-9017-26803,9017,2025-04-25,2025-04-28 10:22:31,SYS_AP_IMAGING,Imaging,227916.8,0.0,,
700113,INV-9003-81770,9003,2026-06-23,2026-06-26 16:05:57,AP.RAVI,Manual Invoice Entry,85390.84,4066.23,,
700114,INV-9014-41205,9014,2026-02-25,2026-03-02 10:42:42,SYS_AP_IMAGING,Imaging,7146.8,340.32,,
700115,INV-9014-40862,9014,2025-03-08,2025-03-11 10:15:48,SYS_AP_IMAGING,Imaging,8604.97,409.76,,
700116,INV-9003-59456,9003,2026-06-24,2026-06-26 13:26:52,SYS_AP_IMAGING,Imaging,81072.4,3860.59,,
700117,INV-9013-60265,9013,2025-02-04,2025-02-10 10:30:52,SYS_AP_IMAGING,Imaging,174650.21,8316.68,,
700118,INV-9012-31437,9012,2026-04-26,2026-04-27 17:37:12,AP.ANNA,Manual Invoice Entry,418733.63,38066.69,,
700119,INV-9012-81716,9012,2025-02-15,2025-02-18 12:43:58,AP.MONA,Manual Invoice Entry,43346.03,0.0,,
700120,INV-9016-43211,9016,2025-12-27,2025-12-31 08:32:02,AP.RAVI,Manual Invoice Entry,110808.79,5276.61,,
700121,INV-9007-98954,9007,2025-08-31,2025-09-04 17:43:14,AP.RAVI,Manual Invoice Entry,64342.63,3063.93,,
700122,INV-9016-16166,9016,2026-01-18,2026-01-22 09:06:44,SYS_AP_IMAGING,Imaging,102036.42,4858.88,,
700123,INV-9014-54737,9014,2025-11-20,2025-11-21 16:07:57,SYS_AP_IMAGING,Imaging,10738.95,511.38,,
700124,INV-9017-29249,9017,2026-05-19,2026-05-22 13:40:32,SYS_AP_IMAGING,Imaging,17236.02,820.76,,
700125,INV-9010-23792,9010,2025-07-22,2025-07-28 10:36:19,SYS_AP_IMAGING,Imaging,34829.7,1658.56,,
700126,INV-9014-28630,9014,2026-07-03,2026-07-06 09:19:18,SYS_AP_IMAGING,Imaging,18707.11,0.0,,
700127,INV-9020-89541,9020,2026-01-21,2026-01-26 16:12:35,SYS_AP_IMAGING,Imaging,30862.78,1469.66,,
700128,INV-9006-42133,9006,2025-06-03,2025-06-05 11:03:13,SYS_AP_IMAGING,Imaging,7558.38,359.92,,
700129,INV-9016-20636,9016,2025-07-10,2025-07-16 10:11:04,AP.MONA,Manual Invoice Entry,137155.83,6531.23,,
700130,INV-9012-89032,9012,2025-06-17,2025-06-23 08:28:52,AP.ANNA,Manual Invoice Entry,70.78,3.37,,
700131,INV-9001-87664,9001,2025-11-08,2025-11-14 08:21:49,AP.MONA,Manual Invoice Entry,100912.9,4805.38,,
700132,INV-9004-53017,9004,2024-11-07,2024-11-13 09:23:16,AP.MONA,Manual Invoice Entry,118676.97,5651.28,,
700133,INV-9008-15530,9008,2025-02-17,2025-02-19 09:39:04,AP.RAVI,Manual Invoice Entry,4783.92,227.81,,
700134,INV-9016-69795,9016,2026-03-22,2026-03-23 08:24:54,SYS_AP_IMAGING,Imaging,82401.9,3923.9,,
700135,INV-9012-86543,9012,2026-01-14,2026-01-19 10:31:35,SYS_AP_IMAGING,Imaging,73642.4,3506.78,,
700136,INV-9006-81188,9006,2025-10-05,2025-10-07 08:37:48,SYS_AP_IMAGING,Imaging,4221.31,201.01,,
700137,INV-9005-66649,9005,2026-08-08,2026-08-10 08:24:32,SYS_AP_IMAGING,Imaging,150121.08,7148.62,,
700138,INV-9015-38476,9015,2025-08-27,2025-09-01 14:29:55,AP.MONA,Manual Invoice Entry,15614.27,743.54,,
700139,INV-9007-18652,9007,2026-05-10,2026-05-11 08:25:41,SYS_AP_IMAGING,Imaging,1419.05,67.57,,
700140,INV-9009-39156,9009,2026-02-04,2026-02-10 16:49:35,SYS_AP_IMAGING,Imaging,145005.74,6905.04,,
700141,INV-9002-73025,9002,2024-12-26,2024-12-30 08:16:59,AP.RAVI,Manual Invoice Entry,25256.3,1202.68,,
700142,INV-9012-20531,9012,2026-09-17,2026-09-21 08:49:55,AP.MONA,Manual Invoice Entry,10696.74,509.37,,
700143,INV-9018-89034,9018,2026-08-06,2026-08-07 10:37:06,SYS_AP_IMAGING,Imaging,15239.84,725.71,,
700144,INV-9012-14160,9012,2025-06-25,2025-06-30 08:55:05,SYS_AP_IMAGING,Imaging,30732.74,1463.46,,
700145,INV-9016-58200,9016,2026-02-04,2026-02-06 08:05:16,AP.MONA,Manual Invoice Entry,127545.27,6073.58,,
700146,INV-9020-98853,9020,2025-06-01,2025-06-02 10:58:05,SYS_AP_IMAGING,Imaging,13889.44,661.4,,
700147,INV-9007-68342,9007,2026-05-19,2026-05-25 10:42:29,AP.RAVI,Manual Invoice Entry,283768.1,13512.77,,
700148,INV-9001-81359,9001,2026-02-18,2026-02-19 10:10:18,AP.RAVI,Manual Invoice Entry,97070.15,4622.39,,
700149,INV-9002-29179,9002,2026-06-12,2026-06-15 08:21:02,SYS_AP_IMAGING,Imaging,26776.8,1275.09,,
700150,INV-9017-50991,9017,2025-12-02,2025-12-03 08:19:52,SYS_AP_IMAGING,Imaging,306770.09,14608.1,,
700151,INV-9010-49953,9010,2025-08-08,2025-08-14 16:43:11,AP.MONA,Manual Invoice Entry,425800.59,20276.22,,
700152,INV-9012-27521,9012,2025-06-28,2025-06-30 17:23:08,SYS_AP_IMAGING,Imaging,110064.78,5241.18,,
700153,INV-9014-23508,9014,2026-04-04,2026-04-06 10:13:09,AP.RAVI,Manual Invoice Entry,247246.27,11773.63,,
700154,INV-9005-57367,9005,2026-08-01,2026-08-03 10:35:36,SYS_AP_IMAGING,Imaging,168612.0,8029.14,,
700155,INV-9005-38548,9005,2026-08-03,2026-08-05 09:25:17,SYS_AP_IMAGING,Imaging,421912.33,20091.06,,
700156,INV-9004-38741,9004,2025-05-06,2025-05-12 08:30:37,AP.ANNA,Manual Invoice Entry,701.69,33.41,,
700157,INV-9013-26131,9013,2025-04-24,2025-04-29 09:30:04,AP.ANNA,Manual Invoice Entry,438816.35,20896.02,,
700158,INV901326131,9013,2025-04-24,2025-05-02 09:09:06,AP.RAVI,Manual Invoice Entry,438816.35,20896.02,2025-05-06 17:29:59,AP.MONA
700159,INV-9004-26716,9004,2026-08-28,2026-08-31 10:27:37,SYS_AP_IMAGING,Imaging,31546.87,1502.23,,
700160,INV-9011-29623,9011,2025-11-24,2025-11-25 16:18:53,AP.ANNA,Manual Invoice Entry,2914.74,264.98,,
700161,INV-9005-11438,9005,2025-02-05,2025-02-10 09:01:34,AP.ANNA,Manual Invoice Entry,18125.79,863.13,,
700162,INV-9011-41340,9011,2025-07-07,2025-07-11 09:23:08,SYS_AP_IMAGING,Imaging,19930.18,949.06,,
700163,INV-9018-19565,9018,2025-09-05,2025-09-08 08:09:37,SYS_AP_IMAGING,Imaging,93313.56,4443.5,,
700164,INV-9007-67250,9007,2025-06-24,2025-06-30 14:20:22,SYS_AP_IMAGING,Imaging,19977.31,951.3,,
700165,INV-9010-10996,9010,2025-06-21,2025-06-27 09:26:05,SYS_AP_IMAGING,Imaging,447476.04,21308.38,,
700166,INV-9008-52258,9008,2024-11-22,2024-11-25 16:58:36,SYS_AP_IMAGING,Imaging,27606.66,1314.6,,
700167,INV-9003-57826,9003,2026-01-16,2026-01-21 08:12:11,SYS_AP_IMAGING,Imaging,4382.58,208.69,,
700168,INV-9014-38019,9014,2025-03-02,2025-03-03 10:23:07,AP.RAVI,Manual Invoice Entry,114719.36,5462.83,,
700169,INV-9003-58349,9003,2025-06-05,2025-06-06 10:46:02,AP.ANNA,Manual Invoice Entry,444753.38,21178.73,,
700170,INV-9015-71361,9015,2026-04-13,2026-04-14 08:44:52,AP.RAVI,Manual Invoice Entry,7662.82,364.9,,
700171,INV-9015-16536,9015,2025-06-26,2025-06-30 14:02:32,AP.MONA,Manual Invoice Entry,105115.56,5005.5,,
700172,INV-9020-53997,9020,2025-04-12,2025-04-14 08:33:43,SYS_AP_IMAGING,Imaging,52764.39,2512.59,,
700173,INV-9001-75395,9001,2026-02-28,2026-03-03 15:49:11,SYS_AP_IMAGING,Imaging,200947.48,9568.93,,
700174,INV-9001-67264,9001,2026-06-09,2026-06-15 13:21:36,AP.MONA,Manual Invoice Entry,10360.37,493.35,,
700175,INV-9012-45412,9012,2025-07-16,2025-07-21 08:02:16,SYS_AP_IMAGING,Imaging,68870.79,0.0,,
700176,INV-9017-97495,9017,2026-03-24,2026-03-26 13:13:44,SYS_AP_IMAGING,Imaging,137295.9,6537.9,,
700177,INV-9001-86116,9001,2025-07-15,2025-07-18 10:49:20,SYS_AP_IMAGING,Imaging,9415.71,448.37,,
700178,INV-9016-94178,9016,2026-04-11,2026-04-14 10:34:50,SYS_AP_IMAGING,Imaging,44535.58,2120.74,,
700179,INV-9003-53848,9003,2026-09-06,2026-09-07 09:25:01,SYS_AP_IMAGING,Imaging,40191.17,1913.87,,
700180,INV-9002-80283,9002,2025-08-13,2025-08-18 14:08:31,AP.ANNA,Manual Invoice Entry,106030.92,5049.09,,
700181,INV-9008-59719,9008,2026-08-09,2026-08-13 09:31:40,AP.RAVI,Manual Invoice Entry,11407.57,543.22,,
700182,INV-9009-71137,9009,2026-05-30,2026-06-01 09:00:39,SYS_AP_IMAGING,Imaging,69532.48,0.0,,
700183,INV-9016-99262,9016,2025-01-12,2025-01-14 10:41:04,AP.ANNA,Manual Invoice Entry,27056.42,1288.4,,
700184,INV-9020-25127,9020,2025-05-31,2025-06-02 13:35:19,AP.RAVI,Manual Invoice Entry,16463.6,783.98,,
700185,INV-9015-54146,9015,2026-09-24,2026-09-29 09:22:43,AP.MONA,Manual Invoice Entry,68606.88,3266.99,,
700186,INV-9012-58436,9012,2026-03-26,2026-03-31 16:45:12,SYS_AP_IMAGING,Imaging,452856.29,0.0,,
700187,INV-9003-15087,9003,2025-09-05,2025-09-10 08:00:04,AP.RAVI,Manual Invoice Entry,185806.81,8847.94,,
700188,INV-9006-90052,9006,2025-11-06,2025-11-12 10:56:04,AP.ANNA,Manual Invoice Entry,19231.05,915.76,,
700189,INV-9005-42763,9005,2025-03-08,2025-03-10 10:05:21,AP.ANNA,Manual Invoice Entry,12815.88,610.28,,
700190,INV-9016-31783,9016,2026-05-16,2026-05-20 12:59:23,AP.ANNA,Manual Invoice Entry,137443.8,0.0,,
700191,INV-9010-39626,9010,2026-07-12,2026-07-13 16:41:08,SYS_AP_IMAGING,Imaging,133735.42,6368.35,,
700192,INV-9005-67887,9005,2025-05-13,2025-05-19 08:40:21,SYS_AP_IMAGING,Imaging,1857.93,88.47,,
700193,INV-9001-74264,9001,2025-08-03,2025-08-07 14:09:01,AP.MONA,Manual Invoice Entry,126401.41,6019.11,,
700194,INV-9015-50696,9015,2026-06-15,2026-06-17 16:41:10,SYS_AP_IMAGING,Imaging,127200.32,6057.16,,
700195,INV-9009-71189,9009,2025-12-09,2025-12-11 12:29:16,SYS_AP_IMAGING,Imaging,33647.87,1602.28,,
700196,INV-9016-61648,9016,2026-02-28,2026-03-02 08:58:07,AP.RAVI,Manual Invoice Entry,173159.18,8245.68,,
700197,INV-9005-60330,9005,2025-08-18,2025-08-20 09:51:23,SYS_AP_IMAGING,Imaging,147983.58,7046.84,,
700198,INV-9011-66505,9011,2026-06-13,2026-06-15 08:09:36,AP.ANNA,Manual Invoice Entry,662038.02,31525.62,,
700199,INV-9010-12368,9010,2026-08-26,2026-09-01 17:22:38,AP.MONA,Manual Invoice Entry,2479.85,118.09,,
700200,INV-9020-26186,9020,2025-11-25,2025-11-27 08:24:03,SYS_AP_IMAGING,Imaging,194151.3,9245.3,,
700201,INV-9013-36186,9013,2025-06-07,2025-06-09 08:29:31,AP.ANNA,Manual Invoice Entry,659485.74,31404.08,,
700202,INV-9020-32145,9020,2026-09-09,2026-09-14 08:09:53,SYS_AP_IMAGING,Imaging,202489.22,9642.34,,
700203,INV-9011-55116,9011,2026-04-04,2026-04-08 10:55:49,SYS_AP_IMAGING,Imaging,258136.77,12292.23,,
700204,INV-9017-33944,9017,2025-08-19,2025-08-21 08:28:46,SYS_AP_IMAGING,Imaging,31575.51,1503.6,,
700205,INV-9018-24617,9018,2026-03-15,2026-03-18 14:06:34,AP.RAVI,Manual Invoice Entry,31615.24,1505.49,,
700206,INV-9014-40382,9014,2025-10-13,2025-10-15 16:40:14,SYS_AP_IMAGING,Imaging,30199.87,1438.09,,
700207,INV-9019-67685,9019,2025-07-26,2025-07-28 09:35:03,SYS_AP_IMAGING,Imaging,35604.27,1695.44,,
700208,INV-9016-82964,9016,2025-11-19,2025-11-24 08:06:20,AP.RAVI,Manual Invoice Entry,155578.59,7408.5,,
700209,INV-9011-33812,9011,2025-07-01,2025-07-07 10:39:21,SYS_AP_IMAGING,Imaging,30162.94,1436.33,,
700210,INV-9019-26136,9019,2025-07-22,2025-07-24 09:14:43,SYS_AP_IMAGING,Imaging,107048.22,9731.66,,
700211,INV-9003-57850,9003,2025-09-23,2025-09-29 11:42:41,SYS_AP_IMAGING,Imaging,377666.62,17984.12,,
700212,INV-9005-65315,9005,2024-10-29,2024-11-01 10:03:25,SYS_AP_IMAGING,Imaging,316051.26,15050.06,,
700213,INV-9002-65904,9002,2025-03-15,2025-03-20 09:20:04,AP.RAVI,Manual Invoice Entry,48647.59,2316.55,,
700214,INV-9003-98121,9003,2025-03-05,2025-03-06 09:08:11,SYS_AP_IMAGING,Imaging,11315.08,538.81,,
700215,INV900398121,9003,2025-03-05,2025-03-10 08:49:26,AP.MONA,Manual Invoice Entry,11315.08,538.81,2025-03-14 09:19:33,AP.ANNA
700216,INV-9020-53100,9020,2026-04-10,2026-04-13 09:53:25,SYS_AP_IMAGING,Imaging,69632.27,3315.82,,
700217,INV-9019-56186,9019,2026-02-07,2026-02-10 08:46:40,SYS_AP_IMAGING,Imaging,38097.05,1814.15,,
700218,INV-9018-63036,9018,2025-08-05,2025-08-11 10:04:21,AP.ANNA,Manual Invoice Entry,57131.78,2720.56,,
700219,INV-9020-57706,9020,2025-08-09,2025-08-13 09:55:07,SYS_AP_IMAGING,Imaging,46875.73,2232.18,,
700220,INV-9017-99302,9017,2025-06-19,2025-06-23 09:21:38,AP.MONA,Manual Invoice Entry,233129.97,11101.43,,
700221,INV-9003-19094,9003,2026-04-19,2026-04-22 10:00:01,AP.RAVI,Manual Invoice Entry,10315.26,491.2,,
700222,INV-9005-74286,9005,2025-05-24,2025-05-28 08:18:59,SYS_AP_IMAGING,Imaging,4887.25,232.73,,
700223,INV-9007-15478,9007,2025-10-24,2025-10-28 12:01:02,AP.ANNA,Manual Invoice Entry,550753.24,50068.48,,
700224,INV-9018-96246,9018,2025-04-26,2025-04-28 12:18:46,SYS_AP_IMAGING,Imaging,36158.91,1721.85,,
700225,INV-9004-62721,9004,2025-02-13,2025-02-19 09:09:37,AP.RAVI,Manual Invoice Entry,155442.58,7402.03,,
700226,INV-9015-62674,9015,2025-06-24,2025-06-30 08:17:01,SYS_AP_IMAGING,Imaging,189551.25,9026.25,,
700227,INV-9016-29221,9016,2026-01-03,2026-01-05 10:17:52,SYS_AP_IMAGING,Imaging,58920.93,2805.76,,
700228,INV-9012-63371,9012,2025-12-03,2025-12-08 16:59:09,AP.RAVI,Manual Invoice Entry,1238757.44,58988.45,,
700229,INV-9003-20427,9003,2024-11-18,2024-11-19 10:43:13,SYS_AP_IMAGING,Imaging,424084.08,20194.48,,
700230,INV-9003-34941,9003,2025-04-03,2025-04-07 09:23:26,SYS_AP_IMAGING,Imaging,154384.18,7351.63,,
700231,INV-9015-25970,9015,2025-07-14,2025-07-17 09:40:26,AP.MONA,Manual Invoice Entry,230675.69,10984.56,,
700232,INV-9012-17736,9012,2025-05-27,2025-06-02 08:50:12,SYS_AP_IMAGING,Imaging,41290.03,1966.19,,
700233,INV-9011-52799,9011,2026-02-03,2026-02-05 10:29:17,AP.MONA,Manual Invoice Entry,210462.52,0.0,,
700234,INV-9010-40495,9010,2025-10-04,2025-10-10 08:03:33,SYS_AP_IMAGING,Imaging,41548.41,0.0,,
700235,INV-9019-84297,9019,2025-10-10,2025-10-13 10:43:35,AP.MONA,Manual Invoice Entry,15311.35,0.0,,
700236,INV-9006-69669,9006,2024-12-15,2024-12-16 16:36:31,SYS_AP_IMAGING,Imaging,14845.89,706.95,,
700237,INV-9003-28287,9003,2025-06-05,2025-06-11 08:38:32,AP.MONA,Manual Invoice Entry,332082.75,15813.46,,
700238,INV-9012-60299,9012,2025-06-23,2025-06-26 13:39:32,AP.RAVI,Manual Invoice Entry,344826.32,16420.3,,
700239,INV-9011-15750,9011,2025-05-27,2025-06-02 09:49:59,SYS_AP_IMAGING,Imaging,32483.6,1546.84,,
700240,INV-9004-40441,9004,2026-03-27,2026-04-01 08:50:10,SYS_AP_IMAGING,Imaging,30963.18,1474.44,,
700241,INV-9004-47699,9004,2026-05-19,2026-05-25 09:41:24,SYS_AP_IMAGING,Imaging,109323.92,5205.9,,
700242,INV-9002-88349,9002,2025-09-10,2025-09-15 13:30:34,SYS_AP_IMAGING,Imaging,26049.99,1240.48,,
700243,INV-9012-96546,9012,2025-02-14,2025-02-20 10:17:21,AP.ANNA,Manual Invoice Entry,476382.19,22684.87,,
700244,INV-9008-13018,9008,2025-06-13,2025-06-17 11:16:04,SYS_AP_IMAGING,Imaging,23958.73,1140.89,,
700245,INV-9017-90668,9017,2025-07-27,2025-07-28 08:24:30,AP.ANNA,Manual Invoice Entry,233381.61,11113.41,,
700246,INV-9008-71481,9008,2024-11-28,2024-11-29 08:32:24,SYS_AP_IMAGING,Imaging,12247.69,583.22,,
700247,INV-9008-64055,9008,2024-11-15,2024-11-18 09:08:25,AP.MONA,Manual Invoice Entry,468486.43,22308.88,,
700248,INV-9019-48528,9019,2025-04-29,2025-05-05 08:09:30,SYS_AP_IMAGING,Imaging,226549.6,10788.08,,
700249,INV-9018-84618,9018,2025-03-23,2025-03-24 13:34:50,AP.RAVI,Manual Invoice Entry,3603.22,171.58,,
700250,INV-9016-30087,9016,2025-03-12,2025-03-14 08:45:19,SYS_AP_IMAGING,Imaging,49001.19,2333.39,,
700251,INV-9005-76699,9005,2026-07-28,2026-08-03 09:54:35,AP.ANNA,Manual Invoice Entry,160414.88,7638.8,,
700252,INV-9005-34453,9005,2026-06-24,2026-06-25 16:34:56,AP.ANNA,Manual Invoice Entry,35883.58,1708.74,,
700253,INV-9017-85964,9017,2026-03-29,2026-03-30 13:50:57,SYS_AP_IMAGING,Imaging,117740.1,5606.67,,
700254,INV-9013-98055,9013,2024-12-19,2024-12-25 08:06:48,AP.MONA,Manual Invoice Entry,5008.82,238.52,,
700255,INV-9018-92781,9018,2025-02-01,2025-02-03 16:27:50,SYS_AP_IMAGING,Imaging,32063.91,1526.85,,
700256,INV-9003-81950,9003,2026-01-28,2026-02-02 08:03:19,AP.MONA,Manual Invoice Entry,679488.21,32356.58,,
700257,INV-9011-35227,9011,2025-01-05,2025-01-07 17:15:59,AP.MONA,Manual Invoice Entry,11376.21,541.72,,
700258,INV-9020-45900,9020,2025-03-01,2025-03-07 15:21:54,SYS_AP_IMAGING,Imaging,53595.36,2552.16,,
700259,INV-9009-50152,9009,2026-08-17,2026-08-18 13:58:52,AP.RAVI,Manual Invoice Entry,42923.15,2043.96,,
700260,INV-9019-22695,9019,2025-02-16,2025-02-18 08:20:17,AP.ANNA,Manual Invoice Entry,5231.62,249.12,,
700261,INV-9018-92199,9018,2026-01-08,2026-01-14 10:46:00,AP.ANNA,Manual Invoice Entry,4881.93,232.47,,
700262,INV901892199,9018,2026-01-08,2026-01-19 10:53:53,AP.RAVI,Manual Invoice Entry,4881.93,232.47,2026-01-20 08:14:35,AP.ANNA
700263,INV-9014-24832,9014,2026-05-30,2026-06-01 16:37:14,AP.ANNA,Manual Invoice Entry,16061.76,764.85,,
700264,INV-9008-67537,9008,2025-11-02,2025-11-04 10:37:11,AP.MONA,Manual Invoice Entry,18127.12,863.2,,
700265,INV-9017-16951,9017,2025-01-26,2025-01-31 10:24:36,SYS_AP_IMAGING,Imaging,91859.64,4374.27,,
700266,INV-9020-48223,9020,2026-05-26,2026-05-29 10:40:55,AP.RAVI,Manual Invoice Entry,98056.07,4669.34,,
700267,INV-9006-36033,9006,2025-09-21,2025-09-22 11:01:18,SYS_AP_IMAGING,Imaging,575.59,27.41,,
700268,INV-9008-64461,9008,2024-11-10,2024-11-15 09:16:49,SYS_AP_IMAGING,Imaging,18013.71,857.8,,
700269,INV-9002-66186,9002,2026-06-08,2026-06-11 10:01:26,SYS_AP_IMAGING,Imaging,38864.8,1850.7,,
700270,INV-9017-94559,9017,2026-02-07,2026-02-12 10:58:21,SYS_AP_IMAGING,Imaging,163466.91,0.0,,
700271,INV-9010-17179,9010,2025-10-06,2025-10-10 08:18:32,SYS_AP_IMAGING,Imaging,69835.66,3325.51,,
700272,INV-9014-25753,9014,2025-06-13,2025-06-16 11:30:38,AP.MONA,Manual Invoice Entry,211102.58,10052.5,,
700273,INV-9009-55160,9009,2025-03-20,2025-03-24 09:56:45,AP.RAVI,Manual Invoice Entry,3416.78,162.7,,
700274,INV-9002-52339,9002,2026-05-30,2026-06-05 15:51:51,AP.ANNA,Manual Invoice Entry,261510.99,12452.9,,
700275,INV-9010-62777,9010,2025-01-07,2025-01-08 09:25:17,SYS_AP_IMAGING,Imaging,32679.85,1556.18,,
700276,INV-9005-56784,9005,2026-04-19,2026-04-20 14:09:39,SYS_AP_IMAGING,Imaging,10597.59,504.65,,
700277,INV-9009-14015,9009,2026-02-02,2026-02-05 09:24:17,SYS_AP_IMAGING,Imaging,21964.8,1045.94,,
700278,INV-9017-58395,9017,2025-03-19,2025-03-24 12:50:24,SYS_AP_IMAGING,Imaging,38249.94,1821.43,,
700279,INV-9020-29619,9020,2025-05-24,2025-05-28 10:06:51,AP.RAVI,Manual Invoice Entry,251279.78,22843.62,,
700280,INV-9017-20876,9017,2026-06-05,2026-06-08 10:18:39,AP.ANNA,Manual Invoice Entry,1049.71,49.99,,
700281,INV-9010-77543,9010,2026-01-24,2026-01-26 10:51:09,SYS_AP_IMAGING,Imaging,16081.02,765.76,,
700282,INV-9003-82587,9003,2026-07-09,2026-07-15 08:39:39,AP.MONA,Manual Invoice Entry,39040.68,1859.08,,
700283,INV-9015-44967,9015,2026-02-07,2026-02-09 10:54:51,SYS_AP_IMAGING,Imaging,183849.0,8754.71,,
700284,INV-9013-89505,9013,2025-12-23,2025-12-25 10:55:50,AP.ANNA,Manual Invoice Entry,68428.34,6220.76,,
700285,INV-9006-22120,9006,2026-07-19,2026-07-24 08:12:56,SYS_AP_IMAGING,Imaging,23201.96,1104.86,,
700286,INV900622120,9006,2026-07-19,2026-07-29 08:43:11,AP.MONA,Manual Invoice Entry,23201.96,1104.86,2026-08-03 08:41:51,AP.ANNA
700287,INV-9002-59844,9002,2025-02-06,2025-02-07 10:47:15,SYS_AP_IMAGING,Imaging,145555.31,6931.21,,
700288,INV-9004-97418,9004,2024-11-28,2024-12-04 10:07:26,AP.ANNA,Manual Invoice Entry,1651.67,0.0,,
700289,INV-9018-47415,9018,2026-08-02,2026-08-03 12:33:15,SYS_AP_IMAGING,Imaging,13983.26,665.87,,
700290,INV-9020-54920,9020,2026-02-08,2026-02-09 09:28:22,AP.MONA,Manual Invoice Entry,19475.68,927.41,,
700291,INV-9002-89443,9002,2024-12-26,2024-12-30 09:02:23,SYS_AP_IMAGING,Imaging,210524.16,10024.96,,
700292,INV-9010-22462,9010,2025-01-25,2025-01-31 10:42:52,SYS_AP_IMAGING,Imaging,10055.59,478.84,,
700293,INV-9017-98387,9017,2024-12-13,2024-12-19 08:12:12,AP.MONA,Manual Invoice Entry,12227.53,582.26,,
700294,INV-9002-13358,9002,2026-03-11,2026-03-17 16:34:28,AP.ANNA,Manual Invoice Entry,225127.77,10720.37,,
700295,INV-9006-46492,9006,2025-08-17,2025-08-18 15:49:14,AP.MONA,Manual Invoice Entry,124515.45,5929.31,,
700296,INV-9010-91073,9010,2026-06-08,2026-06-10 10:34:51,SYS_AP_IMAGING,Imaging,253988.48,12094.69,,
700297,INV-9019-45910,9019,2026-02-05,2026-02-09 13:18:54,AP.RAVI,Manual Invoice Entry,14250.48,678.59,,
700298,INV-9006-32925,9006,2025-05-26,2025-05-30 12:18:51,AP.MONA,Manual Invoice Entry,33531.08,1596.72,,
700299,INV-9016-31510,9016,2026-01-30,2026-02-05 08:36:18,AP.ANNA,Manual Invoice Entry,109385.92,5208.85,,
700300,INV-9016-74389,9016,2026-03-12,2026-03-17 10:56:53,SYS_AP_IMAGING,Imaging,28292.1,1347.24,,
700301,INV-9010-43305,9010,2026-06-13,2026-06-17 09:32:34,AP.ANNA,Manual Invoice Entry,94603.17,4504.91,,
700302,INV-9018-85861,9018,2025-08-16,2025-08-19 10:06:24,SYS_AP_IMAGING,Imaging,114889.96,5470.95,,
700303,INV-9006-81793,9006,2026-07-03,2026-07-07 10:58:04,SYS_AP_IMAGING,Imaging,38141.78,1816.28,,
700304,INV-9018-97614,9018,2025-05-06,2025-05-09 10:37:58,AP.ANNA,Manual Invoice Entry,23038.61,1097.08,,
700305,INV-9010-21400,9010,2025-06-19,2025-06-23 09:54:50,AP.RAVI,Manual Invoice Entry,30537.14,1454.15,,
700306,INV-9001-44900,9001,2026-07-15,2026-07-20 09:05:18,SYS_AP_IMAGING,Imaging,22062.92,1050.62,,
700307,INV-9019-94080,9019,2025-08-17,2025-08-18 13:34:35,SYS_AP_IMAGING,Imaging,5959.21,283.77,,
700308,INV-9003-72145,9003,2026-07-18,2026-07-24 10:05:46,SYS_AP_IMAGING,Imaging,43016.32,2048.4,,
700309,INV-9009-92656,9009,2025-11-27,2025-12-01 09:11:22,AP.ANNA,Manual Invoice Entry,38689.56,1842.36,,
700311,INV-9017-43436,9017,2026-01-05,2026-01-06 09:20:04,SYS_AP_IMAGING,Imaging,147968.95,7046.14,,
700312,INV-9008-69132,9008,2024-11-15,2024-11-20 10:50:25,SYS_AP_IMAGING,Imaging,54231.1,2582.43,,
700313,INV-9008-87141,9008,2025-07-04,2025-07-07 17:55:27,AP.RAVI,Manual Invoice Entry,211430.65,10068.13,,
700314,INV-9011-26671,9011,2025-07-12,2025-07-14 10:44:51,AP.ANNA,Manual Invoice Entry,517495.24,24642.63,,
700315,INV-9002-11833,9002,2026-06-08,2026-06-10 16:02:48,AP.ANNA,Manual Invoice Entry,157523.59,7501.12,,
700316,INV-9002-52016,9002,2026-08-14,2026-08-17 08:49:07,SYS_AP_IMAGING,Imaging,113462.65,5402.98,,
700317,INV-9016-93326,9016,2025-02-13,2025-02-19 14:12:13,SYS_AP_IMAGING,Imaging,33700.86,1604.8,,
700318,INV-9020-42481,9020,2025-08-15,2025-08-18 11:43:10,AP.MONA,Manual Invoice Entry,195812.56,9324.41,,
700319,INV-9008-29344,9008,2026-07-24,2026-07-30 08:55:48,SYS_AP_IMAGING,Imaging,158530.52,7549.07,,
700320,INV-9012-58959,9012,2025-10-03,2025-10-07 08:02:39,SYS_AP_IMAGING,Imaging,562944.03,26806.86,,
700321,INV-9012-29024,9012,2025-03-28,2025-03-31 16:39:43,AP.ANNA,Manual Invoice Entry,97751.31,4654.82,,
700322,INV-9001-15902,9001,2026-09-20,2026-09-24 10:30:40,SYS_AP_IMAGING,Imaging,7496.77,356.99,,
700323,INV-9003-50470,9003,2025-09-16,2025-09-18 10:34:10,AP.MONA,Manual Invoice Entry,371924.38,17710.68,,
700324,INV-9001-55702,9001,2025-03-20,2025-03-25 12:17:25,SYS_AP_IMAGING,Imaging,81646.8,3887.94,,
700325,INV-9010-77970,9010,2025-05-25,2025-05-26 08:55:25,SYS_AP_IMAGING,Imaging,100255.85,4774.09,,
700326,INV-9005-39205,9005,2025-05-19,2025-05-23 09:12:46,AP.RAVI,Manual Invoice Entry,2718.79,129.47,,
700327,INV-9002-62595,9002,2025-04-30,2025-05-01 08:39:53,SYS_AP_IMAGING,Imaging,203549.64,9692.84,,
700328,INV-9005-29442,9005,2024-12-14,2024-12-16 14:20:39,AP.RAVI,Manual Invoice Entry,176108.57,8386.12,,
700329,INV-9011-91189,9011,2025-04-30,2025-05-05 15:31:05,SYS_AP_IMAGING,Imaging,168511.25,8024.35,,
700330,INV-9007-12298,9007,2025-03-04,2025-03-06 09:20:10,SYS_AP_IMAGING,Imaging,37152.15,1769.15,,
700331,INV-9006-22726,9006,2025-05-23,2025-05-26 10:43:21,AP.MONA,Manual Invoice Entry,45914.58,4174.05,,
700332,INV-9003-60818,9003,2026-05-30,2026-06-02 08:21:45,SYS_AP_IMAGING,Imaging,16524.48,786.88,,
700333,INV-9007-80679,9007,2025-12-15,2025-12-18 08:45:13,AP.ANNA,Manual Invoice Entry,13079.82,622.85,,
700334,INV-9017-88654,9017,2026-03-13,2026-03-16 10:46:24,SYS_AP_IMAGING,Imaging,61537.67,2930.37,,
700335,INV-9014-31300,9014,2026-07-08,2026-07-13 14:44:44,AP.MONA,Manual Invoice Entry,200580.1,9551.43,,
700336,INV-9005-89289,9005,2026-01-14,2026-01-19 15:47:30,AP.MONA,Manual Invoice Entry,46520.38,2215.26,,
700337,INV-9007-33364,9007,2025-07-05,2025-07-07 10:27:58,SYS_AP_IMAGING,Imaging,40716.14,1938.86,,
700338,INV-9010-65784,9010,2025-05-24,2025-05-30 14:08:12,SYS_AP_IMAGING,Imaging,8924.98,425.0,,
700339,INV-9018-84852,9018,2026-03-16,2026-03-17 10:18:43,AP.RAVI,Manual Invoice Entry,8889.69,423.32,,
700340,INV-9017-75085,9017,2025-03-15,2025-03-17 08:22:01,AP.RAVI,Manual Invoice Entry,72017.43,3429.4,,
700341,INV-9011-49221,9011,2025-08-12,2025-08-18 17:40:49,SYS_AP_IMAGING,Imaging,52506.66,2500.32,,
700342,INV-9017-76137,9017,2026-05-20,2026-05-21 12:37:26,AP.RAVI,Manual Invoice Entry,6634.31,315.92,,
700343,INV-9005-66387,9005,2025-01-21,2025-01-27 08:51:51,SYS_AP_IMAGING,Imaging,50946.79,2426.04,,
700344,INV-9019-44610,9019,2025-06-21,2025-06-26 08:02:16,AP.MONA,Manual Invoice Entry,14084.83,670.71,,
700345,INV-9008-14602,9008,2026-05-08,2026-05-11 09:53:13,SYS_AP_IMAGING,Imaging,12325.58,586.93,,
700346,INV-9007-45666,9007,2026-08-28,2026-09-03 08:22:55,AP.MONA,Manual Invoice Entry,196018.26,9334.2,,
700347,INV-9020-40991,9020,2026-08-09,2026-08-10 11:58:50,SYS_AP_IMAGING,Imaging,150848.47,7183.26,,
700348,INV-9002-94927,9002,2025-02-08,2025-02-10 17:32:45,SYS_AP_IMAGING,Imaging,17061.35,812.45,,
700349,INV-9015-75562,9015,2026-01-25,2026-01-29 10:43:44,AP.ANNA,Manual Invoice Entry,28208.06,0.0,,
700350,INV-9016-31823,9016,2025-08-05,2025-08-11 14:03:50,AP.ANNA,Manual Invoice Entry,72694.57,3461.65,,
700351,INV-9002-81214,9002,2025-04-12,2025-04-17 10:39:31,AP.ANNA,Manual Invoice Entry,191108.48,9100.4,,
700352,INV-9001-39133,9001,2026-05-08,2026-05-12 17:45:45,SYS_AP_IMAGING,Imaging,9799.6,466.65,,
700353,INV-9018-43888,9018,2025-09-28,2025-10-02 10:23:00,AP.MONA,Manual Invoice Entry,17803.74,847.8,,
700354,INV-9014-30924,9014,2024-11-18,2024-11-22 09:50:49,SYS_AP_IMAGING,Imaging,322147.43,15340.35,,
700355,INV-9008-98757,9008,2025-03-06,2025-03-10 08:00:29,SYS_AP_IMAGING,Imaging,18657.2,888.44,,
700357,INV-9017-85768,9017,2026-06-08,2026-06-11 09:51:15,AP.MONA,Manual Invoice Entry,319708.78,15224.23,,
700358,INV-9001-82083,9001,2025-06-28,2025-07-03 08:42:33,SYS_AP_IMAGING,Imaging,2713.41,129.21,,
700359,INV-9004-57402,9004,2025-06-10,2025-06-11 09:06:31,AP.ANNA,Manual Invoice Entry,46776.94,2227.47,,
700360,INV-9002-76053,9002,2025-05-31,2025-06-02 13:48:15,SYS_AP_IMAGING,Imaging,82041.37,3906.73,,
700361,INV-9017-19831,9017,2026-04-18,2026-04-20 08:11:21,SYS_AP_IMAGING,Imaging,18937.28,901.78,,
700362,INV-9012-65352,9012,2025-07-14,2025-07-17 10:14:06,AP.RAVI,Manual Invoice Entry,6390.47,304.31,,
700363,INV-9007-60805,9007,2026-07-11,2026-07-13 12:29:17,AP.ANNA,Manual Invoice Entry,124944.26,5949.73,,
700364,INV-9015-42070,9015,2025-02-08,2025-02-10 08:22:58,SYS_AP_IMAGING,Imaging,56357.88,0.0,,
700365,INV-9011-25453,9011,2026-02-20,2026-02-25 13:16:38,SYS_AP_IMAGING,Imaging,50589.47,2409.02,,
700366,INV-9009-18006,9009,2025-07-05,2025-07-08 10:47:04,SYS_AP_IMAGING,Imaging,38216.81,1819.85,,
700367,INV-9005-10973,9005,2025-04-30,2025-05-05 10:53:16,SYS_AP_IMAGING,Imaging,41066.7,1955.56,,
700368,INV-9006-82803,9006,2025-01-13,2025-01-14 14:34:48,SYS_AP_IMAGING,Imaging,90445.11,4306.91,,
700369,INV-9013-36318,9013,2025-11-16,2025-11-17 09:58:26,SYS_AP_IMAGING,Imaging,146679.12,6984.72,,
700370,INV-9013-54588,9013,2025-11-01,2025-11-05 10:02:20,SYS_AP_IMAGING,Imaging,75480.43,3594.31,,
700371,INV-9006-45116,9006,2025-03-28,2025-03-31 08:38:02,AP.MONA,Manual Invoice Entry,53845.52,2564.07,,
700372,INV-9019-40957,9019,2024-11-27,2024-12-02 10:29:56,SYS_AP_IMAGING,Imaging,281106.42,13386.02,,
700373,INV-9015-90991,9015,2025-10-15,2025-10-21 09:35:40,AP.RAVI,Manual Invoice Entry,27970.68,1331.94,,
700374,INV-9010-13959,9010,2026-01-31,2026-02-02 10:21:30,AP.RAVI,Manual Invoice Entry,112113.26,5338.73,,
700375,INV-9008-43108,9008,2026-05-03,2026-05-04 10:33:42,SYS_AP_IMAGING,Imaging,689862.17,32850.58,,
700376,INV-9010-99190,9010,2025-10-30,2025-11-05 17:28:11,SYS_AP_IMAGING,Imaging,222880.64,10613.36,,
700377,INV-9006-29958,9006,2024-11-17,2024-11-20 09:15:21,SYS_AP_IMAGING,Imaging,34752.52,1654.88,,
700378,INV-9005-66862,9005,2025-10-02,2025-10-06 10:32:41,SYS_AP_IMAGING,Imaging,114428.37,5448.97,,
700379,INV-9004-52890,9004,2026-03-29,2026-03-31 08:36:40,SYS_AP_IMAGING,Imaging,41514.5,1976.88,,
700380,INV-9014-53715,9014,2025-05-06,2025-05-08 16:11:54,SYS_AP_IMAGING,Imaging,230149.38,10959.49,,
700381,INV-9011-61432,9011,2024-11-18,2024-11-21 09:40:41,AP.RAVI,Manual Invoice Entry,121787.17,5799.39,,
700382,INV-9002-81301,9002,2026-05-16,2026-05-18 15:29:17,SYS_AP_IMAGING,Imaging,112350.82,5350.04,,
700383,INV-9001-22615,9001,2026-02-18,2026-02-20 09:38:47,SYS_AP_IMAGING,Imaging,1760.25,83.82,,
700384,INV-9020-58623,9020,2026-02-13,2026-02-17 08:25:25,AP.RAVI,Manual Invoice Entry,241656.35,11507.45,,
700385,INV-9020-53172,9020,2025-12-20,2025-12-25 08:20:05,AP.MONA,Manual Invoice Entry,89947.91,4283.23,,
700386,INV-9013-93205,9013,2025-04-22,2025-04-28 08:04:56,AP.ANNA,Manual Invoice Entry,5828.09,277.53,,
700387,INV-9013-52226,9013,2025-06-05,2025-06-09 08:13:22,SYS_AP_IMAGING,Imaging,577177.53,0.0,,
700388,INV-9008-47269,9008,2025-11-13,2025-11-14 10:04:55,AP.ANNA,Manual Invoice Entry,165646.7,7887.94,,
700389,INV-9014-47057,9014,2026-04-03,2026-04-06 09:56:51,SYS_AP_IMAGING,Imaging,483464.54,23022.12,,
700390,INV-9019-33914,9019,2025-12-14,2025-12-16 15:41:38,SYS_AP_IMAGING,Imaging,18651.16,0.0,,
700391,INV-9006-30206,9006,2026-02-25,2026-03-02 09:12:23,SYS_AP_IMAGING,Imaging,373711.47,33973.77,,
700392,INV-9015-18326,9015,2026-09-20,2026-09-23 08:32:36,SYS_AP_IMAGING,Imaging,583919.46,27805.69,,
700393,INV-9007-61018,9007,2026-04-19,2026-04-24 09:46:05,AP.ANNA,Manual Invoice Entry,39800.36,1895.26,,
700394,INV-9009-46235,9009,2026-01-29,2026-02-03 10:20:02,SYS_AP_IMAGING,Imaging,6997.16,333.2,,
700395,INV-9012-85131,9012,2025-08-16,2025-08-18 10:01:31,SYS_AP_IMAGING,Imaging,216019.29,10286.63,,
700396,INV-9018-99293,9018,2025-09-23,2025-09-24 08:43:13,SYS_AP_IMAGING,Imaging,212466.05,10117.43,,
700397,INV-9003-32388,9003,2025-11-20,2025-11-24 13:25:06,AP.RAVI,Manual Invoice Entry,455458.22,21688.49,,
700398,INV-9003-92255,9003,2026-03-31,2026-04-02 14:28:22,AP.ANNA,Manual Invoice Entry,82966.18,3950.77,,
700399,INV-9014-58869,9014,2024-10-27,2024-10-28 14:17:18,AP.RAVI,Manual Invoice Entry,48379.05,2303.76,,
700400,INV-9010-47829,9010,2025-07-12,2025-07-18 10:38:07,SYS_AP_IMAGING,Imaging,66034.24,3144.49,,
700401,INV-9013-16887,9013,2026-04-21,2026-04-23 08:52:18,AP.RAVI,Manual Invoice Entry,28597.8,1361.8,,
700402,INV-9012-47409,9012,2026-04-19,2026-04-20 09:13:42,AP.MONA,Manual Invoice Entry,13026.17,620.29,,
700403,INV-9012-53927,9012,2025-04-10,2025-04-14 08:03:41,AP.MONA,Manual Invoice Entry,7687.51,366.07,,
700404,INV-9013-49882,9013,2024-11-28,2024-12-04 10:16:52,AP.RAVI,Manual Invoice Entry,5182.98,246.81,,
700405,INV-9009-64598,9009,2025-02-08,2025-02-14 09:10:22,AP.ANNA,Manual Invoice Entry,42163.55,2007.79,,
700406,INV-9013-80569,9013,2025-04-09,2025-04-14 08:21:36,AP.MONA,Manual Invoice Entry,15364.39,731.64,,
700407,INV-9014-92946,9014,2025-10-01,2025-10-03 09:11:49,AP.RAVI,Manual Invoice Entry,99622.69,4743.94,,
700408,INV-9004-73180,9004,2025-12-02,2025-12-04 08:14:47,AP.RAVI,Manual Invoice Entry,13846.1,659.34,,
700409,INV-9009-44227,9009,2026-06-16,2026-06-22 08:16:37,SYS_AP_IMAGING,Imaging,1608.22,76.58,,
700410,INV-9004-20445,9004,2024-12-14,2024-12-16 09:31:04,AP.RAVI,Manual Invoice Entry,6071.83,289.13,,
700411,INV-9019-23889,9019,2024-12-01,2024-12-06 16:02:00,SYS_AP_IMAGING,Imaging,220983.41,20089.4,,
700412,INV-9005-63631,9005,2026-01-11,2026-01-12 09:23:05,AP.ANNA,Manual Invoice Entry,33194.26,1580.68,,
700413,INV-9014-68064,9014,2024-12-27,2024-12-30 13:35:35,SYS_AP_IMAGING,Imaging,84220.83,4010.52,,
700415,INV-9006-48157,9006,2026-05-27,2026-06-01 08:14:29,SYS_AP_IMAGING,Imaging,7703.79,366.85,,
700416,INV-9013-25874,9013,2026-06-02,2026-06-05 08:25:18,AP.ANNA,Manual Invoice Entry,523.53,24.93,,
700417,INV-9020-30431,9020,2026-09-17,2026-09-18 12:04:53,AP.MONA,Manual Invoice Entry,14687.22,699.39,,
700418,INV-9013-80172,9013,2025-02-01,2025-02-03 11:17:17,SYS_AP_IMAGING,Imaging,247067.26,11765.11,,
700419,INV-9017-42624,9017,2026-04-10,2026-04-13 10:55:57,SYS_AP_IMAGING,Imaging,7839.68,373.32,,
700420,INV-9017-28151,9017,2025-08-05,2025-08-08 11:38:35,SYS_AP_IMAGING,Imaging,13439.95,640.0,,
700421,INV-9016-28129,9016,2026-02-19,2026-02-24 08:54:58,SYS_AP_IMAGING,Imaging,39382.69,0.0,,
700422,INV-9018-24381,9018,2025-04-27,2025-04-28 08:23:29,AP.MONA,Manual Invoice Entry,44057.65,2097.98,,
700423,INV-9010-22243,9010,2024-11-27,2024-11-29 10:35:38,SYS_AP_IMAGING,Imaging,6836.87,325.57,,
700424,INV-9014-39095,9014,2025-11-07,2025-11-11 09:53:54,AP.RAVI,Manual Invoice Entry,30098.45,1433.26,,
700425,INV-9018-16298,9018,2024-10-27,2024-10-28 09:12:24,AP.MONA,Manual Invoice Entry,121309.45,5776.64,,
700426,INV-9016-71436,9016,2026-02-07,2026-02-13 08:25:10,AP.MONA,Manual Invoice Entry,947874.67,45136.89,,
700427,INV-9003-78986,9003,2026-03-04,2026-03-05 08:05:09,SYS_AP_IMAGING,Imaging,24838.92,1182.81,,
700428,INV900378986,9003,2026-03-04,2026-03-12 10:41:12,AP.ANNA,Manual Invoice Entry,24838.92,1182.81,2026-03-16 11:15:56,AP.ANNA
700429,INV-9020-86615,9020,2024-11-29,2024-12-02 08:38:27,AP.MONA,Manual Invoice Entry,24383.94,1161.14,,
700430,INV-9013-54747,9013,2026-07-24,2026-07-29 10:37:52,AP.RAVI,Manual Invoice Entry,307849.04,14659.48,,
700431,INV-9012-31240,9012,2025-08-22,2025-08-27 08:25:08,SYS_AP_IMAGING,Imaging,3203.59,152.55,,
700432,INV-9006-95893,9006,2024-11-15,2024-11-18 08:26:10,AP.RAVI,Manual Invoice Entry,267406.23,12733.63,,
700433,INV-9009-62545,9009,2026-06-21,2026-06-22 08:24:11,AP.MONA,Manual Invoice Entry,86300.1,4109.53,,
700434,INV-9015-23181,9015,2026-06-07,2026-06-10 10:36:27,SYS_AP_IMAGING,Imaging,276772.61,13179.65,,
700435,INV-9012-59093,9012,2025-05-05,2025-05-06 09:24:03,AP.ANNA,Manual Invoice Entry,78225.7,3725.03,,
700436,INV-9017-39827,9017,2026-01-06,2026-01-12 09:10:48,AP.ANNA,Manual Invoice Entry,41017.95,1953.24,,
700437,INV-9017-13182,9017,2026-01-13,2026-01-14 10:09:47,SYS_AP_IMAGING,Imaging,39403.1,1876.34,,
700438,INV-9014-52239,9014,2024-11-18,2024-11-20 13:15:37,SYS_AP_IMAGING,Imaging,89880.39,4280.02,,
700439,INV-9015-70193,9015,2025-06-18,2025-06-20 08:17:39,AP.MONA,Manual Invoice Entry,8054.63,383.55,,
700440,INV-9004-34141,9004,2026-01-24,2026-01-27 13:30:46,SYS_AP_IMAGING,Imaging,5635.39,268.35,,
700441,INV-9020-70131,9020,2024-10-24,2024-10-25 12:31:16,SYS_AP_IMAGING,Imaging,1289.48,61.4,,
700442,INV-9005-12863,9005,2026-03-11,2026-03-16 13:00:53,SYS_AP_IMAGING,Imaging,42006.35,2000.3,,
700443,INV-9016-78241,9016,2026-03-11,2026-03-16 10:32:48,AP.RAVI,Manual Invoice Entry,74135.83,3530.28,,
700444,INV-9016-86709,9016,2025-07-29,2025-08-04 08:33:25,SYS_AP_IMAGING,Imaging,99783.31,4751.59,,
700445,INV-9007-34150,9007,2025-04-03,2025-04-04 09:06:27,AP.RAVI,Manual Invoice Entry,35915.53,1710.26,,
700446,INV-9006-22182,9006,2025-03-17,2025-03-19 08:29:28,SYS_AP_IMAGING,Imaging,177280.76,8441.94,,
700447,INV-9008-18513,9008,2025-05-06,2025-05-09 14:33:57,AP.RAVI,Manual Invoice Entry,194695.28,9271.2,,
700448,INV-9019-59971,9019,2025-03-05,2025-03-06 08:16:05,AP.RAVI,Manual Invoice Entry,53504.75,2547.85,,
700449,INV-9006-76670,9006,2025-03-15,2025-03-20 08:02:05,SYS_AP_IMAGING,Imaging,30982.51,1475.36,,
700450,INV-9014-63546,9014,2025-12-07,2025-12-08 09:20:46,SYS_AP_IMAGING,Imaging,89717.41,4272.26,,
700451,INV-9014-58348,9014,2026-07-25,2026-07-27 08:51:50,SYS_AP_IMAGING,Imaging,9953.24,473.96,,
700452,INV-9005-76773,9005,2025-08-28,2025-09-01 09:15:48,SYS_AP_IMAGING,Imaging,39062.54,1860.12,,
700453,INV-9009-42243,9009,2025-01-17,2025-01-20 10:16:43,AP.MONA,Manual Invoice Entry,16422.35,782.02,,
700454,INV-9001-88695,9001,2024-11-30,2024-12-06 17:59:34,SYS_AP_IMAGING,Imaging,475078.11,22622.77,,
700455,INV-9016-63252,9016,2024-11-03,2024-11-04 12:24:07,SYS_AP_IMAGING,Imaging,19503.55,928.74,,
700456,INV-9017-79844,9017,2025-05-15,2025-05-16 10:57:56,SYS_AP_IMAGING,Imaging,136009.8,6476.66,,
700457,INV-9006-96985,9006,2025-07-10,2025-07-14 08:57:33,AP.MONA,Manual Invoice Entry,26164.16,1245.91,,
700459,INV-9006-62315,9006,2026-01-09,2026-01-13 17:47:49,SYS_AP_IMAGING,Imaging,4939.55,235.22,,
700460,INV-9019-78295,9019,2024-12-11,2024-12-17 12:09:31,AP.ANNA,Manual Invoice Entry,6711.23,319.58,,
700461,INV-9002-75848,9002,2025-01-02,2025-01-06 14:23:54,SYS_AP_IMAGING,Imaging,387003.15,18428.72,,
700462,INV-9009-67750,9009,2025-06-29,2025-07-02 09:49:28,SYS_AP_IMAGING,Imaging,304303.89,14490.66,,
700463,INV-9007-16301,9007,2026-01-24,2026-01-30 10:49:15,SYS_AP_IMAGING,Imaging,236987.9,11285.14,,
700464,INV-9005-96895,9005,2026-03-23,2026-03-25 15:52:23,SYS_AP_IMAGING,Imaging,803994.42,38285.45,,
700465,INV-9001-27497,9001,2026-01-20,2026-01-26 09:15:02,SYS_AP_IMAGING,Imaging,55039.88,2620.95,,
700466,INV-9011-93634,9011,2025-12-31,2026-01-06 15:53:08,AP.ANNA,Manual Invoice Entry,60953.99,2902.57,,
700467,INV-9010-86726,9010,2025-06-21,2025-06-23 15:30:09,SYS_AP_IMAGING,Imaging,23372.34,1112.97,,
700468,INV-9012-30102,9012,2024-12-10,2024-12-16 10:46:07,AP.RAVI,Manual Invoice Entry,29014.79,1381.66,,
700469,INV-9008-69001,9008,2026-05-19,2026-05-25 14:58:45,SYS_AP_IMAGING,Imaging,226508.68,10786.13,,
700470,INV-9004-73331,9004,2026-04-26,2026-04-28 08:49:14,SYS_AP_IMAGING,Imaging,9096.51,433.17,,
700471,INV-9005-99479,9005,2026-06-18,2026-06-19 09:08:53,AP.MONA,Manual Invoice Entry,90703.22,4319.2,,
700472,INV-9018-52765,9018,2026-09-15,2026-09-21 08:43:12,SYS_AP_IMAGING,Imaging,72801.91,3466.76,,
700473,INV-9010-67092,9010,2025-11-09,2025-11-13 10:29:31,SYS_AP_IMAGING,Imaging,12816.97,610.33,,
700474,INV-9015-64831,9015,2024-11-11,2024-11-14 10:30:02,AP.RAVI,Manual Invoice Entry,575459.55,27402.84,,
700475,INV-9001-14257,9001,2025-06-15,2025-06-20 08:22:22,AP.MONA,Manual Invoice Entry,12641.83,601.99,,
700476,INV-9008-43267,9008,2025-07-14,2025-07-15 10:56:10,AP.MONA,Manual Invoice Entry,835.93,39.81,,
700477,INV-9006-78078,9006,2026-09-16,2026-09-21 10:42:21,AP.RAVI,Manual Invoice Entry,40507.73,1928.94,,
700478,INV-9012-73082,9012,2026-02-14,2026-02-16 09:16:07,AP.ANNA,Manual Invoice Entry,4691.95,223.43,,
700479,INV-9001-41231,9001,2025-01-15,2025-01-20 08:54:33,SYS_AP_IMAGING,Imaging,84880.95,4041.95,,
700480,INV-9006-43801,9006,2026-05-30,2026-06-03 16:13:17,SYS_AP_IMAGING,Imaging,10367.84,493.71,,
700481,INV-9016-92513,9016,2025-01-14,2025-01-20 08:38:35,SYS_AP_IMAGING,Imaging,4134.9,196.9,,
700482,INV-9019-93382,9019,2025-04-14,2025-04-15 13:37:53,AP.MONA,Manual Invoice Entry,44737.21,2130.34,,
700483,INV-9006-70114,9006,2025-12-12,2025-12-15 09:48:26,SYS_AP_IMAGING,Imaging,33655.62,1602.65,,
700484,INV-9003-55253,9003,2026-07-07,2026-07-08 10:06:41,SYS_AP_IMAGING,Imaging,125624.92,5982.14,,
700485,INV-9016-15784,9016,2025-06-06,2025-06-11 09:01:45,SYS_AP_IMAGING,Imaging,449508.74,21405.18,,
700486,INV-9018-48061,9018,2025-05-26,2025-05-27 16:20:55,SYS_AP_IMAGING,Imaging,4042.17,192.48,,
700487,INV-9001-64484,9001,2025-12-04,2025-12-08 17:46:11,SYS_AP_IMAGING,Imaging,683223.84,32534.47,,
700488,INV-9010-35513,9010,2026-03-14,2026-03-16 13:08:05,SYS_AP_IMAGING,Imaging,44580.71,2122.89,,
700489,INV-9002-26657,9002,2024-11-12,2024-11-13 14:00:46,SYS_AP_IMAGING,Imaging,29227.03,1391.76,,
700490,INV-9003-44546,9003,2025-12-13,2025-12-19 13:53:28,SYS_AP_IMAGING,Imaging,80124.4,3815.45,,
700491,INV-9004-71917,9004,2025-08-09,2025-08-11 09:17:32,AP.ANNA,Manual Invoice Entry,864316.53,41157.93,,
700492,INV-9009-14745,9009,2025-10-09,2025-10-13 13:30:35,AP.RAVI,Manual Invoice Entry,63857.5,3040.83,,
700493,INV-9019-62981,9019,2025-09-26,2025-10-01 08:19:55,SYS_AP_IMAGING,Imaging,269121.39,12815.3,,
700494,INV-9005-62513,9005,2026-03-27,2026-03-30 10:35:38,SYS_AP_IMAGING,Imaging,83310.56,3967.17,,
700495,INV-9011-91721,9011,2025-03-29,2025-04-03 09:04:07,SYS_AP_IMAGING,Imaging,13419.89,639.04,,
700496,INV-9007-64193,9007,2026-05-26,2026-06-01 10:40:45,SYS_AP_IMAGING,Imaging,77919.19,0.0,,
700497,INV-9014-16072,9014,2025-02-03,2025-02-04 10:27:15,SYS_AP_IMAGING,Imaging,140158.48,6674.21,,
700498,INV-9017-31019,9017,2024-11-03,2024-11-06 14:28:54,AP.ANNA,Manual Invoice Entry,23209.95,1105.24,,
700499,INV-9018-56331,9018,2026-08-07,2026-08-10 13:15:34,SYS_AP_IMAGING,Imaging,128953.03,6140.62,,
700501,INV-9011-21395,9011,2026-08-22,2026-08-24 08:11:22,SYS_AP_IMAGING,Imaging,73117.59,0.0,,
700502,INV-9002-52727,9002,2025-05-02,2025-05-05 10:49:35,AP.MONA,Manual Invoice Entry,155026.59,7382.22,,
700503,INV-9007-61635,9007,2025-06-03,2025-06-09 10:08:14,SYS_AP_IMAGING,Imaging,307805.95,14657.43,,
700504,INV-9012-42700,9012,2026-01-25,2026-01-26 17:24:19,AP.MONA,Manual Invoice Entry,19941.21,1812.84,,
700505,INV-9007-14816,9007,2025-02-22,2025-02-26 09:20:06,AP.MONA,Manual Invoice Entry,841.17,0.0,,
700506,INV-9020-85570,9020,2026-03-28,2026-04-01 08:14:14,SYS_AP_IMAGING,Imaging,77965.97,3712.67,,
700507,INV-9016-63523,9016,2026-04-05,2026-04-07 09:32:02,SYS_AP_IMAGING,Imaging,6423.92,305.9,,
700508,INV-9009-26149,9009,2025-04-16,2025-04-18 10:53:04,AP.ANNA,Manual Invoice Entry,460091.1,21909.1,,
700509,INV-9009-14585,9009,2024-11-14,2024-11-18 09:44:15,AP.RAVI,Manual Invoice Entry,18842.21,0.0,,
700510,INV-9019-67777,9019,2026-08-13,2026-08-14 08:18:15,AP.RAVI,Manual Invoice Entry,29309.69,1395.7,,
700511,INV-9008-41914,9008,2025-10-25,2025-10-29 14:35:30,SYS_AP_IMAGING,Imaging,25501.4,1214.35,,
700512,INV-9017-73474,9017,2025-04-09,2025-04-11 13:05:32,AP.MONA,Manual Invoice Entry,75869.43,3612.83,,
700513,INV-9013-86184,9013,2025-04-06,2025-04-11 09:24:03,AP.ANNA,Manual Invoice Entry,8629.36,410.92,,
700514,INV-9004-66755,9004,2025-01-29,2025-02-03 10:55:17,SYS_AP_IMAGING,Imaging,10097.37,480.83,,
700515,INV-9017-34399,9017,2025-05-28,2025-06-02 09:34:53,AP.RAVI,Manual Invoice Entry,221056.2,10526.49,,
700516,INV-9017-83127,9017,2026-09-09,2026-09-15 10:50:08,AP.RAVI,Manual Invoice Entry,542159.46,25817.12,,
700517,INV-9013-56642,9013,2026-08-06,2026-08-10 14:17:03,SYS_AP_IMAGING,Imaging,8014.05,381.62,,
700518,INV-9015-51018,9015,2025-06-06,2025-06-11 09:57:14,AP.ANNA,Manual Invoice Entry,51314.29,2443.54,,
700519,INV-9017-96512,9017,2025-05-24,2025-05-29 17:45:28,SYS_AP_IMAGING,Imaging,132381.02,6303.86,,
700520,INV-9009-31682,9009,2025-06-01,2025-06-02 08:18:14,SYS_AP_IMAGING,Imaging,6108.65,290.89,,
700521,INV-9010-30825,9010,2026-09-13,2026-09-14 10:16:38,AP.ANNA,Manual Invoice Entry,181092.52,8623.45,,
700522,INV-9001-36971,9001,2025-07-02,2025-07-07 10:49:25,SYS_AP_IMAGING,Imaging,244022.06,11620.1,,
700523,INV-9016-32426,9016,2024-10-02,2024-10-07 08:46:02,SYS_AP_IMAGING,Imaging,112188.2,5342.3,,
700524,INV-9005-56969,9005,2026-09-25,2026-09-29 09:56:32,AP.RAVI,Manual Invoice Entry,644187.41,30675.59,,
700525,INV-9004-11162,9004,2025-11-11,2025-11-17 09:54:25,SYS_AP_IMAGING,Imaging,4471.26,212.92,,
700526,INV-9017-43014,9017,2026-08-01,2026-08-03 15:44:03,AP.ANNA,Manual Invoice Entry,37851.04,1802.43,,
700527,INV-9019-37899,9019,2025-07-03,2025-07-09 09:37:02,AP.RAVI,Manual Invoice Entry,107632.67,5125.37,,
700528,INV-9003-18486,9003,2025-11-17,2025-11-18 09:45:35,SYS_AP_IMAGING,Imaging,24855.27,1183.58,,
700529,INV-9012-17768,9012,2025-12-16,2025-12-22 09:34:44,AP.RAVI,Manual Invoice Entry,267862.64,12755.36,,
700530,INV-9016-15140,9016,2024-12-08,2024-12-12 11:32:23,SYS_AP_IMAGING,Imaging,110016.31,5238.87,,
700531,INV-9018-16973,9018,2025-11-30,2025-12-02 10:18:46,AP.ANNA,Manual Invoice Entry,32300.28,1538.11,,
700532,INV-9015-80697,9015,2025-04-06,2025-04-07 16:33:25,SYS_AP_IMAGING,Imaging,14128.58,672.79,,
700533,INV-9005-56972,9005,2025-10-23,2025-10-27 10:36:14,SYS_AP_IMAGING,Imaging,377756.2,17988.39,,
700534,INV-9011-36741,9011,2026-01-29,2026-02-04 08:01:16,SYS_AP_IMAGING,Imaging,76017.12,3619.86,,
700535,INV-9006-96105,9006,2025-12-21,2025-12-25 10:12:25,SYS_AP_IMAGING,Imaging,102196.0,4866.48,,
700536,INV-9009-15318,9009,2025-10-17,2025-10-22 10:56:55,SYS_AP_IMAGING,Imaging,103765.11,4941.2,,
700537,INV-9008-63092,9008,2025-06-21,2025-06-23 09:02:48,SYS_AP_IMAGING,Imaging,36941.44,1759.12,,
700538,INV-9002-22437,9002,2025-03-22,2025-03-25 09:40:10,SYS_AP_IMAGING,Imaging,244307.05,11633.67,,
700539,INV-9001-27210,9001,2025-02-01,2025-02-03 16:08:40,SYS_AP_IMAGING,Imaging,205092.53,9766.31,,
700540,INV-9013-91033,9013,2025-05-08,2025-05-12 10:29:39,AP.RAVI,Manual Invoice Entry,494564.31,23550.68,,
700541,INV-9001-77993,9001,2026-06-19,2026-06-22 15:21:06,AP.RAVI,Manual Invoice Entry,171159.74,8150.46,,
700542,INV-9003-39840,9003,2025-02-21,2025-02-24 08:06:31,AP.ANNA,Manual Invoice Entry,71095.38,6463.22,,
700543,INV-9005-73139,9005,2026-02-21,2026-02-23 10:36:36,SYS_AP_IMAGING,Imaging,104150.53,4959.55,,
700544,INV-9017-34337,9017,2025-10-04,2025-10-10 11:29:08,AP.RAVI,Manual Invoice Entry,24131.24,1149.11,,
700545,INV-9018-47507,9018,2025-04-13,2025-04-14 08:00:00,SYS_AP_IMAGING,Imaging,81094.92,3861.66,,
700546,INV-9016-27148,9016,2025-07-03,2025-07-07 15:45:57,SYS_AP_IMAGING,Imaging,2617.07,124.62,,
700547,INV-9016-31631,9016,2025-03-09,2025-03-14 10:08:45,AP.ANNA,Manual Invoice Entry,100587.38,4789.88,,
700548,INV-9006-75488,9006,2025-08-15,2025-08-18 10:23:38,SYS_AP_IMAGING,Imaging,8534.66,406.41,,
700549,INV-9019-78903,9019,2025-09-13,2025-09-15 08:02:14,AP.ANNA,Manual Invoice Entry,21337.21,1016.06,,
700551,INV-9020-61853,9020,2026-02-14,2026-02-16 09:15:58,SYS_AP_IMAGING,Imaging,40587.68,1932.75,,
700552,INV-9015-63357,9015,2026-01-24,2026-01-26 15:12:56,AP.ANNA,Manual Invoice Entry,10279.44,489.5,,
700553,INV-9012-67175,9012,2026-06-08,2026-06-09 11:51:47,AP.ANNA,Manual Invoice Entry,71254.43,6477.68,,
700554,INV-9016-70518,9016,2026-09-23,2026-09-28 09:59:47,AP.ANNA,Manual Invoice Entry,166192.24,7913.92,,
700556,INV-9017-45016,9017,2026-01-30,2026-02-04 09:29:05,SYS_AP_IMAGING,Imaging,89562.76,4264.89,,
700557,INV-9015-26556,9015,2025-12-24,2025-12-30 10:08:13,SYS_AP_IMAGING,Imaging,157943.98,7521.14,,
700558,INV-9010-91340,9010,2025-10-19,2025-10-24 08:59:07,SYS_AP_IMAGING,Imaging,40596.94,1933.19,,
700559,INV-9018-15051,9018,2026-06-06,2026-06-08 09:47:33,SYS_AP_IMAGING,Imaging,2992.16,142.48,,
700560,INV-9014-41543,9014,2026-06-06,2026-06-09 10:52:54,AP.RAVI,Manual Invoice Entry,6611.1,314.81,,
700561,INV-9014-81217,9014,2024-12-18,2024-12-19 10:27:44,AP.MONA,Manual Invoice Entry,350570.23,0.0,,
700562,INV-9013-68440,9013,2026-07-12,2026-07-17 12:45:25,AP.MONA,Manual Invoice Entry,140149.61,6673.79,,
700563,INV-9011-49426,9011,2025-08-27,2025-08-29 09:43:01,SYS_AP_IMAGING,Imaging,116624.21,5553.53,,
700564,INV-9019-99784,9019,2026-07-11,2026-07-13 16:17:17,SYS_AP_IMAGING,Imaging,35203.86,1676.37,,
700565,INV-9001-76034,9001,2025-06-13,2025-06-16 10:27:23,AP.ANNA,Manual Invoice Entry,56130.64,2672.89,,
700566,INV-9001-29633,9001,2025-11-07,2025-11-10 12:26:21,SYS_AP_IMAGING,Imaging,101628.21,4839.44,,
700567,INV-9015-99575,9015,2026-09-02,2026-09-03 08:45:02,SYS_AP_IMAGING,Imaging,11534.69,549.27,,
700568,INV-9019-39356,9019,2026-06-17,2026-06-22 13:18:15,SYS_AP_IMAGING,Imaging,10387.47,494.64,,
700569,INV-9018-56523,9018,2025-07-17,2025-07-23 09:22:29,SYS_AP_IMAGING,Imaging,73984.32,3523.06,,
700570,INV-9019-87938,9019,2025-11-27,2025-12-01 09:19:40,AP.RAVI,Manual Invoice Entry,32191.11,1532.91,,
700571,INV-9002-95800,9002,2026-06-13,2026-06-18 09:55:41,SYS_AP_IMAGING,Imaging,51791.63,2466.27,,
700572,INV-9012-98543,9012,2024-12-04,2024-12-10 14:35:06,AP.RAVI,Manual Invoice Entry,4298.28,204.68,,
700573,INV-9007-14149,9007,2025-03-27,2025-04-02 09:15:27,SYS_AP_IMAGING,Imaging,1799.1,85.67,,
700574,INV-9020-52068,9020,2025-01-02,2025-01-08 10:07:30,AP.ANNA,Manual Invoice Entry,14247.56,678.46,,
700575,INV-9015-99807,9015,2025-02-10,2025-02-13 13:36:07,SYS_AP_IMAGING,Imaging,3726.04,177.43,,
700576,INV-9020-91037,9020,2026-07-11,2026-07-17 08:09:39,AP.MONA,Manual Invoice Entry,72185.04,3437.38,,
700577,INV-9013-43003,9013,2026-08-18,2026-08-20 10:00:46,SYS_AP_IMAGING,Imaging,42782.71,2037.27,,
700578,INV901343003,9013,2026-08-18,2026-08-24 12:21:56,AP.RAVI,Manual Invoice Entry,42782.71,2037.27,2026-08-25 15:52:43,AP.RAVI
700579,INV-9016-79710,9016,2025-01-18,2025-01-22 15:17:45,AP.ANNA,Manual Invoice Entry,56207.71,2676.56,,
700580,INV-9008-89878,9008,2025-01-04,2025-01-07 10:35:46,SYS_AP_IMAGING,Imaging,369362.73,17588.7,,
700581,INV-9003-89351,9003,2026-05-21,2026-05-25 10:21:39,SYS_AP_IMAGING,Imaging,59002.77,2809.66,,
700582,INV-9005-36980,9005,2026-06-13,2026-06-15 16:59:18,AP.RAVI,Manual Invoice Entry,33122.63,1577.27,,
700583,INV-9009-69665,9009,2026-05-23,2026-05-25 10:18:42,AP.ANNA,Manual Invoice Entry,2132.38,101.54,,
700584,INV-9015-39274,9015,2026-05-05,2026-05-06 09:59:51,SYS_AP_IMAGING,Imaging,47831.24,2277.68,,
700585,INV-9013-14720,9013,2025-10-03,2025-10-06 09:48:57,AP.RAVI,Manual Invoice Entry,53646.87,2554.61,,
700586,INV-9017-64319,9017,2026-07-20,2026-07-21 14:51:40,SYS_AP_IMAGING,Imaging,1206382.22,57446.77,,
700587,INV901764319,9017,2026-07-20,2026-07-24 17:23:32,AP.ANNA,Manual Invoice Entry,1206382.22,57446.77,2026-07-29 12:34:49,AP.ANNA
700588,INV-9004-94768,9004,2025-04-12,2025-04-14 08:50:28,AP.ANNA,Manual Invoice Entry,223299.63,10633.32,,
700589,INV-9004-21538,9004,2026-01-05,2026-01-08 08:59:19,SYS_AP_IMAGING,Imaging,278831.45,13277.69,,
700590,INV-9016-35967,9016,2025-05-02,2025-05-05 09:01:20,SYS_AP_IMAGING,Imaging,21076.98,1003.67,,
700591,INV-9009-56444,9009,2025-02-28,2025-03-03 09:36:09,AP.RAVI,Manual Invoice Entry,28917.93,1377.04,,
700592,INV-9004-72498,9004,2026-06-21,2026-06-26 10:55:40,SYS_AP_IMAGING,Imaging,206986.84,9856.52,,
700593,INV-9005-56723,9005,2026-05-05,2026-05-07 12:47:23,SYS_AP_IMAGING,Imaging,215753.14,10273.96,,
700594,INV-9015-91767,9015,2024-12-10,2024-12-12 09:49:38,AP.ANNA,Manual Invoice Entry,16684.03,794.48,,
700595,INV-9018-54448,9018,2026-07-07,2026-07-09 17:15:12,SYS_AP_IMAGING,Imaging,10237.67,487.51,,
700596,INV-9018-68667,9018,2026-03-05,2026-03-09 08:28:16,SYS_AP_IMAGING,Imaging,303031.39,14430.07,,
700597,INV-9006-25441,9006,2024-12-29,2024-12-31 10:10:38,SYS_AP_IMAGING,Imaging,117692.32,5604.4,,
700598,INV-9017-68345,9017,2025-02-13,2025-02-17 08:01:33,SYS_AP_IMAGING,Imaging,226273.55,10774.93,,
700599,INV-9015-38678,9015,2026-07-25,2026-07-27 08:55:41,AP.MONA,Manual Invoice Entry,3043.35,144.92,,
700600,INV-9009-74894,9009,2026-08-10,2026-08-13 09:59:25,AP.RAVI,Manual Invoice Entry,64649.26,3078.54,,
700601,INV-9018-56593,9018,2025-12-21,2025-12-24 09:21:05,SYS_AP_IMAGING,Imaging,13217.59,629.41,,
700602,INV-9012-99653,9012,2025-04-03,2025-04-08 10:44:07,SYS_AP_IMAGING,Imaging,40128.27,1910.87,,
700603,INV-9016-29726,9016,2024-11-19,2024-11-25 11:29:08,SYS_AP_IMAGING,Imaging,274560.7,13074.32,,
700604,INV-9012-89705,9012,2025-04-02,2025-04-07 14:38:59,SYS_AP_IMAGING,Imaging,11579.62,551.41,,
700605,INV-9011-89124,9011,2025-10-23,2025-10-24 10:56:36,SYS_AP_IMAGING,Imaging,345451.18,16450.06,,
700606,INV-9015-68463,9015,2025-03-04,2025-03-05 08:28:20,SYS_AP_IMAGING,Imaging,18323.82,872.56,,
700607,INV-9005-11652,9005,2025-09-19,2025-09-24 13:09:11,SYS_AP_IMAGING,Imaging,289829.32,13801.4,,
700608,INV-9011-36255,9011,2025-08-02,2025-08-04 09:09:55,AP.MONA,Manual Invoice Entry,94197.23,4485.58,,
700609,INV-9020-12149,9020,2026-02-17,2026-02-23 10:26:20,SYS_AP_IMAGING,Imaging,49828.5,2372.79,,
700610,INV-9013-32204,9013,2026-08-06,2026-08-10 10:33:21,SYS_AP_IMAGING,Imaging,176965.83,8426.94,,
700611,INV-9020-58111,9020,2025-12-25,2025-12-26 08:10:56,SYS_AP_IMAGING,Imaging,551830.98,26277.67,,
700612,INV902058111,9020,2025-12-25,2026-01-02 09:02:33,AP.ANNA,Manual Invoice Entry,551830.98,26277.67,2026-01-05 09:30:05,AP.ANNA
700613,INV-9006-28432,9006,2026-04-12,2026-04-17 08:57:00,SYS_AP_IMAGING,Imaging,65757.53,3131.31,,
700614,INV900628432,9006,2026-04-12,2026-05-05 08:18:00,AP.MONA,Manual Invoice Entry,65757.53,3131.31,2026-05-11 10:11:48,AP.ANNA
700615,INV-9004-76479,9004,2024-11-03,2024-11-08 10:34:13,AP.ANNA,Manual Invoice Entry,46203.33,2200.16,,
700616,INV-9003-11019,9003,2026-08-22,2026-08-24 08:21:00,SYS_AP_IMAGING,Imaging,34194.73,1628.32,,
700617,INV-9006-85700,9006,2025-01-12,2025-01-17 17:06:07,SYS_AP_IMAGING,Imaging,16665.98,793.62,,
700618,INV-9009-97291,9009,2024-11-27,2024-12-02 12:11:51,SYS_AP_IMAGING,Imaging,55004.41,2619.26,,
700619,INV-9015-44910,9015,2026-03-08,2026-03-10 10:26:16,AP.ANNA,Manual Invoice Entry,153312.19,13937.47,,
700620,INV-9015-25499,9015,2026-09-20,2026-09-24 10:39:49,SYS_AP_IMAGING,Imaging,115493.67,5499.7,,
700621,INV-9008-44899,9008,2026-09-06,2026-09-07 16:35:33,AP.RAVI,Manual Invoice Entry,16869.81,803.32,,
700622,INV-9016-52212,9016,2025-12-30,2026-01-02 09:04:17,SYS_AP_IMAGING,Imaging,58636.87,2792.23,,
700623,INV-9016-98671,9016,2025-04-06,2025-04-11 10:57:16,SYS_AP_IMAGING,Imaging,51655.77,2459.8,,
700624,INV-9010-30278,9010,2025-07-09,2025-07-15 10:51:42,SYS_AP_IMAGING,Imaging,3142.18,149.63,,
700625,INV-9015-31105,9015,2026-02-13,2026-02-17 08:43:35,SYS_AP_IMAGING,Imaging,152870.83,7279.56,,
700626,INV-9012-39165,9012,2025-03-07,2025-03-13 09:03:29,SYS_AP_IMAGING,Imaging,9167.01,436.52,,
700627,INV-9014-51274,9014,2025-09-30,2025-10-01 08:13:52,AP.MONA,Manual Invoice Entry,77779.73,3703.8,,
700628,INV-9014-83313,9014,2026-03-05,2026-03-10 17:32:23,AP.RAVI,Manual Invoice Entry,28897.0,1376.05,,
700629,INV-9003-75995,9003,2026-01-03,2026-01-06 08:14:12,SYS_AP_IMAGING,Imaging,30892.37,1471.07,,
700630,INV-9014-49520,9014,2025-08-14,2025-08-18 09:05:26,SYS_AP_IMAGING,Imaging,11608.09,552.77,,
700631,INV901449520,9014,2025-08-14,2025-08-25 10:00:34,AP.ANNA,Manual Invoice Entry,11608.09,552.77,2025-09-01 08:14:08,AP.ANNA
700632,INV-9014-11308,9014,2024-12-08,2024-12-12 08:08:24,SYS_AP_IMAGING,Imaging,37857.93,1802.76,,
700633,INV-9017-10433,9017,2025-07-29,2025-07-31 09:11:01,SYS_AP_IMAGING,Imaging,71672.15,3412.96,,
700634,INV-9003-69195,9003,2026-08-21,2026-08-25 09:47:06,AP.MONA,Manual Invoice Entry,1286.24,61.25,,
700635,INV-9013-83866,9013,2024-12-17,2024-12-23 09:06:02,SYS_AP_IMAGING,Imaging,44041.11,2097.2,,
700637,INV-9003-54789,9003,2025-07-22,2025-07-23 15:15:22,SYS_AP_IMAGING,Imaging,227894.1,10852.1,,
700638,INV-9012-18871,9012,2025-02-17,2025-02-20 08:06:25,SYS_AP_IMAGING,Imaging,160266.32,7631.73,,
700639,INV-9009-19310,9009,2026-08-19,2026-08-24 10:41:42,SYS_AP_IMAGING,Imaging,2279.96,108.57,,
700640,INV-9007-68184,9007,2025-03-13,2025-03-14 10:13:34,AP.ANNA,Manual Invoice Entry,5614.26,267.35,,
700641,INV-9014-81230,9014,2025-10-23,2025-10-27 08:20:16,SYS_AP_IMAGING,Imaging,28768.49,1369.93,,
700642,INV-9014-29050,9014,2025-10-11,2025-10-13 08:52:02,SYS_AP_IMAGING,Imaging,367144.11,17483.05,,
700643,INV-9019-40440,9019,2026-05-30,2026-06-01 10:57:09,SYS_AP_IMAGING,Imaging,275980.23,13141.92,,
700644,INV-9010-92796,9010,2025-08-12,2025-08-18 09:38:54,AP.RAVI,Manual Invoice Entry,725782.14,34561.05,,
700645,INV-9002-93126,9002,2025-08-19,2025-08-25 12:21:09,AP.MONA,Manual Invoice Entry,148598.99,7076.14,,
700646,INV-9003-18649,9003,2025-03-15,2025-03-18 08:16:22,SYS_AP_IMAGING,Imaging,5509.08,262.34,,
700647,INV-9006-40192,9006,2025-10-13,2025-10-15 08:31:12,AP.RAVI,Manual Invoice Entry,49784.87,2370.71,,
700648,INV-9013-76076,9013,2025-12-13,2025-12-16 10:00:31,AP.MONA,Manual Invoice Entry,134413.86,6400.66,,
700649,INV-9009-78582,9009,2025-09-04,2025-09-05 08:13:56,SYS_AP_IMAGING,Imaging,57743.56,2749.69,,
700650,INV-9017-90734,9017,2025-03-16,2025-03-17 10:28:34,SYS_AP_IMAGING,Imaging,4354.56,207.36,,
700651,INV-9004-39741,9004,2025-09-08,2025-09-11 09:43:30,SYS_AP_IMAGING,Imaging,113006.96,5381.28,,
700652,INV-9001-83638,9001,2026-04-22,2026-04-27 13:00:51,AP.RAVI,Manual Invoice Entry,28618.84,1362.8,,
700653,INV-9019-55900,9019,2025-02-18,2025-02-24 08:30:24,AP.ANNA,Manual Invoice Entry,59186.01,2818.38,,
700654,INV-9012-45744,9012,2024-10-25,2024-10-30 08:04:51,AP.ANNA,Manual Invoice Entry,139539.08,6644.72,,
700655,INV-9006-13954,9006,2024-11-11,2024-11-13 11:56:37,SYS_AP_IMAGING,Imaging,14426.9,687.0,,
700656,INV-9012-30906,9012,2026-08-07,2026-08-13 09:33:51,SYS_AP_IMAGING,Imaging,6473.5,308.26,,
700657,INV-9011-77500,9011,2025-01-11,2025-01-13 09:32:19,AP.MONA,Manual Invoice Entry,150627.16,13693.38,,
700658,INV-9006-83864,9006,2025-01-12,2025-01-16 09:17:45,AP.MONA,Manual Invoice Entry,430978.65,20522.79,,
700659,INV-9004-83534,9004,2026-08-22,2026-08-25 10:48:11,SYS_AP_IMAGING,Imaging,333254.97,15869.28,,
700660,INV-9005-71377,9005,2025-01-10,2025-01-13 10:05:04,AP.ANNA,Manual Invoice Entry,212076.65,10098.89,,
700661,INV-9016-17337,9016,2025-09-14,2025-09-19 10:15:24,AP.MONA,Manual Invoice Entry,32700.74,1557.18,,
700662,INV-9014-73886,9014,2026-02-02,2026-02-03 09:04:36,SYS_AP_IMAGING,Imaging,19453.75,926.37,,
700663,INV-9011-40410,9011,2025-04-14,2025-04-16 09:54:11,SYS_AP_IMAGING,Imaging,143225.04,6820.24,,
700664,INV-9011-42110,9011,2026-02-14,2026-02-17 08:18:02,SYS_AP_IMAGING,Imaging,98938.61,4711.36,,
700665,INV-9012-43510,9012,2026-04-02,2026-04-06 09:51:51,SYS_AP_IMAGING,Imaging,29230.3,1391.92,,
700666,INV-9013-67759,9013,2025-01-07,2025-01-10 10:56:37,AP.MONA,Manual Invoice Entry,69617.62,3315.12,,
700667,INV-9016-18834,9016,2026-08-06,2026-08-10 15:52:13,AP.RAVI,Manual Invoice Entry,88641.57,4221.03,,
700668,INV-9018-23462,9018,2025-06-26,2025-07-02 10:50:02,AP.RAVI,Manual Invoice Entry,37424.71,1782.13,,
700669,INV-9018-72850,9018,2026-05-16,2026-05-21 17:49:54,AP.MONA,Manual Invoice Entry,187504.04,8928.76,,
700670,INV-9004-80152,9004,2025-05-24,2025-05-26 10:55:11,AP.ANNA,Manual Invoice Entry,2091.67,99.6,,
700671,INV-9008-71518,9008,2025-10-17,2025-10-20 10:06:46,SYS_AP_IMAGING,Imaging,165278.03,7870.38,,
700672,INV-9011-63990,9011,2026-05-05,2026-05-07 10:29:15,SYS_AP_IMAGING,Imaging,65163.32,3103.02,,
700673,INV-9003-15956,9003,2025-09-07,2025-09-08 16:37:23,SYS_AP_IMAGING,Imaging,25239.11,1201.86,,
700674,INV-9017-96368,9017,2026-05-08,2026-05-14 08:51:24,AP.MONA,Manual Invoice Entry,267843.51,12754.45,,
700675,INV-9020-27055,9020,2026-05-05,2026-05-08 09:43:23,AP.MONA,Manual Invoice Entry,15295.08,728.34,,
700676,INV-9002-37624,9002,2025-09-22,2025-09-26 10:36:41,AP.MONA,Manual Invoice Entry,10897.67,518.94,,
700677,INV-9018-93738,9018,2025-02-02,2025-02-07 08:23:50,AP.ANNA,Manual Invoice Entry,84948.32,4045.16,,
700678,INV-9004-52632,9004,2026-09-02,2026-09-04 08:51:09,SYS_AP_IMAGING,Imaging,133991.71,6380.56,,
700679,INV-9014-45896,9014,2025-04-27,2025-05-02 08:02:17,SYS_AP_IMAGING,Imaging,32415.21,1543.58,,
700680,INV-9007-76143,9007,2025-04-08,2025-04-14 10:56:28,SYS_AP_IMAGING,Imaging,2195.15,104.53,,
700681,INV-9014-42252,9014,2025-02-20,2025-02-25 10:57:59,AP.RAVI,Manual Invoice Entry,184693.11,8794.91,,
700682,INV-9014-82396,9014,2026-08-30,2026-08-31 09:33:33,AP.RAVI,Manual Invoice Entry,114318.32,5443.73,,
700683,INV-9015-81575,9015,2025-05-19,2025-05-22 08:32:11,SYS_AP_IMAGING,Imaging,357149.79,17007.13,,
700684,INV-9007-44687,9007,2026-06-15,2026-06-18 09:12:59,AP.ANNA,Manual Invoice Entry,155587.53,7408.93,,
700685,INV-9006-57383,9006,2025-03-27,2025-03-28 10:14:14,AP.RAVI,Manual Invoice Entry,39410.58,1876.69,,
700686,INV-9016-36724,9016,2024-10-27,2024-10-31 15:51:02,AP.RAVI,Manual Invoice Entry,209520.92,9977.19,,
700687,INV-9010-48129,9010,2026-04-22,2026-04-27 10:57:31,SYS_AP_IMAGING,Imaging,33946.93,1616.52,,
700688,INV-9003-99718,9003,2026-08-12,2026-08-18 09:34:20,SYS_AP_IMAGING,Imaging,619020.58,29477.17,,
700689,INV-9020-93395,9020,2025-09-22,2025-09-25 08:05:32,SYS_AP_IMAGING,Imaging,370467.18,17641.29,,
700690,INV-9004-34266,9004,2025-12-03,2025-12-09 08:43:03,SYS_AP_IMAGING,Imaging,38428.91,1829.95,,
700691,INV-9003-34605,9003,2024-11-19,2024-11-20 10:04:27,AP.ANNA,Manual Invoice Entry,132707.86,6319.42,,
700692,INV-9004-81364,9004,2025-01-22,2025-01-27 10:14:44,AP.RAVI,Manual Invoice Entry,117465.86,5593.61,,
700693,INV-9004-58640,9004,2026-02-16,2026-02-19 09:32:03,SYS_AP_IMAGING,Imaging,65447.05,3116.53,,
700694,INV-9002-22648,9002,2025-08-09,2025-08-14 08:57:36,AP.RAVI,Manual Invoice Entry,12661.36,602.92,,
700695,INV-9009-65027,9009,2026-06-01,2026-06-04 10:23:40,SYS_AP_IMAGING,Imaging,13372.0,636.76,,
700696,INV-9001-71671,9001,2024-12-03,2024-12-04 09:08:01,AP.RAVI,Manual Invoice Entry,145481.01,6927.67,,
700697,INV-9018-97068,9018,2025-04-25,2025-04-28 10:57:19,SYS_AP_IMAGING,Imaging,177461.61,8450.55,,
700698,INV-9005-80546,9005,2026-08-21,2026-08-26 13:27:45,AP.ANNA,Manual Invoice Entry,219762.4,10464.88,,
700699,INV-9020-12394,9020,2026-08-09,2026-08-10 13:55:10,SYS_AP_IMAGING,Imaging,77449.09,3688.05,,
700700,INV-9020-88651,9020,2025-03-11,2025-03-14 09:27:03,SYS_AP_IMAGING,Imaging,602063.29,28669.68,,
700701,INV-9017-18298,9017,2025-08-13,2025-08-15 09:39:09,SYS_AP_IMAGING,Imaging,148594.93,7075.95,,
700702,INV-9014-73133,9014,2025-05-03,2025-05-05 09:47:17,SYS_AP_IMAGING,Imaging,93966.78,4474.61,,
700703,INV-9011-67991,9011,2026-09-26,2026-09-28 09:55:02,SYS_AP_IMAGING,Imaging,10769.98,512.86,,
700704,INV-9002-84347,9002,2026-06-30,2026-07-06 08:20:48,AP.MONA,Manual Invoice Entry,127608.16,6076.58,,
700705,INV-9015-16947,9015,2025-11-25,2025-12-01 10:42:22,AP.RAVI,Manual Invoice Entry,57663.69,2745.89,,
700706,INV-9003-44531,9003,2026-07-12,2026-07-15 09:10:09,AP.RAVI,Manual Invoice Entry,74472.41,3546.31,,
700707,INV-9006-64401,9006,2024-12-31,2025-01-02 08:04:10,AP.ANNA,Manual Invoice Entry,2068.42,98.5,,
700708,INV-9004-67252,9004,2025-07-29,2025-08-01 08:46:55,AP.MONA,Manual Invoice Entry,198.67,9.46,,
700709,INV-9005-26915,9005,2026-06-21,2026-06-23 10:01:36,AP.MONA,Manual Invoice Entry,133224.83,6344.04,,
700710,INV-9012-12571,9012,2026-04-28,2026-05-01 08:39:22,AP.RAVI,Manual Invoice Entry,42183.16,2008.72,,
700711,INV-9016-81056,9016,2026-01-23,2026-01-26 15:30:51,AP.RAVI,Manual Invoice Entry,22322.77,1062.99,,
700712,INV-9011-15467,9011,2024-11-05,2024-11-06 08:08:31,AP.MONA,Manual Invoice Entry,4819.46,229.5,,
700713,INV-9014-81178,9014,2025-12-04,2025-12-09 09:23:54,SYS_AP_IMAGING,Imaging,156196.13,7437.91,,
700714,INV-9015-36377,9015,2025-04-05,2025-04-09 12:37:43,SYS_AP_IMAGING,Imaging,16229.22,0.0,,
700715,INV-9015-68047,9015,2025-07-17,2025-07-22 12:25:40,AP.MONA,Manual Invoice Entry,376269.08,17917.58,,
700716,INV-9009-67516,9009,2025-11-08,2025-11-11 09:33:19,AP.MONA,Manual Invoice Entry,528293.6,25156.84,,
700717,INV-9004-62556,9004,2024-11-29,2024-12-03 12:39:34,SYS_AP_IMAGING,Imaging,2926.55,139.36,,
700718,INV-9016-43146,9016,2025-06-03,2025-06-05 11:50:30,SYS_AP_IMAGING,Imaging,13502.38,642.97,,
700719,INV-9008-89281,9008,2025-12-28,2026-01-02 14:51:15,SYS_AP_IMAGING,Imaging,122909.22,5852.82,,
700720,INV-9008-50646,9008,2025-10-20,2025-10-24 17:16:30,AP.RAVI,Manual Invoice Entry,54252.33,2583.44,,
700721,INV-9012-47652,9012,2025-05-10,2025-05-14 15:49:49,AP.RAVI,Manual Invoice Entry,322167.04,15341.29,,
700722,INV-9010-55911,9010,2026-09-15,2026-09-21 10:47:37,AP.RAVI,Manual Invoice Entry,317996.34,15142.68,,
700723,INV-9007-91489,9007,2026-01-09,2026-01-12 09:03:29,SYS_AP_IMAGING,Imaging,152348.45,7254.69,,
700724,INV-9007-29242,9007,2025-01-30,2025-02-04 09:28:12,SYS_AP_IMAGING,Imaging,15105.66,719.32,,
700725,INV-9016-60210,9016,2026-01-20,2026-01-23 08:09:29,SYS_AP_IMAGING,Imaging,8818.77,419.94,,
700726,INV-9013-39952,9013,2026-03-05,2026-03-06 09:28:51,SYS_AP_IMAGING,Imaging,47205.73,2247.89,,
700727,INV-9012-29908,9012,2026-05-03,2026-05-06 09:19:48,AP.ANNA,Manual Invoice Entry,62284.62,2965.93,,
700728,INV-9008-77013,9008,2024-11-19,2024-11-20 10:29:26,AP.RAVI,Manual Invoice Entry,83651.95,3983.43,,
700729,INV-9019-65068,9019,2026-05-03,2026-05-04 10:53:47,SYS_AP_IMAGING,Imaging,176739.68,8416.18,,
700730,INV-9003-20580,9003,2024-12-25,2024-12-30 12:00:37,SYS_AP_IMAGING,Imaging,4992.31,237.73,,
700731,INV-9019-41593,9019,2026-03-02,2026-03-05 09:16:39,AP.RAVI,Manual Invoice Entry,51998.75,2476.13,,
700732,INV-9009-15806,9009,2025-10-28,2025-10-31 09:17:06,SYS_AP_IMAGING,Imaging,9571.64,455.79,,
700733,INV-9007-86457,9007,2025-06-30,2025-07-03 10:43:38,AP.MONA,Manual Invoice Entry,14256.69,678.89,,
700734,INV-9013-23868,9013,2025-07-20,2025-07-23 10:05:33,AP.MONA,Manual Invoice Entry,23819.08,1134.24,,
700735,INV-9014-33144,9014,2025-03-20,2025-03-24 14:21:07,SYS_AP_IMAGING,Imaging,485893.06,23137.76,,
700736,INV-9009-85339,9009,2026-03-07,2026-03-11 10:46:41,SYS_AP_IMAGING,Imaging,102328.76,4872.8,,
700737,INV-9003-99810,9003,2025-02-08,2025-02-13 17:27:49,SYS_AP_IMAGING,Imaging,40695.46,1937.88,,
700738,INV-9003-58518,9003,2025-01-11,2025-01-13 09:23:49,AP.ANNA,Manual Invoice Entry,56042.26,2668.68,,
700739,INV-9004-11331,9004,2024-12-18,2024-12-24 10:55:04,SYS_AP_IMAGING,Imaging,2388.94,113.76,,
700740,INV-9008-52388,9008,2025-05-09,2025-05-14 08:50:45,SYS_AP_IMAGING,Imaging,16798.85,799.95,,
700741,INV-9015-17983,9015,2025-08-23,2025-08-26 16:29:47,AP.MONA,Manual Invoice Entry,43204.22,2057.34,,
700742,INV-9009-83979,9009,2025-07-22,2025-07-28 17:28:49,SYS_AP_IMAGING,Imaging,130539.56,6216.17,,
700743,INV-9017-50178,9017,2026-05-27,2026-06-01 09:12:56,SYS_AP_IMAGING,Imaging,156263.67,7441.13,,
700744,INV-9011-41161,9011,2025-12-28,2025-12-29 17:30:04,SYS_AP_IMAGING,Imaging,275698.42,13128.5,,
700745,INV-9003-81934,9003,2025-02-27,2025-03-04 10:01:42,AP.MONA,Manual Invoice Entry,37697.23,1795.11,,
700746,INV-9012-40653,9012,2026-02-18,2026-02-23 14:33:49,SYS_AP_IMAGING,Imaging,117719.64,5605.7,,
700747,INV-9016-32850,9016,2025-05-29,2025-06-03 08:37:58,SYS_AP_IMAGING,Imaging,181855.06,8659.76,,
700748,INV-9011-90113,9011,2024-11-21,2024-11-25 08:51:41,SYS_AP_IMAGING,Imaging,34195.31,1628.35,,
700749,INV-9003-77768,9003,2025-03-19,2025-03-21 09:31:56,SYS_AP_IMAGING,Imaging,37295.84,1775.99,,
700750,INV-9001-97770,9001,2025-03-21,2025-03-26 10:24:24,AP.ANNA,Manual Invoice Entry,480192.05,43653.82,,
700751,INV-9004-53568,9004,2026-02-25,2026-03-02 10:22:38,SYS_AP_IMAGING,Imaging,153646.28,7316.49,,
700752,INV-9010-83009,9010,2026-06-06,2026-06-10 10:01:11,SYS_AP_IMAGING,Imaging,26452.81,1259.66,,
700753,INV-9011-48145,9011,2025-02-16,2025-02-21 10:02:11,SYS_AP_IMAGING,Imaging,2662.68,242.06,,
700754,INV-9020-98125,9020,2025-02-16,2025-02-17 10:39:34,SYS_AP_IMAGING,Imaging,238869.54,11374.74,,
700755,INV-9016-24278,9016,2024-12-17,2024-12-23 08:52:51,AP.MONA,Manual Invoice Entry,15585.57,742.17,,
700756,INV-9020-26099,9020,2025-01-26,2025-01-27 08:58:15,AP.RAVI,Manual Invoice Entry,6583.08,313.48,,
700757,INV-9006-46758,9006,2025-03-12,2025-03-13 15:08:54,SYS_AP_IMAGING,Imaging,437841.44,20849.59,,
700758,INV-9020-22545,9020,2025-01-05,2025-01-10 15:16:04,AP.RAVI,Manual Invoice Entry,13380.33,637.16,,
700759,INV-9011-76190,9011,2025-04-08,2025-04-14 08:35:39,AP.RAVI,Manual Invoice Entry,383132.94,18244.43,,
700760,INV-9003-59438,9003,2024-12-29,2024-12-31 09:21:24,SYS_AP_IMAGING,Imaging,43636.15,2077.91,,
700761,INV-9017-23269,9017,2026-04-21,2026-04-22 10:55:24,AP.RAVI,Manual Invoice Entry,14842.85,706.8,,
700762,INV-9020-45100,9020,2026-01-01,2026-01-05 13:57:27,AP.MONA,Manual Invoice Entry,88481.53,4213.41,,
700763,INV-9002-51969,9002,2025-09-02,2025-09-08 09:37:26,AP.ANNA,Manual Invoice Entry,35564.26,1693.54,,
700764,INV-9020-13825,9020,2026-08-20,2026-08-24 09:51:21,SYS_AP_IMAGING,Imaging,17949.77,854.75,,
700765,INV-9001-48249,9001,2026-04-17,2026-04-22 10:53:47,AP.MONA,Manual Invoice Entry,388749.06,18511.86,,
700766,INV-9016-12268,9016,2025-08-06,2025-08-12 16:33:52,AP.ANNA,Manual Invoice Entry,240924.32,11472.59,,
700767,INV-9007-89172,9007,2025-06-25,2025-07-01 16:51:46,AP.ANNA,Manual Invoice Entry,320886.63,15280.32,,
700768,INV-9002-96120,9002,2025-09-07,2025-09-08 08:04:51,SYS_AP_IMAGING,Imaging,4629.96,220.47,,
700769,INV-9001-48391,9001,2025-04-19,2025-04-24 08:06:03,SYS_AP_IMAGING,Imaging,50703.81,0.0,,
700770,INV-9009-65152,9009,2025-01-10,2025-01-13 09:20:15,SYS_AP_IMAGING,Imaging,305.11,14.53,,
700771,INV-9002-69551,9002,2026-01-28,2026-02-02 10:04:03,SYS_AP_IMAGING,Imaging,243620.5,0.0,,
700772,INV-9006-18452,9006,2026-01-16,2026-01-21 08:11:48,SYS_AP_IMAGING,Imaging,15730.89,1430.08,,
700773,INV-9004-83065,9004,2025-01-04,2025-01-06 15:44:43,SYS_AP_IMAGING,Imaging,247597.35,11790.35,,
700774,INV-9011-28216,9011,2025-12-30,2026-01-05 08:58:15,AP.MONA,Manual Invoice Entry,112783.0,5370.62,,
700775,INV-9016-53497,9016,2026-09-13,2026-09-16 09:24:46,AP.RAVI,Manual Invoice Entry,5254.52,250.22,,
700776,INV-9013-78494,9013,2025-09-20,2025-09-23 08:27:46,SYS_AP_IMAGING,Imaging,152758.05,7274.19,,
700777,INV-9011-58563,9011,2025-08-20,2025-08-21 08:55:17,AP.MONA,Manual Invoice Entry,3630.72,172.89,,
700778,INV-9011-47092,9011,2025-08-22,2025-08-25 08:51:21,SYS_AP_IMAGING,Imaging,64041.31,3049.59,,
700779,INV-9002-97628,9002,2025-07-13,2025-07-14 10:14:48,SYS_AP_IMAGING,Imaging,6010.41,286.21,,
700780,INV-9005-48939,9005,2026-07-13,2026-07-15 10:49:50,AP.RAVI,Manual Invoice Entry,227289.43,10823.31,,
700781,INV-9020-20293,9020,2025-12-18,2025-12-22 08:47:37,SYS_AP_IMAGING,Imaging,290781.87,13846.76,,
700782,INV-9013-52298,9013,2025-11-15,2025-11-18 08:32:13,SYS_AP_IMAGING,Imaging,1072.99,51.09,,
700783,INV-9016-79478,9016,2026-07-25,2026-07-27 09:10:57,SYS_AP_IMAGING,Imaging,446134.95,21244.52,,
700784,INV-9005-70172,9005,2025-11-21,2025-11-27 08:44:15,SYS_AP_IMAGING,Imaging,14528.76,691.85,,
700785,INV-9017-45242,9017,2025-12-19,2025-12-22 10:05:47,SYS_AP_IMAGING,Imaging,41315.49,1967.4,,
700786,INV-9005-28380,9005,2025-06-06,2025-06-09 17:45:46,AP.RAVI,Manual Invoice Entry,2152.73,102.51,,
700787,INV-9003-70319,9003,2026-03-03,2026-03-05 15:58:40,SYS_AP_IMAGING,Imaging,154885.4,7375.5,,
700788,INV-9004-12755,9004,2024-10-26,2024-10-29 10:38:18,SYS_AP_IMAGING,Imaging,353625.34,16839.3,,
700789,INV-9008-33173,9008,2025-01-08,2025-01-13 10:25:58,AP.ANNA,Manual Invoice Entry,46787.7,2227.99,,
700790,INV-9020-71384,9020,2026-08-26,2026-08-31 08:21:48,AP.ANNA,Manual Invoice Entry,654771.93,31179.62,,
700791,INV-9017-64850,9017,2025-10-09,2025-10-13 13:14:51,SYS_AP_IMAGING,Imaging,92329.65,4396.65,,
700792,INV-9014-58597,9014,2025-03-20,2025-03-21 11:43:52,SYS_AP_IMAGING,Imaging,34293.68,1633.03,,
700793,INV-9007-23790,9007,2025-07-10,2025-07-14 10:50:07,AP.ANNA,Manual Invoice Entry,17439.31,830.44,,
700794,INV-9011-36468,9011,2025-10-29,2025-11-04 15:32:42,AP.MONA,Manual Invoice Entry,4195.38,199.78,,
700795,INV-9001-98000,9001,2026-04-22,2026-04-27 13:48:28,AP.RAVI,Manual Invoice Entry,109156.29,5197.92,,
700796,INV-9014-39437,9014,2026-04-28,2026-05-01 08:10:18,SYS_AP_IMAGING,Imaging,22835.06,1087.38,,
700797,INV-9011-65252,9011,2025-09-10,2025-09-16 09:32:20,SYS_AP_IMAGING,Imaging,4970.86,236.71,,
700798,INV-9002-93529,9002,2025-04-08,2025-04-09 17:00:56,SYS_AP_IMAGING,Imaging,247817.98,11800.86,,
700799,INV-9020-22209,9020,2025-04-11,2025-04-15 09:11:20,SYS_AP_IMAGING,Imaging,80233.15,3820.63,,
700800,INV-9010-25913,9010,2026-02-24,2026-02-27 16:15:38,AP.ANNA,Manual Invoice Entry,109595.14,5218.82,,
700801,INV-9006-45724,9006,2026-02-06,2026-02-11 13:55:22,SYS_AP_IMAGING,Imaging,291386.9,13875.57,,
700802,INV-9009-80387,9009,2025-12-28,2026-01-01 08:07:08,AP.MONA,Manual Invoice Entry,117492.42,5594.88,,
700803,INV-9007-23434,9007,2024-12-25,2024-12-30 09:25:01,SYS_AP_IMAGING,Imaging,83952.04,7632.0,,
700804,INV-9007-32915,9007,2026-09-26,2026-09-28 08:06:15,SYS_AP_IMAGING,Imaging,106748.72,5083.27,,
700805,INV-9010-86095,9010,2026-04-12,2026-04-13 14:35:08,AP.MONA,Manual Invoice Entry,427165.77,20341.23,,
700806,INV-9002-14513,9002,2025-10-25,2025-10-31 09:13:23,SYS_AP_IMAGING,Imaging,28405.14,1352.63,,
700807,INV-9010-53647,9010,2026-09-27,2026-09-29 08:43:30,AP.MONA,Manual Invoice Entry,5446.67,259.37,,
700808,INV-9017-20819,9017,2026-06-08,2026-06-09 14:51:09,AP.RAVI,Manual Invoice Entry,81711.84,3891.04,,
700809,INV-9017-27716,9017,2025-09-07,2025-09-08 14:14:52,AP.MONA,Manual Invoice Entry,29545.26,1406.92,,
700810,INV-9006-98704,9006,2026-02-18,2026-02-24 10:59:35,AP.RAVI,Manual Invoice Entry,37314.21,1776.87,,
700811,INV-9010-16607,9010,2025-03-13,2025-03-17 10:32:36,SYS_AP_IMAGING,Imaging,520.49,24.79,,
700812,INV-9003-38662,9003,2025-05-31,2025-06-02 08:06:35,AP.RAVI,Manual Invoice Entry,42055.86,2002.66,,
700813,INV-9016-47051,9016,2026-08-02,2026-08-06 09:32:11,AP.ANNA,Manual Invoice Entry,165727.38,7891.78,,
700814,INV-9003-77604,9003,2026-09-10,2026-09-14 08:28:25,AP.ANNA,Manual Invoice Entry,243454.14,11593.05,,
700815,INV-9011-74196,9011,2026-03-28,2026-04-02 10:29:51,AP.MONA,Manual Invoice Entry,65563.46,3122.07,,
700816,INV-9008-92113,9008,2025-01-03,2025-01-06 15:18:58,SYS_AP_IMAGING,Imaging,154480.97,7356.24,,
700817,INV-9009-92361,9009,2026-03-23,2026-03-26 09:46:25,AP.MONA,Manual Invoice Entry,61267.49,2917.5,,
700818,INV-9002-90989,9002,2025-07-15,2025-07-17 08:19:03,SYS_AP_IMAGING,Imaging,163021.76,7762.94,,
700819,INV-9017-17299,9017,2025-03-19,2025-03-21 17:37:02,SYS_AP_IMAGING,Imaging,325.02,15.48,,
700820,INV-9010-21327,9010,2025-01-23,2025-01-28 09:44:52,AP.RAVI,Manual Invoice Entry,36683.33,1746.83,,
700821,INV-9006-35494,9006,2024-12-27,2024-12-30 08:15:57,SYS_AP_IMAGING,Imaging,41358.05,1969.43,,
700822,INV-9006-99003,9006,2024-10-12,2024-10-14 09:55:54,SYS_AP_IMAGING,Imaging,484084.5,23051.64,,
700823,INV-9018-70855,9018,2025-07-27,2025-07-31 08:14:32,AP.RAVI,Manual Invoice Entry,4882.9,443.9,,
700824,INV-9001-50153,9001,2025-02-01,2025-02-03 09:03:46,SYS_AP_IMAGING,Imaging,152659.83,7269.52,,
700825,INV-9001-13197,9001,2026-09-12,2026-09-14 10:20:03,AP.MONA,Manual Invoice Entry,149914.74,7138.8,,
700826,INV-9007-64818,9007,2025-09-23,2025-09-24 09:38:45,SYS_AP_IMAGING,Imaging,291782.83,13894.42,,
700827,INV-9015-55156,9015,2025-01-08,2025-01-13 09:16:47,AP.ANNA,Manual Invoice Entry,157774.32,7513.06,,
700828,INV901555156,9015,2025-01-08,2025-01-20 08:18:00,AP.MONA,Manual Invoice Entry,157774.32,7513.06,2025-01-22 09:03:13,AP.ANNA
700829,INV-9005-94823,9005,2026-05-20,2026-05-25 09:45:32,SYS_AP_IMAGING,Imaging,207622.96,9886.81,,
700830,INV-9017-10060,9017,2025-05-12,2025-05-16 17:47:50,SYS_AP_IMAGING,Imaging,44393.86,2113.99,,
700831,INV-9016-47119,9016,2026-05-05,2026-05-08 09:22:05,SYS_AP_IMAGING,Imaging,48825.32,2325.02,,
700832,INV-9010-78292,9010,2025-11-27,2025-12-01 08:04:09,SYS_AP_IMAGING,Imaging,22878.01,1089.43,,
700833,INV-9008-59323,9008,2026-02-24,2026-02-27 08:41:53,AP.MONA,Manual Invoice Entry,154996.93,7380.81,,
700835,INV-9020-31526,9020,2026-05-20,2026-05-25 09:27:20,SYS_AP_IMAGING,Imaging,38362.25,1826.77,,
700836,INV-9012-57887,9012,2025-08-01,2025-08-07 09:43:23,SYS_AP_IMAGING,Imaging,1021973.47,48665.4,,
700837,INV-9006-89029,9006,2026-05-27,2026-06-02 16:49:36,AP.MONA,Manual Invoice Entry,8793.15,418.72,,
700838,INV-9020-52013,9020,2025-06-04,2025-06-09 08:56:16,SYS_AP_IMAGING,Imaging,349703.76,16652.56,,
700839,INV-9004-94541,9004,2026-06-05,2026-06-09 10:57:10,AP.ANNA,Manual Invoice Entry,44859.43,2136.16,,
700840,INV-9019-70989,9019,2026-08-22,2026-08-25 14:44:19,AP.ANNA,Manual Invoice Entry,23628.22,1125.15,,
700841,INV-9002-90373,9002,2026-05-24,2026-05-25 12:03:16,SYS_AP_IMAGING,Imaging,226922.74,10805.84,,
700842,INV-9015-80010,9015,2026-07-07,2026-07-13 10:20:53,AP.ANNA,Manual Invoice Entry,317753.16,15131.1,,
700843,INV-9008-74167,9008,2025-04-04,2025-04-09 10:58:15,SYS_AP_IMAGING,Imaging,52791.13,2513.86,,
700844,INV-9006-35686,9006,2026-05-17,2026-05-19 11:30:57,SYS_AP_IMAGING,Imaging,115701.0,5509.57,,
700845,INV-9010-28788,9010,2026-05-06,2026-05-11 08:02:12,AP.MONA,Manual Invoice Entry,35841.83,1706.75,,
700846,INV-9016-24838,9016,2024-11-02,2024-11-06 17:53:15,SYS_AP_IMAGING,Imaging,2565.56,122.17,,
700847,INV-9005-87075,9005,2024-11-17,2024-11-18 17:31:45,SYS_AP_IMAGING,Imaging,14120.54,672.41,,
700848,INV-9012-75884,9012,2025-12-23,2025-12-29 12:28:13,AP.MONA,Manual Invoice Entry,126307.04,6014.62,,
700849,INV-9019-88964,9019,2025-02-23,2025-02-28 10:43:48,SYS_AP_IMAGING,Imaging,203917.37,9710.35,,
700850,INV-9004-78722,9004,2025-01-31,2025-02-06 14:39:14,SYS_AP_IMAGING,Imaging,11741.31,559.11,,
700851,INV-9009-25298,9009,2025-11-15,2025-11-17 08:53:39,AP.ANNA,Manual Invoice Entry,7704.9,366.9,,
700852,INV-9004-30536,9004,2026-04-25,2026-04-27 10:24:26,AP.ANNA,Manual Invoice Entry,77113.92,3672.09,,
700853,INV-9002-61302,9002,2025-12-26,2026-01-01 09:39:37,AP.ANNA,Manual Invoice Entry,11971.89,570.09,,
700854,INV-9020-38177,9020,2026-03-14,2026-03-16 10:04:06,SYS_AP_IMAGING,Imaging,370.66,17.65,,
700855,INV-9018-29498,9018,2026-04-19,2026-04-22 13:01:14,SYS_AP_IMAGING,Imaging,43143.82,2054.47,,
700856,INV-9003-47892,9003,2024-12-24,2024-12-30 08:08:53,SYS_AP_IMAGING,Imaging,13873.68,660.65,,
700857,INV-9013-95418,9013,2024-12-18,2024-12-23 08:50:25,SYS_AP_IMAGING,Imaging,84547.46,4026.07,,
700858,INV-9012-38174,9012,2025-04-17,2025-04-21 08:01:27,AP.MONA,Manual Invoice Entry,30542.36,1454.4,,
700859,INV-9012-32820,9012,2025-07-16,2025-07-21 08:58:18,AP.RAVI,Manual Invoice Entry,289143.15,13768.72,,
700860,INV-9007-81031,9007,2025-12-30,2025-12-31 11:49:13,SYS_AP_IMAGING,Imaging,81725.61,3891.7,,
700861,INV-9001-41748,9001,2026-03-30,2026-04-02 17:20:50,SYS_AP_IMAGING,Imaging,281123.7,13386.84,,
700862,INV-9002-51727,9002,2026-06-10,2026-06-15 17:54:30,AP.RAVI,Manual Invoice Entry,19078.41,908.5,,
700863,INV-9007-74082,9007,2026-01-04,2026-01-05 12:19:28,AP.ANNA,Manual Invoice Entry,244515.98,11643.62,,
700864,INV-9012-25060,9012,2026-07-07,2026-07-10 10:18:50,AP.RAVI,Manual Invoice Entry,137120.92,6529.57,,
700865,INV-9004-77978,9004,2025-10-18,2025-10-20 16:50:13,AP.ANNA,Manual Invoice Entry,113806.83,5419.37,,
700866,INV-9014-73652,9014,2025-01-13,2025-01-15 09:47:57,SYS_AP_IMAGING,Imaging,238816.62,11372.22,,
700867,INV-9001-36767,9001,2025-08-20,2025-08-21 09:55:22,SYS_AP_IMAGING,Imaging,139644.74,6649.75,,
700869,INV-9007-65290,9007,2026-01-03,2026-01-09 12:30:20,AP.ANNA,Manual Invoice Entry,20305.48,966.93,,
700870,INV-9013-81447,9013,2025-09-20,2025-09-22 09:11:21,AP.RAVI,Manual Invoice Entry,21792.64,1037.74,,
700871,INV-9016-58479,9016,2026-03-11,2026-03-16 09:46:57,SYS_AP_IMAGING,Imaging,12161.14,579.1,,
700872,INV-9005-68643,9005,2026-09-23,2026-09-28 09:33:18,SYS_AP_IMAGING,Imaging,48568.9,2312.8,,
700873,INV-9006-18861,9006,2026-06-04,2026-06-10 09:42:04,SYS_AP_IMAGING,Imaging,14736.6,701.74,,
700874,INV-9012-98722,9012,2026-02-02,2026-02-05 09:42:05,SYS_AP_IMAGING,Imaging,112509.0,5357.57,,
700875,INV-9019-66266,9019,2025-04-26,2025-04-30 10:38:48,SYS_AP_IMAGING,Imaging,112999.03,5380.91,,
700876,INV-9002-75268,9002,2025-01-04,2025-01-06 09:47:15,AP.ANNA,Manual Invoice Entry,32353.79,1540.66,,
700877,INV-9019-79516,9019,2025-06-11,2025-06-16 08:01:40,SYS_AP_IMAGING,Imaging,40330.27,1920.49,,
700878,INV-9020-18907,9020,2026-07-31,2026-08-03 12:14:35,SYS_AP_IMAGING,Imaging,14911.92,710.09,,
700879,INV-9001-53231,9001,2025-07-02,2025-07-08 08:23:40,SYS_AP_IMAGING,Imaging,207908.52,9900.41,,
700880,INV-9019-57762,9019,2024-12-25,2024-12-30 09:20:41,AP.ANNA,Manual Invoice Entry,73408.61,3495.65,,
700881,INV-9011-97431,9011,2026-08-07,2026-08-10 09:25:51,AP.MONA,Manual Invoice Entry,451569.26,21503.3,,
700882,INV-9020-50202,9020,2025-05-04,2025-05-09 09:57:15,AP.RAVI,Manual Invoice Entry,19211.55,914.84,,
700883,INV-9004-26295,9004,2026-02-25,2026-03-03 08:24:23,AP.ANNA,Manual Invoice Entry,1284.41,61.16,,
700884,INV-9010-85215,9010,2026-06-03,2026-06-08 08:17:42,AP.RAVI,Manual Invoice Entry,63386.18,3018.39,,
700885,INV-9001-83837,9001,2026-03-06,2026-03-09 08:50:58,SYS_AP_IMAGING,Imaging,4509.62,214.74,,
700886,INV-9020-94663,9020,2025-12-25,2025-12-29 08:45:54,SYS_AP_IMAGING,Imaging,33190.41,1580.5,,
700887,INV-9016-83911,9016,2026-01-12,2026-01-15 09:18:22,SYS_AP_IMAGING,Imaging,25687.99,1223.24,,
700888,INV-9005-30092,9005,2025-03-12,2025-03-17 09:06:38,AP.RAVI,Manual Invoice Entry,8812.19,419.63,,
700889,INV-9005-49126,9005,2025-01-06,2025-01-07 09:45:11,AP.MONA,Manual Invoice Entry,62947.48,2997.5,,
700890,INV-9020-74938,9020,2026-06-02,2026-06-03 08:38:53,SYS_AP_IMAGING,Imaging,156958.64,7474.22,,
700891,INV-9016-15438,9016,2026-05-13,2026-05-15 11:35:50,AP.MONA,Manual Invoice Entry,32835.87,1563.61,,
700892,INV-9017-62630,9017,2025-02-04,2025-02-10 17:11:36,SYS_AP_IMAGING,Imaging,11917.76,567.51,,
700893,INV-9006-66689,9006,2026-02-26,2026-03-02 14:06:05,SYS_AP_IMAGING,Imaging,135176.5,6436.98,,
700894,INV-9004-54127,9004,2026-01-10,2026-01-12 10:07:52,AP.ANNA,Manual Invoice Entry,337994.76,0.0,,
700895,INV-9014-63258,9014,2025-04-05,2025-04-10 14:03:00,SYS_AP_IMAGING,Imaging,123182.14,5865.82,,
700896,INV-9020-63244,9020,2026-08-25,2026-08-27 09:10:55,SYS_AP_IMAGING,Imaging,125104.88,5957.38,,
700897,INV-9014-13833,9014,2026-01-24,2026-01-27 10:18:20,SYS_AP_IMAGING,Imaging,3531.15,168.15,,
700898,INV-9003-36824,9003,2024-10-24,2024-10-28 10:40:34,AP.ANNA,Manual Invoice Entry,22940.48,1092.4,,
700899,INV-9001-95178,9001,2026-02-08,2026-02-09 17:45:47,SYS_AP_IMAGING,Imaging,6033.3,287.3,,
700900,INV-9009-91234,9009,2026-06-28,2026-06-29 09:57:44,SYS_AP_IMAGING,Imaging,90116.81,4291.28,,
700901,INV-9011-50261,9011,2025-11-15,2025-11-17 10:04:49,SYS_AP_IMAGING,Imaging,187343.51,8921.12,,
700902,INV-9009-21703,9009,2025-11-21,2025-11-24 10:38:26,AP.RAVI,Manual Invoice Entry,16931.53,806.26,,
700903,INV-9013-59269,9013,2025-12-06,2025-12-10 10:35:51,AP.RAVI,Manual Invoice Entry,496646.07,23649.81,,
700904,INV-9009-41148,9009,2026-04-28,2026-04-29 08:22:30,SYS_AP_IMAGING,Imaging,5633.21,268.25,,
700905,INV-9017-54452,9017,2026-05-03,2026-05-04 10:36:28,SYS_AP_IMAGING,Imaging,150212.6,7152.98,,
700906,INV-9020-56860,9020,2025-01-28,2025-01-30 10:45:47,AP.MONA,Manual Invoice Entry,206244.23,9821.15,,
700907,INV-9018-42636,9018,2026-06-30,2026-07-03 12:50:24,AP.RAVI,Manual Invoice Entry,615301.1,29300.05,,
700908,INV-9013-34560,9013,2026-07-25,2026-07-27 13:33:48,AP.RAVI,Manual Invoice Entry,2077.59,98.93,,
700909,INV-9013-84425,9013,2025-09-11,2025-09-16 09:23:53,AP.MONA,Manual Invoice Entry,163815.16,7800.72,,
700910,INV-9017-47057,9017,2025-06-06,2025-06-12 13:22:15,SYS_AP_IMAGING,Imaging,55988.56,2666.12,,
700911,INV-9011-88786,9011,2026-07-13,2026-07-16 08:16:32,SYS_AP_IMAGING,Imaging,116520.88,5548.61,,
700912,INV-9013-75175,9013,2026-07-10,2026-07-16 14:19:29,SYS_AP_IMAGING,Imaging,35192.03,1675.81,,
700913,INV-9015-70100,9015,2026-07-25,2026-07-27 11:53:31,SYS_AP_IMAGING,Imaging,10330.87,0.0,,
700914,INV-9017-66480,9017,2025-09-28,2025-09-30 09:13:04,SYS_AP_IMAGING,Imaging,14901.94,709.62,,
700915,INV-9014-57931,9014,2024-12-03,2024-12-04 08:43:28,SYS_AP_IMAGING,Imaging,27278.14,1298.96,,
700916,INV-9001-38013,9001,2025-10-19,2025-10-23 16:38:52,AP.RAVI,Manual Invoice Entry,95826.83,4563.18,,
700917,INV-9016-93558,9016,2026-02-06,2026-02-10 09:22:33,SYS_AP_IMAGING,Imaging,141663.66,6745.89,,
700918,INV-9013-64881,9013,2025-02-15,2025-02-17 11:48:55,SYS_AP_IMAGING,Imaging,4504.25,214.49,,
700919,INV-9014-33369,9014,2024-11-03,2024-11-04 15:45:52,SYS_AP_IMAGING,Imaging,128929.46,6139.5,,
700920,INV-9008-37785,9008,2025-06-23,2025-06-27 11:05:33,SYS_AP_IMAGING,Imaging,4804.16,228.77,,
700921,INV-9002-92185,9002,2025-07-21,2025-07-25 17:37:46,SYS_AP_IMAGING,Imaging,144943.68,6902.08,,
700922,INV-9020-97491,9020,2025-08-20,2025-08-25 09:57:01,AP.RAVI,Manual Invoice Entry,9698.81,461.85,,
700923,INV-9011-69344,9011,2024-10-07,2024-10-09 09:34:41,SYS_AP_IMAGING,Imaging,51051.05,2431.0,,
700924,INV-9016-21826,9016,2025-08-19,2025-08-20 08:07:39,SYS_AP_IMAGING,Imaging,168717.18,8034.15,,
700925,INV-9018-85243,9018,2025-04-17,2025-04-23 08:08:12,AP.RAVI,Manual Invoice Entry,459099.58,21861.88,,
700926,INV-9014-67516,9014,2026-03-24,2026-03-25 08:08:12,AP.ANNA,Manual Invoice Entry,11488.31,547.06,,
700927,INV-9006-58976,9006,2026-04-09,2026-04-13 14:16:37,AP.MONA,Manual Invoice Entry,339793.91,16180.66,,
700928,INV-9013-35008,9013,2025-01-21,2025-01-27 10:31:48,SYS_AP_IMAGING,Imaging,54788.03,2608.95,,
700929,INV-9010-37366,9010,2025-02-24,2025-02-25 10:54:55,AP.ANNA,Manual Invoice Entry,34180.56,1627.65,,
700930,INV-9014-23593,9014,2024-11-11,2024-11-12 08:09:07,SYS_AP_IMAGING,Imaging,87081.37,4146.73,,
700931,INV-9020-22437,9020,2025-04-13,2025-04-14 10:45:52,SYS_AP_IMAGING,Imaging,205861.95,9802.95,,
700932,INV-9019-66537,9019,2025-07-09,2025-07-14 08:25:17,AP.ANNA,Manual Invoice Entry,31152.15,1483.44,,
700933,INV-9007-25844,9007,2025-03-23,2025-03-26 15:51:28,SYS_AP_IMAGING,Imaging,132136.48,6292.21,,
700934,INV-9014-74371,9014,2025-01-01,2025-01-03 10:17:26,SYS_AP_IMAGING,Imaging,232627.58,11077.5,,
700935,INV-9001-47978,9001,2026-05-07,2026-05-11 13:31:27,SYS_AP_IMAGING,Imaging,258305.89,23482.35,,
700936,INV-9001-54355,9001,2025-05-01,2025-05-05 09:39:52,AP.MONA,Manual Invoice Entry,8538.36,406.59,,
700937,INV-9018-22169,9018,2024-11-23,2024-11-26 10:03:02,AP.RAVI,Manual Invoice Entry,25711.02,1224.33,,
700938,INV-9011-16315,9011,2026-01-24,2026-01-27 08:24:49,SYS_AP_IMAGING,Imaging,9505.21,452.63,,
700939,INV-9004-98031,9004,2024-10-18,2024-10-22 10:47:59,SYS_AP_IMAGING,Imaging,4211.02,200.52,,
700940,INV-9005-90645,9005,2025-06-13,2025-06-16 09:36:53,SYS_AP_IMAGING,Imaging,122238.47,5820.88,,
700941,INV-9006-25697,9006,2025-01-15,2025-01-20 10:32:46,AP.ANNA,Manual Invoice Entry,178039.37,8478.07,,
700942,INV-9001-24836,9001,2026-09-03,2026-09-09 16:51:35,SYS_AP_IMAGING,Imaging,157115.92,7481.71,,
700943,INV-9015-81584,9015,2025-04-15,2025-04-18 10:05:51,SYS_AP_IMAGING,Imaging,2316.21,110.3,,
700944,INV-9003-17280,9003,2026-07-01,2026-07-06 08:53:36,SYS_AP_IMAGING,Imaging,8531.69,406.27,,
700945,INV-9002-62285,9002,2024-10-25,2024-10-31 17:11:48,AP.MONA,Manual Invoice Entry,332677.8,15841.8,,
700946,INV-9008-72868,9008,2026-03-16,2026-03-19 10:47:14,SYS_AP_IMAGING,Imaging,12151.63,578.65,,
700947,INV-9013-20991,9013,2026-04-28,2026-04-30 17:03:35,SYS_AP_IMAGING,Imaging,135423.15,6448.72,,
700948,INV-9001-10432,9001,2025-01-11,2025-01-14 15:36:03,SYS_AP_IMAGING,Imaging,17389.54,828.07,,
700949,INV-9017-67497,9017,2024-12-27,2024-12-31 14:55:29,AP.RAVI,Manual Invoice Entry,25466.79,1212.7,,
700950,INV-9014-86216,9014,2026-08-01,2026-08-05 10:21:07,AP.ANNA,Manual Invoice Entry,19373.68,922.56,,
700951,INV-9007-83471,9007,2025-12-28,2025-12-29 10:52:31,AP.RAVI,Manual Invoice Entry,117366.8,5588.9,,
700952,INV-9012-87173,9012,2026-05-01,2026-05-04 09:54:40,SYS_AP_IMAGING,Imaging,199925.46,9520.26,,
700953,INV-9009-82964,9009,2026-04-26,2026-04-27 08:07:56,SYS_AP_IMAGING,Imaging,59910.53,2852.88,,
700954,INV-9002-70530,9002,2024-12-13,2024-12-16 09:44:00,AP.RAVI,Manual Invoice Entry,11081.64,527.7,,
700955,INV-9013-82375,9013,2025-01-23,2025-01-27 08:28:16,SYS_AP_IMAGING,Imaging,26095.0,1242.62,,
700956,INV-9002-49973,9002,2025-06-21,2025-06-23 08:45:42,SYS_AP_IMAGING,Imaging,4535.37,215.97,,
700957,INV-9018-13655,9018,2026-05-01,2026-05-04 16:31:18,AP.RAVI,Manual Invoice Entry,48398.43,2304.69,,
700958,INV-9016-42479,9016,2026-06-21,2026-06-25 12:09:33,AP.RAVI,Manual Invoice Entry,319043.74,15192.56,,
700959,INV-9016-94167,9016,2024-10-31,2024-11-04 09:52:29,AP.MONA,Manual Invoice Entry,343688.22,16366.11,,
700960,INV-9002-53432,9002,2025-04-04,2025-04-07 09:12:31,SYS_AP_IMAGING,Imaging,3220.73,153.37,,
700961,INV-9014-47119,9014,2025-05-09,2025-05-12 12:53:33,SYS_AP_IMAGING,Imaging,10001.24,476.25,,
700962,INV-9015-73868,9015,2025-01-10,2025-01-15 08:51:05,SYS_AP_IMAGING,Imaging,52171.42,2484.35,,
700963,INV-9012-45627,9012,2024-11-29,2024-12-02 08:48:46,AP.RAVI,Manual Invoice Entry,32731.22,1558.63,,
700964,INV-9019-83863,9019,2024-11-16,2024-11-20 09:09:34,AP.RAVI,Manual Invoice Entry,70520.36,3358.11,,
700965,INV-9013-52808,9013,2025-06-01,2025-06-02 08:05:09,AP.RAVI,Manual Invoice Entry,29825.22,2711.38,,
700966,INV-9017-31840,9017,2025-10-18,2025-10-21 14:22:09,AP.RAVI,Manual Invoice Entry,462228.54,22010.88,,
700967,INV-9012-14582,9012,2024-12-15,2024-12-19 14:45:41,AP.MONA,Manual Invoice Entry,804569.92,38312.85,,
700968,INV-9014-48799,9014,2024-11-17,2024-11-20 08:07:30,AP.RAVI,Manual Invoice Entry,45764.27,2179.25,,
700969,INV-9005-48006,9005,2025-10-13,2025-10-17 16:15:07,SYS_AP_IMAGING,Imaging,249688.14,11889.91,,
700970,INV-9006-73324,9006,2026-03-20,2026-03-23 09:05:36,SYS_AP_IMAGING,Imaging,41529.47,3775.41,,
700971,INV-9018-12586,9018,2025-07-19,2025-07-21 10:37:20,SYS_AP_IMAGING,Imaging,46653.0,4241.18,,
700972,INV-9006-47715,9006,2025-08-20,2025-08-25 08:07:25,SYS_AP_IMAGING,Imaging,53836.02,2563.62,,
700973,INV-9019-56686,9019,2026-09-03,2026-09-07 17:44:49,SYS_AP_IMAGING,Imaging,17067.98,812.76,,
700974,INV-9017-64348,9017,2026-07-27,2026-07-28 10:52:36,AP.RAVI,Manual Invoice Entry,96306.53,4586.03,,
700975,INV-9002-33716,9002,2024-12-20,2024-12-23 13:51:55,AP.RAVI,Manual Invoice Entry,139326.09,6634.58,,
700976,INV-9015-95165,9015,2026-01-12,2026-01-15 10:00:57,AP.RAVI,Manual Invoice Entry,43120.41,2053.35,,
700977,INV-9007-28840,9007,2026-08-20,2026-08-24 10:51:22,SYS_AP_IMAGING,Imaging,189837.19,9039.87,,
700978,INV-9009-72496,9009,2025-10-09,2025-10-13 08:14:40,SYS_AP_IMAGING,Imaging,52910.15,2519.53,,
700979,INV-9006-50843,9006,2026-09-12,2026-09-14 10:24:19,SYS_AP_IMAGING,Imaging,55278.21,2632.3,,
700980,INV-9008-42541,9008,2026-05-06,2026-05-08 14:19:53,AP.RAVI,Manual Invoice Entry,54513.87,2595.9,,
700981,INV-9011-39324,9011,2025-02-16,2025-02-17 10:10:25,SYS_AP_IMAGING,Imaging,112280.32,5346.68,,
700982,INV-9017-28593,9017,2026-03-07,2026-03-09 08:58:54,SYS_AP_IMAGING,Imaging,233193.24,11104.44,,
700983,INV-9007-57173,9007,2025-06-24,2025-06-30 10:54:46,AP.ANNA,Manual Invoice Entry,1758.83,83.75,,
700984,INV-9014-43419,9014,2025-05-04,2025-05-05 10:18:19,SYS_AP_IMAGING,Imaging,10610.75,964.61,,
700985,INV-9014-61215,9014,2025-06-13,2025-06-19 09:20:21,AP.ANNA,Manual Invoice Entry,408134.55,19434.98,,
700986,INV-9005-63934,9005,2025-04-05,2025-04-10 08:14:54,SYS_AP_IMAGING,Imaging,504885.01,24042.14,,
700987,INV-9008-54950,9008,2024-11-01,2024-11-05 08:04:59,SYS_AP_IMAGING,Imaging,955.58,45.5,,
700988,INV-9018-13689,9018,2025-04-12,2025-04-14 10:45:08,SYS_AP_IMAGING,Imaging,382059.03,18193.29,,
700989,INV-9002-50631,9002,2025-09-04,2025-09-09 11:11:08,SYS_AP_IMAGING,Imaging,215490.0,10261.43,,
700990,INV-9001-24719,9001,2026-06-13,2026-06-15 09:14:58,AP.RAVI,Manual Invoice Entry,292130.4,13910.97,,
700991,INV-9010-41484,9010,2025-04-09,2025-04-14 15:25:55,SYS_AP_IMAGING,Imaging,83685.38,3985.02,,
700992,INV-9002-22495,9002,2025-07-29,2025-08-04 09:51:58,AP.MONA,Manual Invoice Entry,62636.94,2982.71,,
700993,INV-9004-76916,9004,2026-05-15,2026-05-18 09:19:19,AP.MONA,Manual Invoice Entry,22035.38,1049.3,,
700994,INV-9016-10972,9016,2026-05-13,2026-05-14 15:12:29,AP.ANNA,Manual Invoice Entry,77446.15,3687.91,,
700995,INV-9009-80173,9009,2025-03-11,2025-03-17 12:11:55,AP.RAVI,Manual Invoice Entry,111079.17,5289.48,,
700996,INV-9018-33045,9018,2026-07-05,2026-07-08 10:43:29,SYS_AP_IMAGING,Imaging,14845.15,706.91,,
700997,INV-9009-17407,9009,2026-07-20,2026-07-24 10:22:46,SYS_AP_IMAGING,Imaging,26192.17,1247.25,,
700999,INV-9007-55706,9007,2026-02-10,2026-02-16 14:44:13,SYS_AP_IMAGING,Imaging,11870.46,565.26,,
701000,INV-9008-78592,9008,2026-01-17,2026-01-20 10:39:45,SYS_AP_IMAGING,Imaging,93764.0,4464.95,,
701001,INV-9012-34008,9012,2025-11-21,2025-11-24 09:47:25,SYS_AP_IMAGING,Imaging,1940.83,92.42,,
701002,INV-9006-71777,9006,2026-01-01,2026-01-05 14:55:05,AP.RAVI,Manual Invoice Entry,4310.06,205.24,,
701003,INV-9008-61050,9008,2024-12-03,2024-12-06 09:21:19,AP.ANNA,Manual Invoice Entry,191377.5,9113.21,,
701004,INV-9020-79183,9020,2026-05-10,2026-05-15 09:27:06,SYS_AP_IMAGING,Imaging,348401.77,16590.56,,
701006,INV-9007-12106,9007,2025-07-19,2025-07-21 09:50:01,SYS_AP_IMAGING,Imaging,18158.27,864.68,,
701007,INV-9011-51673,9011,2026-07-04,2026-07-08 10:06:07,AP.ANNA,Manual Invoice Entry,24757.89,1178.95,,
701008,INV-9018-46694,9018,2025-03-26,2025-03-31 10:18:22,SYS_AP_IMAGING,Imaging,222062.42,10574.4,,
701009,INV-9002-94538,9002,2024-12-22,2024-12-27 10:22:23,SYS_AP_IMAGING,Imaging,27599.11,1314.24,,
701010,INV-9011-88654,9011,2026-07-27,2026-07-30 09:12:27,AP.RAVI,Manual Invoice Entry,60161.58,0.0,,
701011,INV-9007-53758,9007,2025-01-28,2025-02-03 16:29:03,AP.RAVI,Manual Invoice Entry,4559.65,217.13,,
701012,INV-9014-16229,9014,2025-10-18,2025-10-20 08:11:02,AP.RAVI,Manual Invoice Entry,27485.67,1308.84,,
701013,INV-9014-59315,9014,2025-03-28,2025-04-02 09:15:48,SYS_AP_IMAGING,Imaging,26163.67,1245.89,,
701014,INV-9006-71892,9006,2026-02-17,2026-02-23 12:48:40,AP.ANNA,Manual Invoice Entry,15322.45,729.64,,
701015,INV-9003-16294,9003,2026-01-30,2026-02-02 10:35:12,AP.MONA,Manual Invoice Entry,313572.83,14932.04,,
701016,INV-9013-59525,9013,2025-12-09,2025-12-12 09:51:45,AP.ANNA,Manual Invoice Entry,319743.96,15225.9,,
701017,INV-9010-75040,9010,2025-02-18,2025-02-24 10:31:37,SYS_AP_IMAGING,Imaging,75119.94,3577.14,,
701018,INV-9013-61680,9013,2025-06-12,2025-06-16 14:10:33,SYS_AP_IMAGING,Imaging,73694.89,3509.28,,
701019,INV-9013-76103,9013,2025-12-02,2025-12-04 10:26:54,SYS_AP_IMAGING,Imaging,177285.98,8442.19,,
701020,INV-9007-93873,9007,2025-10-15,2025-10-21 09:17:01,AP.RAVI,Manual Invoice Entry,74609.43,6782.68,,
701023,INV-9003-46365,9003,2024-11-14,2024-11-18 17:47:56,AP.MONA,Manual Invoice Entry,3387.23,161.3,,
701024,INV-9008-85509,9008,2025-01-22,2025-01-27 10:47:57,SYS_AP_IMAGING,Imaging,4896.28,233.16,,
701025,INV-9002-87086,9002,2024-12-16,2024-12-20 10:38:31,AP.ANNA,Manual Invoice Entry,73875.43,3517.88,,
701026,INV-9007-32340,9007,2024-10-12,2024-10-17 10:00:23,SYS_AP_IMAGING,Imaging,223215.08,10629.29,,
701027,INV-9014-70822,9014,2026-07-08,2026-07-10 09:10:19,SYS_AP_IMAGING,Imaging,207442.05,9878.19,,
701028,INV-9007-50372,9007,2025-08-10,2025-08-14 09:51:19,SYS_AP_IMAGING,Imaging,102367.21,4874.63,,
701029,INV-9005-34876,9005,2025-07-19,2025-07-24 08:06:16,SYS_AP_IMAGING,Imaging,6067.96,288.95,,
701030,INV-9014-39302,9014,2025-02-11,2025-02-14 08:10:53,SYS_AP_IMAGING,Imaging,52776.62,2513.17,,
701031,INV-9019-36975,9019,2026-07-08,2026-07-13 09:20:15,SYS_AP_IMAGING,Imaging,183486.57,8737.46,,
701032,INV-9010-99265,9010,2024-11-14,2024-11-18 13:40:41,SYS_AP_IMAGING,Imaging,71434.49,3401.64,,
701033,INV-9011-51337,9011,2025-05-19,2025-05-20 09:32:51,AP.ANNA,Manual Invoice Entry,37014.6,1762.6,,
701034,INV-9016-96550,9016,2025-02-03,2025-02-06 10:21:50,SYS_AP_IMAGING,Imaging,16185.47,1471.41,,
701035,INV-9012-59276,9012,2025-05-25,2025-05-27 08:39:44,AP.RAVI,Manual Invoice Entry,97992.57,4666.31,,
701036,INV-9012-64561,9012,2025-05-29,2025-05-29 13:07:11,AP.ANNA,Manual Invoice Entry,6580.98,313.38,,
701037,INV-9005-82786,9005,2026-02-03,2026-02-03 13:31:36,AP.ANNA,Manual Invoice Entry,15234.82,725.47,,
701038,INV-9018-81843,9018,2025-09-15,2025-09-15 16:53:14,AP.ANNA,Manual Invoice Entry,4439.07,211.38,,
701039,INV-9018-62814,9018,2025-12-05,2025-12-05 10:06:40,AP.MONA,Manual Invoice Entry,18110.27,862.39,,
701040,INV-9014-76760,9014,2026-06-09,2026-06-09 11:30:51,AP.MONA,Manual Invoice Entry,19801.14,942.91,,
701041,INV-9014-79784,9014,2025-05-19,2025-05-19 10:34:18,AP.ANNA,Manual Invoice Entry,4902.64,233.46,,
701042,INV-9002-36114,9002,2024-12-17,2024-12-17 09:03:06,AP.MONA,Manual Invoice Entry,7894.66,375.94,,
701043,INV-9020-72711,9020,2025-10-06,2025-10-06 09:56:43,AP.MONA,Manual Invoice Entry,11195.87,533.14,,
701044,INV-9011-77796,9011,2026-05-07,2026-05-07 09:11:41,AP.ANNA,Manual Invoice Entry,20582.54,980.12,,
701045,INV-9008-64160,9008,2026-01-20,2026-01-20 09:33:50,AP.ANNA,Manual Invoice Entry,6285.04,299.29,,
701046,INV-9004-59758,9004,2026-07-15,2026-07-15 16:23:45,AP.MONA,Manual Invoice Entry,12980.29,618.11,,
701047,INV-9013-56510,9013,2024-11-13,2024-11-13 08:31:11,AP.RAVI,Manual Invoice Entry,5216.13,248.39,,
701048,INV-9004-71141,9004,2025-12-22,2025-12-22 13:15:34,AP.MONA,Manual Invoice Entry,2408.22,114.68,,
701049,INV-9006-39702,9006,2025-07-04,2025-07-04 09:08:12,AP.RAVI,Manual Invoice Entry,6582.51,313.45,,
701050,INV-9009-75702,9009,2025-12-25,2025-12-25 10:05:45,AP.ANNA,Manual Invoice Entry,2302.68,109.65,,
701051,INV-9013-52155,9013,2026-07-02,2026-07-02 10:06:59,AP.MONA,Manual Invoice Entry,4679.33,222.83,,
701052,INV-9012-74442,9012,2026-08-07,2026-08-07 09:08:23,AP.RAVI,Manual Invoice Entry,8139.25,387.58,,
701053,INV-9012-63750,9012,2026-04-09,2026-04-09 09:11:13,AP.RAVI,Manual Invoice Entry,20825.13,991.67,,
701054,INV-9016-50290,9016,2025-02-19,2025-02-19 12:07:57,AP.MONA,Manual Invoice Entry,5794.13,275.91,,
701055,INV-9001-19471,9001,2026-07-24,2026-07-24 08:16:22,AP.ANNA,Manual Invoice Entry,4148.43,197.54,,
701056,INV-9013-97792,9013,2026-09-09,2026-09-09 08:50:37,AP.MONA,Manual Invoice Entry,3245.11,154.53,,
701057,INV-9010-50716,9010,2025-05-02,2025-05-02 08:08:22,AP.MONA,Manual Invoice Entry,15510.36,738.59,,
701058,INV-9016-91524,9016,2025-03-31,2025-03-31 10:09:05,AP.RAVI,Manual Invoice Entry,2117.71,100.84,,
701059,INV-9016-21304,9016,2025-11-03,2025-11-03 10:54:58,AP.ANNA,Manual Invoice Entry,20093.21,956.82,,
701060,INV-9003-97602,9003,2025-12-26,2025-12-26 10:18:24,AP.MONA,Manual Invoice Entry,16074.85,765.47,,
701061,INV-9020-40870,9020,2026-01-05,2026-01-05 10:09:38,AP.MONA,Manual Invoice Entry,8384.0,399.24,,
701062,INV-9020-94584,9020,2025-05-09,2025-05-09 14:33:15,AP.RAVI,Manual Invoice Entry,6800.08,323.81,,
701063,INV-9002-16087,9002,2025-12-08,2025-12-08 10:52:19,AP.ANNA,Manual Invoice Entry,11200.26,533.35,,
701064,INV-9019-48295,9019,2025-10-27,2025-10-27 10:09:52,AP.MONA,Manual Invoice Entry,10685.03,508.81,,
701065,INV-9010-96361,9010,2026-08-07,2026-08-07 09:56:36,AP.RAVI,Manual Invoice Entry,4815.29,229.3,,
701066,INV-9019-22923,9019,2025-08-07,2025-08-07 09:36:15,AP.ANNA,Manual Invoice Entry,3007.23,143.2,,
701067,INV-9006-86662,9006,2026-02-27,2026-02-27 10:33:30,AP.RAVI,Manual Invoice Entry,2434.95,115.95,,
701068,INV-9017-96137,9017,2025-07-22,2025-07-22 10:06:23,AP.MONA,Manual Invoice Entry,1202.58,57.27,,
701069,INV-9003-32630,9003,2025-03-26,2025-03-26 10:21:41,AP.RAVI,Manual Invoice Entry,15068.66,717.56,,
701070,INV-9015-96386,9015,2024-10-15,2024-10-15 08:30:48,AP.ANNA,Manual Invoice Entry,8758.59,417.08,,
701071,INV-9007-73033,9007,2026-05-18,2026-05-18 09:30:09,AP.ANNA,Manual Invoice Entry,1627.63,77.51,,
701072,INV-9003-67532,9003,2025-04-17,2025-04-17 08:09:44,AP.RAVI,Manual Invoice Entry,19948.5,949.93,,
701073,INV-9011-59033,9011,2026-01-30,2026-01-30 15:25:58,AP.MONA,Manual Invoice Entry,20830.25,991.92,,
701074,INV-9007-44370,9007,2024-10-04,2024-10-04 14:51:35,AP.MONA,Manual Invoice Entry,8847.59,421.31,,
701075,INV-9017-83850,9017,2024-12-04,2024-12-04 14:43:30,AP.ANNA,Manual Invoice Entry,17608.29,838.49,,
701076,INV-9003-83101,9003,2026-04-20,2026-04-20 08:09:03,AP.RAVI,Manual Invoice Entry,3494.87,166.42,,
701077,INV-9002-73400,9002,2026-06-30,2026-06-30 09:55:20,AP.ANNA,Manual Invoice Entry,2430.1,115.72,,
701078,INV-9010-83955,9010,2025-05-26,2025-05-26 09:43:26,AP.RAVI,Manual Invoice Entry,19899.77,947.61,,
701079,INV-9013-22908,9013,2025-04-21,2025-04-21 15:57:37,AP.MONA,Manual Invoice Entry,6474.93,308.33,,
701080,INV-9001-11776,9001,2024-10-21,2024-10-21 09:46:18,AP.MONA,Manual Invoice Entry,5126.57,244.12,,
701081,INV-9015-90387,9015,2026-03-30,2026-03-30 09:44:10,AP.MONA,Manual Invoice Entry,2716.06,129.34,,
701082,INV-9015-65830,9015,2025-11-27,2025-11-27 14:11:10,AP.RAVI,Manual Invoice Entry,16773.87,798.76,,
701083,INV-9004-96971,9004,2025-11-03,2025-11-03 12:45:19,AP.MONA,Manual Invoice Entry,10753.77,512.08,,
701084,INV-9011-99284,9011,2025-08-18,2025-08-18 09:44:04,AP.ANNA,Manual Invoice Entry,12493.68,594.94,,
701085,INV-9011-66382,9011,2025-08-07,2025-08-07 08:43:41,AP.RAVI,Manual Invoice Entry,12304.08,585.91,,
701086,INV-9004-82964,9004,2026-03-09,2026-03-09 10:11:07,AP.RAVI,Manual Invoice Entry,998.39,47.54,,
701087,INV-9015-18649,9015,2025-12-12,2025-12-12 13:16:03,AP.RAVI,Manual Invoice Entry,17075.3,813.11,,
701088,INV-9017-21723,9017,2026-04-15,2026-04-15 09:08:55,AP.ANNA,Manual Invoice Entry,11941.03,568.62,,
701089,INV-9003-36175,9003,2025-06-30,2025-06-30 09:54:44,AP.RAVI,Manual Invoice Entry,11480.93,546.71,,
701090,INV-9009-63912,9009,2025-12-15,2025-12-15 14:10:50,AP.RAVI,Manual Invoice Entry,8792.33,418.68,,
701091,INV-9013-28428,9013,2025-11-13,2025-11-13 12:18:28,AP.ANNA,Manual Invoice Entry,6471.42,308.16,,
701092,INV-9010-83424,9010,2026-08-21,2026-08-21 09:23:33,AP.ANNA,Manual Invoice Entry,14578.24,694.2,,
701093,INV-9013-38818,9013,2025-11-25,2025-11-25 09:29:13,AP.MONA,Manual Invoice Entry,2471.95,117.71,,
701094,INV-9002-92004,9002,2024-12-16,2024-12-16 10:18:40,AP.ANNA,Manual Invoice Entry,7642.96,363.95,,
701095,INV-9002-68343,9002,2025-02-03,2025-02-03 12:21:31,AP.MONA,Manual Invoice Entry,11155.04,531.19,,
701096,INV-9002-71002,9002,2025-02-24,2025-02-24 08:57:26,AP.RAVI,Manual Invoice Entry,6575.24,313.11,,
701097,INV-9006-31033,9006,2026-03-12,2026-03-12 09:09:28,AP.ANNA,Manual Invoice Entry,19041.13,906.72,,
701098,INV-9012-10726,9012,2025-02-24,2025-02-24 09:10:13,AP.MONA,Manual Invoice Entry,2956.98,140.81,,
701099,INV-9007-67593,9007,2025-02-07,2025-02-07 14:14:38,AP.ANNA,Manual Invoice Entry,9633.96,458.76,,
701100,INV-9019-12168,9019,2026-01-07,2026-01-07 09:36:39,AP.ANNA,Manual Invoice Entry,10716.76,510.32,,
701101,INV-9016-17963,9016,2026-04-08,2026-04-08 09:50:23,AP.MONA,Manual Invoice Entry,17437.76,830.37,,
701102,INV-9013-26124,9013,2025-11-06,2025-11-06 08:36:30,AP.RAVI,Manual Invoice Entry,5855.77,278.85,,
701103,INV-9020-37816,9020,2026-04-01,2026-04-01 10:59:23,AP.RAVI,Manual Invoice Entry,1964.59,93.55,,
701104,INV-9001-68643,9001,2024-10-28,2024-10-28 12:52:08,AP.ANNA,Manual Invoice Entry,15986.3,761.25,,
701105,INV-9018-83728,9018,2025-11-03,2025-11-03 08:13:29,AP.RAVI,Manual Invoice Entry,12365.63,588.84,,
701106,INV-9002-49343,9002,2026-06-09,2026-06-09 09:42:20,AP.MONA,Manual Invoice Entry,3968.84,188.99,,
701107,INV-9008-26558,9008,2024-12-02,2024-12-02 09:31:52,AP.MONA,Manual Invoice Entry,19432.98,925.38,,
701108,INV-9007-44605,9007,2026-09-14,2026-09-14 12:43:58,AP.ANNA,Manual Invoice Entry,10184.1,484.96,,
701109,INV-9011-44539,9011,2026-05-12,2026-05-12 09:57:39,AP.ANNA,Manual Invoice Entry,14172.22,674.87,,
701110,INV-9004-25984,9004,2026-02-09,2026-02-09 15:41:45,AP.MONA,Manual Invoice Entry,11050.73,526.23,,
701111,INV-9015-38473,9015,2024-12-16,2024-12-16 10:50:16,AP.ANNA,Manual Invoice Entry,11801.1,561.96,,
701112,INV-9017-87976,9017,2025-06-23,2025-06-23 16:03:02,AP.RAVI,Manual Invoice Entry,11875.78,565.51,,
701113,INV-9010-81664,9010,2025-07-25,2025-07-25 15:38:42,AP.ANNA,Manual Invoice Entry,9520.53,453.36,,
701114,INV-9018-11090,9018,2025-07-14,2025-07-14 09:10:26,AP.RAVI,Manual Invoice Entry,17246.21,821.25,,
701115,INV-9003-48365,9003,2026-07-29,2026-07-29 10:44:22,AP.ANNA,Manual Invoice Entry,16533.96,787.33,,
701116,INV-9010-29677,9010,2026-07-17,2026-07-17 09:27:49,AP.RAVI,Manual Invoice Entry,16774.89,798.8,,
701117,INV-9002-93468,9002,2026-05-04,2026-05-04 11:42:09,AP.RAVI,Manual Invoice Entry,3738.95,178.05,,
701118,INV-9018-62065,9018,2024-12-16,2024-12-16 10:26:55,AP.ANNA,Manual Invoice Entry,1605.66,76.46,,
701119,INV-9006-12432,9006,2024-12-06,2024-12-06 10:17:23,AP.ANNA,Manual Invoice Entry,10127.21,482.25,,
701120,INV-9002-43667,9002,2026-07-20,2026-07-20 08:32:46,AP.ANNA,Manual Invoice Entry,3202.9,152.52,,
701121,INV-9012-29407,9012,2026-04-24,2026-04-24 10:44:09,AP.MONA,Manual Invoice Entry,8521.95,405.81,,
701122,INV-9016-70023,9016,2025-02-03,2025-02-03 14:43:50,AP.ANNA,Manual Invoice Entry,6198.18,295.15,,
701123,INV-9018-50461,9018,2025-11-12,2025-11-12 08:27:50,AP.RAVI,Manual Invoice Entry,19248.27,916.58,,
701124,INV-9010-19984,9010,2026-03-09,2026-03-09 09:04:52,AP.MONA,Manual Invoice Entry,12334.27,587.35,,
701125,INV-9010-21994,9010,2026-02-12,2026-02-12 10:04:15,AP.ANNA,Manual Invoice Entry,5730.73,272.89,,
701126,INV-9003-96973,9003,2026-06-10,2026-06-10 08:52:32,AP.RAVI,Manual Invoice Entry,20296.3,966.49,,
701127,INV-9019-39056,9019,2024-10-08,2024-10-08 08:12:50,AP.MONA,Manual Invoice Entry,11123.18,529.68,,
701128,INV-9008-64537,9008,2026-03-05,2026-03-05 08:19:42,AP.MONA,Manual Invoice Entry,10546.82,502.23,,
701129,INV-9015-48113,9015,2026-04-27,2026-04-27 08:26:41,AP.ANNA,Manual Invoice Entry,15355.22,731.2,,
701130,INV-9019-25361,9019,2025-06-16,2025-06-16 10:25:41,AP.RAVI,Manual Invoice Entry,3863.2,183.96,,
701131,INV-9012-61718,9012,2025-08-04,2025-08-04 16:21:08,AP.ANNA,Manual Invoice Entry,8883.75,423.04,,
701132,INV-9003-60549,9003,2025-01-08,2025-01-08 17:07:24,AP.ANNA,Manual Invoice Entry,19369.7,922.37,,
701133,INV-9019-71286,9019,2025-12-15,2025-12-15 09:39:54,AP.RAVI,Manual Invoice Entry,6118.47,291.36,,
701134,INV-9013-43498,9013,2025-07-11,2025-07-11 16:24:42,AP.MONA,Manual Invoice Entry,9557.94,455.14,,
701135,INV-9017-46481,9017,2024-12-16,2024-12-16 10:48:47,AP.ANNA,Manual Invoice Entry,20704.44,985.93,,
701136,INV-9004-56287,9004,2025-07-30,2025-07-30 14:34:02,AP.ANNA,Manual Invoice Entry,14891.28,709.11,,
701137,INV-9010-25727,9010,2026-03-02,2026-03-02 09:44:49,AP.RAVI,Manual Invoice Entry,13520.3,643.82,,
701138,INV-9017-53824,9017,2025-02-17,2025-02-17 10:02:47,AP.MONA,Manual Invoice Entry,17655.23,840.73,,
701139,INV-9014-62471,9014,2025-06-19,2025-06-19 11:49:30,AP.MONA,Manual Invoice Entry,16159.81,769.51,,
701140,INV-9003-36804,9003,2025-10-20,2025-10-20 08:30:05,AP.MONA,Manual Invoice Entry,8975.81,427.42,,
701141,INV-9002-38394,9002,2025-05-19,2025-05-19 09:03:02,AP.RAVI,Manual Invoice Entry,20805.44,990.74,,
701142,INV-9016-37743,9016,2025-06-16,2025-06-16 10:21:21,AP.RAVI,Manual Invoice Entry,1731.29,82.44,,
701143,INV-9014-89641,9014,2026-08-31,2026-08-31 15:17:53,AP.RAVI,Manual Invoice Entry,1290.08,61.43,,
701144,INV-9002-86769,9002,2026-01-19,2026-01-19 16:00:24,AP.RAVI,Manual Invoice Entry,12010.21,571.91,,
701145,INV-9019-58283,9019,2025-06-13,2025-06-13 10:54:42,AP.MONA,Manual Invoice Entry,19222.34,915.35,,
701146,INV-9003-66803,9003,2025-12-09,2025-12-09 10:12:08,AP.RAVI,Manual Invoice Entry,9522.21,453.44,,
701147,INV-9002-94658,9002,2024-12-24,2024-12-24 10:16:49,AP.RAVI,Manual Invoice Entry,2291.18,109.1,,
701148,INV-9012-47610,9012,2025-02-24,2025-02-24 08:25:19,AP.RAVI,Manual Invoice Entry,1974.66,94.03,,
701149,INV-9003-81489,9003,2026-01-12,2026-01-12 09:04:12,AP.ANNA,Manual Invoice Entry,6903.98,328.76,,
701150,INV-9001-81442,9001,2025-02-03,2025-02-03 16:47:54,AP.RAVI,Manual Invoice Entry,8200.87,390.52,,
701151,INV-9012-70472,9012,2025-05-22,2025-05-22 10:38:58,AP.ANNA,Manual Invoice Entry,8659.15,412.34,,
701152,INV-9005-34203,9005,2024-12-24,2024-12-24 08:46:34,AP.RAVI,Manual Invoice Entry,18902.29,900.11,,
701153,INV-9013-36388,9013,2024-12-31,2024-12-31 14:50:18,AP.MONA,Manual Invoice Entry,12905.17,614.53,,
701154,INV-9008-43799,9008,2025-11-28,2025-11-28 14:50:37,AP.ANNA,Manual Invoice Entry,20065.48,955.5,,
701155,INV-9018-69211,9018,2025-04-16,2025-04-16 10:18:21,AP.RAVI,Manual Invoice Entry,5803.18,276.34,,
