PO_LINE_ID,PO_HEADER_ID,LINE_NUM,CATEGORY_NAME,ITEM_DESCRIPTION,QUANTITY,UNIT_PRICE,CREATION_DATE
5000011,500001,1,Office Supplies,Office Supplies item 1,13,292.09,2026-02-19 12:33:49
5000021,500002,1,Marketing Materials,Marketing Materials item 1,21,12721.35,2026-04-14 10:56:51
5000031,500003,1,Marketing Materials,Marketing Materials item 1,35,11387.73,2025-08-13 09:56:22
5000032,500003,2,Marketing Materials,Marketing Materials item 2,22,2117.51,2025-08-13 09:56:22
5000041,500004,1,Office Supplies,Office Supplies item 1,37,238.96,2026-05-05 08:33:26
5000042,500004,2,Office Supplies,Office Supplies item 2,16,318.16,2026-05-05 08:33:26
5000051,500005,1,Professional Services,Professional Services item 1,1,84357.66,2026-06-08 16:07:50
5000052,500005,2,Professional Services,Professional Services item 2,1,17963.14,2026-06-08 16:07:50
5000053,500005,3,Professional Services,Professional Services item 3,1,81095.99,2026-06-08 16:07:50
5000061,500006,1,Office Supplies,Office Supplies item 1,14,212.24,2025-01-13 11:29:42
5000071,500007,1,Facilities Maintenance,Facilities Maintenance item 1,1,27176.94,2025-11-10 09:51:50
5000072,500007,2,Facilities Maintenance,Facilities Maintenance item 2,1,15116.63,2025-11-10 09:51:50
5000081,500008,1,Software Licenses,Software Licenses item 1,1,28697.59,2025-03-18 09:22:29
5000082,500008,2,Software Licenses,Software Licenses item 2,1,19701.07,2025-03-18 09:22:29
5000083,500008,3,Software Licenses,Software Licenses item 3,1,48130.04,2025-03-18 09:22:29
5000091,500009,1,Office Supplies,Office Supplies item 1,36,336.82,2025-05-12 10:21:24
5000101,500010,1,Facilities Maintenance,Facilities Maintenance item 1,1,12176.49,2025-03-25 16:23:12
5000102,500010,2,Facilities Maintenance,Facilities Maintenance item 2,1,31440.48,2025-03-25 16:23:12
5000103,500010,3,Facilities Maintenance,Facilities Maintenance item 3,1,20156.99,2025-03-25 16:23:12
5000111,500011,1,Professional Services,Professional Services item 1,1,63074.54,2025-03-05 08:48:28
5000121,500012,1,Office Supplies,Office Supplies item 1,28,271.38,2024-11-22 10:57:01
5000131,500013,1,Software Licenses,Software Licenses item 1,1,21739.65,2026-03-03 09:42:09
5000132,500013,2,Software Licenses,Software Licenses item 2,1,53058.56,2026-03-03 09:42:09
5000141,500014,1,IT Hardware,IT Hardware item 1,9,6030.53,2026-03-31 08:16:53
5000151,500015,1,Software Licenses,Software Licenses item 1,1,11078.89,2026-02-19 13:02:56
5000152,500015,2,Software Licenses,Software Licenses item 2,1,25694.02,2026-02-19 13:02:56
5000161,500016,1,Facilities Maintenance,Facilities Maintenance item 1,1,38533.58,2026-05-25 09:11:44
5000171,500017,1,Office Supplies,Office Supplies item 1,20,229.32,2025-03-14 08:17:02
5000172,500017,2,Office Supplies,Office Supplies item 2,36,175.04,2025-03-14 08:17:02
5000181,500018,1,IT Hardware,IT Hardware item 1,1,6724.04,2026-04-17 09:12:08
5000182,500018,2,IT Hardware,IT Hardware item 2,27,7941.65,2026-04-17 09:12:08
5000183,500018,3,IT Hardware,IT Hardware item 3,10,1413.59,2026-04-17 09:12:08
5000191,500019,1,Facilities Maintenance,Facilities Maintenance item 1,1,9169.85,2025-03-24 09:49:53
5000192,500019,2,Facilities Maintenance,Facilities Maintenance item 2,1,16310.69,2025-03-24 09:49:53
5000193,500019,3,Facilities Maintenance,Facilities Maintenance item 3,1,20103.51,2025-03-24 09:49:53
5000201,500020,1,Software Licenses,Software Licenses item 1,1,44004.57,2026-05-04 10:20:09
5000202,500020,2,Software Licenses,Software Licenses item 2,1,58836.65,2026-05-04 10:20:09
5000203,500020,3,Software Licenses,Software Licenses item 3,1,58101.65,2026-05-04 10:20:09
5000211,500021,1,Facilities Maintenance,Facilities Maintenance item 1,1,38036.92,2025-03-04 10:26:58
5000212,500021,2,Facilities Maintenance,Facilities Maintenance item 2,1,33231.36,2025-03-04 10:26:58
5000213,500021,3,Facilities Maintenance,Facilities Maintenance item 3,1,5029.43,2025-03-04 10:26:58
5000221,500022,1,Office Supplies,Office Supplies item 1,2,43.11,2025-09-12 10:38:09
5000231,500023,1,Marketing Materials,Marketing Materials item 1,39,5030.51,2025-09-25 08:11:40
5000232,500023,2,Marketing Materials,Marketing Materials item 2,7,8879.82,2025-09-25 08:11:40
5000233,500023,3,Marketing Materials,Marketing Materials item 3,14,2743.59,2025-09-25 08:11:40
5000241,500024,1,IT Hardware,IT Hardware item 1,14,7092.27,2026-04-02 15:08:58
5000251,500025,1,Office Supplies,Office Supplies item 1,5,87.32,2025-11-11 16:17:15
5000252,500025,2,Office Supplies,Office Supplies item 2,32,196.3,2025-11-11 16:17:15
5000261,500026,1,Facilities Maintenance,Facilities Maintenance item 1,1,26777.72,2026-06-30 10:05:48
5000262,500026,2,Facilities Maintenance,Facilities Maintenance item 2,1,36394.19,2026-06-30 10:05:48
5000271,500027,1,Facilities Maintenance,Facilities Maintenance item 1,1,19274.68,2025-10-16 08:52:12
5000272,500027,2,Facilities Maintenance,Facilities Maintenance item 2,1,12348.21,2025-10-16 08:52:12
5000273,500027,3,Facilities Maintenance,Facilities Maintenance item 3,1,16202.09,2025-10-16 08:52:12
5000281,500028,1,Facilities Maintenance,Facilities Maintenance item 1,1,3338.35,2025-08-01 10:34:05
5000291,500029,1,Office Supplies,Office Supplies item 1,35,199.89,2026-06-12 09:47:09
5000292,500029,2,Office Supplies,Office Supplies item 2,3,306.25,2026-06-12 09:47:09
5000293,500029,3,Office Supplies,Office Supplies item 3,13,128.72,2026-06-12 09:47:09
5000301,500030,1,Software Licenses,Software Licenses item 1,1,23576.78,2025-10-20 09:44:37
5000302,500030,2,Software Licenses,Software Licenses item 2,1,46258.9,2025-10-20 09:44:37
5000303,500030,3,Software Licenses,Software Licenses item 3,1,35287.46,2025-10-20 09:44:37
5000311,500031,1,Professional Services,Professional Services item 1,1,58232.07,2026-04-17 09:10:08
5000312,500031,2,Professional Services,Professional Services item 2,1,132914.42,2026-04-17 09:10:08
5000321,500032,1,Marketing Materials,Marketing Materials item 1,27,9462.57,2025-12-29 09:29:49
5000322,500032,2,Marketing Materials,Marketing Materials item 2,2,7721.55,2025-12-29 09:29:49
5000341,500034,1,Marketing Materials,Marketing Materials item 1,7,6211.6,2026-04-24 08:02:09
5000351,500035,1,Facilities Maintenance,Facilities Maintenance item 1,1,11722.92,2026-08-31 10:58:46
5000352,500035,2,Facilities Maintenance,Facilities Maintenance item 2,1,26740.25,2026-08-31 10:58:46
5000361,500036,1,Software Licenses,Software Licenses item 1,1,22230.58,2026-08-03 10:17:37
5000371,500037,1,Software Licenses,Software Licenses item 1,1,12195.75,2025-07-14 11:37:09
5000372,500037,2,Software Licenses,Software Licenses item 2,1,55338.82,2025-07-14 11:37:09
5000373,500037,3,Software Licenses,Software Licenses item 3,1,59835.96,2025-07-14 11:37:09
5000381,500038,1,Facilities Maintenance,Facilities Maintenance item 1,1,30519.63,2026-08-18 09:23:24
5000391,500039,1,IT Hardware,IT Hardware item 1,32,1545.72,2024-11-28 13:24:03
5000392,500039,2,IT Hardware,IT Hardware item 2,33,4452.96,2024-11-28 13:24:03
5000411,500041,1,Marketing Materials,Marketing Materials item 1,20,4489.73,2025-11-07 09:54:30
5000421,500042,1,IT Hardware,IT Hardware item 1,39,6570.9,2025-04-24 08:50:03
5000422,500042,2,IT Hardware,IT Hardware item 2,26,8304.04,2025-04-24 08:50:03
5000423,500042,3,IT Hardware,IT Hardware item 3,36,3437.24,2025-04-24 08:50:03
5000431,500043,1,IT Hardware,IT Hardware item 1,13,5882.2,2025-04-02 13:32:47
5000441,500044,1,Professional Services,Professional Services item 1,1,88954.15,2025-11-13 09:01:17
5000451,500045,1,Professional Services,Professional Services item 1,1,67126.18,2025-07-07 17:01:23
5000452,500045,2,Professional Services,Professional Services item 2,1,13676.67,2025-07-07 17:01:23
5000461,500046,1,Facilities Maintenance,Facilities Maintenance item 1,1,25866.74,2026-04-27 09:43:56
5000462,500046,2,Facilities Maintenance,Facilities Maintenance item 2,1,38758.88,2026-04-27 09:43:56
5000471,500047,1,IT Hardware,IT Hardware item 1,15,4987.55,2025-10-10 10:54:05
5000481,500048,1,Software Licenses,Software Licenses item 1,1,28537.92,2025-04-10 08:15:06
5000491,500049,1,Professional Services,Professional Services item 1,1,72139.24,2025-11-13 12:36:34
5000492,500049,2,Professional Services,Professional Services item 2,1,33415.49,2025-11-13 12:36:34
5000501,500050,1,Office Supplies,Office Supplies item 1,39,224.73,2025-05-02 09:31:53
5000502,500050,2,Office Supplies,Office Supplies item 2,21,392.02,2025-05-02 09:31:53
5000511,500051,1,Facilities Maintenance,Facilities Maintenance item 1,1,25607.91,2026-05-26 17:40:52
5000521,500052,1,Software Licenses,Software Licenses item 1,1,27658.26,2026-07-08 14:21:05
5000522,500052,2,Software Licenses,Software Licenses item 2,1,14600.19,2026-07-08 14:21:05
5000531,500053,1,Office Supplies,Office Supplies item 1,14,35.13,2024-11-18 10:20:43
5000541,500054,1,Professional Services,Professional Services item 1,1,79945.4,2025-11-25 09:17:01
5000551,500055,1,IT Hardware,IT Hardware item 1,16,4242.49,2025-01-27 10:58:35
5000552,500055,2,IT Hardware,IT Hardware item 2,4,8774.99,2025-01-27 10:58:35
5000571,500057,1,IT Hardware,IT Hardware item 1,15,1871.86,2025-04-09 09:31:41
5000572,500057,2,IT Hardware,IT Hardware item 2,26,3852.37,2025-04-09 09:31:41
5000573,500057,3,IT Hardware,IT Hardware item 3,6,5575.06,2025-04-09 09:31:41
5000581,500058,1,Office Supplies,Office Supplies item 1,32,176.56,2024-12-09 14:16:25
5000582,500058,2,Office Supplies,Office Supplies item 2,36,202.03,2024-12-09 14:16:25
5000591,500059,1,Office Supplies,Office Supplies item 1,31,20.26,2026-07-27 13:29:08
5000601,500060,1,Software Licenses,Software Licenses item 1,1,30778.73,2025-05-27 10:36:17
5000611,500061,1,Facilities Maintenance,Facilities Maintenance item 1,1,17257.27,2025-10-27 09:59:27
5000612,500061,2,Facilities Maintenance,Facilities Maintenance item 2,1,22833.33,2025-10-27 09:59:27
5000613,500061,3,Facilities Maintenance,Facilities Maintenance item 3,1,37134.58,2025-10-27 09:59:27
5000621,500062,1,Office Supplies,Office Supplies item 1,29,85.69,2026-09-11 10:39:30
5000631,500063,1,Marketing Materials,Marketing Materials item 1,31,13852.11,2026-07-13 10:43:59
5000641,500064,1,Facilities Maintenance,Facilities Maintenance item 1,1,33204.99,2025-10-03 08:17:38
5000651,500065,1,Office Supplies,Office Supplies item 1,20,280.08,2026-09-14 09:25:03
5000652,500065,2,Office Supplies,Office Supplies item 2,31,44.26,2026-09-14 09:25:03
5000661,500066,1,Facilities Maintenance,Facilities Maintenance item 1,1,19354.78,2024-11-14 08:36:09
5000662,500066,2,Facilities Maintenance,Facilities Maintenance item 2,1,6034.59,2024-11-14 08:36:09
5000671,500067,1,IT Hardware,IT Hardware item 1,19,4538.6,2025-10-13 09:56:41
5000681,500068,1,Professional Services,Professional Services item 1,1,118914.25,2026-08-31 16:31:52
5000682,500068,2,Professional Services,Professional Services item 2,1,126409.83,2026-08-31 16:31:52
5000691,500069,1,IT Hardware,IT Hardware item 1,4,8848.87,2026-07-16 15:11:18
5000692,500069,2,IT Hardware,IT Hardware item 2,11,1650.45,2026-07-16 15:11:18
5000701,500070,1,Professional Services,Professional Services item 1,1,21036.28,2024-12-04 14:11:36
5000702,500070,2,Professional Services,Professional Services item 2,1,72186.44,2024-12-04 14:11:36
5000703,500070,3,Professional Services,Professional Services item 3,1,90224.89,2024-12-04 14:11:36
5000711,500071,1,Facilities Maintenance,Facilities Maintenance item 1,1,6148.71,2026-06-04 10:47:26
5000721,500072,1,Marketing Materials,Marketing Materials item 1,40,10858.58,2026-02-10 16:21:10
5000731,500073,1,IT Hardware,IT Hardware item 1,29,7605.86,2026-07-17 16:36:39
5000741,500074,1,Marketing Materials,Marketing Materials item 1,23,6962.18,2026-07-16 17:59:35
5000751,500075,1,Facilities Maintenance,Facilities Maintenance item 1,1,30963.06,2025-08-15 08:36:07
5000761,500076,1,Office Supplies,Office Supplies item 1,23,68.72,2025-02-20 10:46:01
5000762,500076,2,Office Supplies,Office Supplies item 2,16,58.02,2025-02-20 10:46:01
5000763,500076,3,Office Supplies,Office Supplies item 3,40,46.53,2025-02-20 10:46:01
5000771,500077,1,Office Supplies,Office Supplies item 1,24,210.82,2026-01-21 14:16:05
5000781,500078,1,Professional Services,Professional Services item 1,1,133484.79,2025-08-27 09:13:38
5000791,500079,1,Office Supplies,Office Supplies item 1,12,256.82,2026-03-06 10:32:41
5000792,500079,2,Office Supplies,Office Supplies item 2,33,120.52,2026-03-06 10:32:41
5000801,500080,1,Facilities Maintenance,Facilities Maintenance item 1,1,7458.98,2026-01-16 09:47:07
5000811,500081,1,Marketing Materials,Marketing Materials item 1,12,9784.22,2025-08-21 10:45:38
5000821,500082,1,Marketing Materials,Marketing Materials item 1,2,7488.57,2025-03-17 10:47:24
5000822,500082,2,Marketing Materials,Marketing Materials item 2,17,1479.54,2025-03-17 10:47:24
5000823,500082,3,Marketing Materials,Marketing Materials item 3,15,10315.24,2025-03-17 10:47:24
5000831,500083,1,Professional Services,Professional Services item 1,1,74409.88,2024-10-14 10:48:42
5000832,500083,2,Professional Services,Professional Services item 2,1,106489.48,2024-10-14 10:48:42
5000841,500084,1,Professional Services,Professional Services item 1,1,105142.02,2025-12-12 13:44:49
5000861,500086,1,Facilities Maintenance,Facilities Maintenance item 1,1,6554.17,2024-10-24 10:34:22
5000862,500086,2,Facilities Maintenance,Facilities Maintenance item 2,1,33782.93,2024-10-24 10:34:22
5000871,500087,1,Office Supplies,Office Supplies item 1,35,327.35,2025-07-25 10:28:56
5000881,500088,1,IT Hardware,IT Hardware item 1,14,4677.17,2025-01-24 08:10:18
5000882,500088,2,IT Hardware,IT Hardware item 2,20,8476.97,2025-01-24 08:10:18
5000891,500089,1,Facilities Maintenance,Facilities Maintenance item 1,1,18343.75,2025-05-05 10:32:04
5000901,500090,1,Facilities Maintenance,Facilities Maintenance item 1,1,4228.65,2025-03-03 09:31:34
5000902,500090,2,Facilities Maintenance,Facilities Maintenance item 2,1,37313.12,2025-03-03 09:31:34
5000911,500091,1,Office Supplies,Office Supplies item 1,27,310.39,2025-11-13 10:09:33
5000912,500091,2,Office Supplies,Office Supplies item 2,28,333.94,2025-11-13 10:09:33
5000913,500091,3,Office Supplies,Office Supplies item 3,21,251.2,2025-11-13 10:09:33
5000921,500092,1,Office Supplies,Office Supplies item 1,19,318.82,2025-01-20 13:45:35
5000931,500093,1,Software Licenses,Software Licenses item 1,1,52387.64,2026-02-13 09:37:21
5000932,500093,2,Software Licenses,Software Licenses item 2,1,49567.77,2026-02-13 09:37:21
5000933,500093,3,Software Licenses,Software Licenses item 3,1,2796.53,2026-02-13 09:37:21
5000941,500094,1,Office Supplies,Office Supplies item 1,22,360.93,2026-01-19 10:51:06
5000951,500095,1,Office Supplies,Office Supplies item 1,15,281.2,2026-04-15 14:23:14
5000952,500095,2,Office Supplies,Office Supplies item 2,23,50.2,2026-04-15 14:23:14
5000961,500096,1,Software Licenses,Software Licenses item 1,1,53295.06,2026-04-13 09:20:16
5000971,500097,1,IT Hardware,IT Hardware item 1,1,4560.87,2024-10-10 09:58:23
5000972,500097,2,IT Hardware,IT Hardware item 2,32,5256.71,2024-10-10 09:58:23
5000981,500098,1,Marketing Materials,Marketing Materials item 1,31,10999.07,2026-06-04 17:11:58
5000982,500098,2,Marketing Materials,Marketing Materials item 2,39,14041.43,2026-06-04 17:11:58
5000983,500098,3,Marketing Materials,Marketing Materials item 3,19,6692.28,2026-06-04 17:11:58
5000991,500099,1,Software Licenses,Software Licenses item 1,1,12867.98,2026-04-15 08:49:57
5000992,500099,2,Software Licenses,Software Licenses item 2,1,8776.99,2026-04-15 08:49:57
5001001,500100,1,Office Supplies,Office Supplies item 1,8,123.61,2024-10-16 08:47:36
5001002,500100,2,Office Supplies,Office Supplies item 2,11,123.98,2024-10-16 08:47:36
5001011,500101,1,Software Licenses,Software Licenses item 1,1,23080.06,2025-02-13 10:48:56
5001021,500102,1,Software Licenses,Software Licenses item 1,1,6037.24,2026-04-13 10:43:42
5001022,500102,2,Software Licenses,Software Licenses item 2,1,8307.19,2026-04-13 10:43:42
5001023,500102,3,Software Licenses,Software Licenses item 3,1,49215.87,2026-04-13 10:43:42
5001031,500103,1,Software Licenses,Software Licenses item 1,1,39606.58,2025-01-15 12:10:13
5001041,500104,1,IT Hardware,IT Hardware item 1,34,8865.35,2024-12-02 09:51:06
5001042,500104,2,IT Hardware,IT Hardware item 2,18,4612.48,2024-12-02 09:51:06
5001051,500105,1,IT Hardware,IT Hardware item 1,10,7668.44,2025-03-25 11:14:30
5001052,500105,2,IT Hardware,IT Hardware item 2,27,7117.02,2025-03-25 11:14:30
5001061,500106,1,Office Supplies,Office Supplies item 1,8,52.83,2026-01-15 09:19:57
5001062,500106,2,Office Supplies,Office Supplies item 2,39,69.36,2026-01-15 09:19:57
5001071,500107,1,IT Hardware,IT Hardware item 1,22,1459.75,2025-08-27 08:31:03
5001081,500108,1,IT Hardware,IT Hardware item 1,40,2608.69,2026-04-30 10:08:03
5001091,500109,1,Professional Services,Professional Services item 1,1,95475.32,2025-09-29 10:56:29
5001092,500109,2,Professional Services,Professional Services item 2,1,15266.97,2025-09-29 10:56:29
5001093,500109,3,Professional Services,Professional Services item 3,1,35200.07,2025-09-29 10:56:29
5001101,500110,1,Software Licenses,Software Licenses item 1,1,23780.88,2025-09-15 14:14:17
5001102,500110,2,Software Licenses,Software Licenses item 2,1,14798.44,2025-09-15 14:14:17
5001103,500110,3,Software Licenses,Software Licenses item 3,1,29317.44,2025-09-15 14:14:17
5001111,500111,1,IT Hardware,IT Hardware item 1,33,1075.69,2026-05-11 14:50:06
5001112,500111,2,IT Hardware,IT Hardware item 2,34,4033.43,2026-05-11 14:50:06
5001121,500112,1,IT Hardware,IT Hardware item 1,22,5153.55,2025-12-18 09:11:14
5001122,500112,2,IT Hardware,IT Hardware item 2,19,4292.4,2025-12-18 09:11:14
5001123,500112,3,IT Hardware,IT Hardware item 3,18,6524.05,2025-12-18 09:11:14
5001131,500113,1,IT Hardware,IT Hardware item 1,10,4869.9,2026-06-24 11:39:42
5001141,500114,1,Office Supplies,Office Supplies item 1,24,90.11,2025-11-11 11:02:10
5001151,500115,1,Marketing Materials,Marketing Materials item 1,26,3319.53,2026-07-27 08:56:03
5001152,500115,2,Marketing Materials,Marketing Materials item 2,21,9245.99,2026-07-27 08:56:03
5001153,500115,3,Marketing Materials,Marketing Materials item 3,33,14179.33,2026-07-27 08:56:03
5001161,500116,1,IT Hardware,IT Hardware item 1,32,8235.7,2026-01-14 10:01:53
5001171,500117,1,Facilities Maintenance,Facilities Maintenance item 1,1,7450.36,2025-03-14 11:22:12
5001181,500118,1,Facilities Maintenance,Facilities Maintenance item 1,1,7681.46,2025-09-30 13:09:31
5001191,500119,1,Professional Services,Professional Services item 1,1,149821.27,2025-09-22 09:07:51
5001201,500120,1,IT Hardware,IT Hardware item 1,30,2455.84,2025-04-10 15:51:33
5001202,500120,2,IT Hardware,IT Hardware item 2,32,4820.05,2025-04-10 15:51:33
5001211,500121,1,Marketing Materials,Marketing Materials item 1,8,5395.12,2026-06-15 09:02:18
5001212,500121,2,Marketing Materials,Marketing Materials item 2,2,8307.04,2026-06-15 09:02:18
5001213,500121,3,Marketing Materials,Marketing Materials item 3,3,7183.19,2026-06-15 09:02:18
5001221,500122,1,Office Supplies,Office Supplies item 1,4,218.46,2026-02-05 12:44:10
5001222,500122,2,Office Supplies,Office Supplies item 2,24,195.74,2026-02-05 12:44:10
5001223,500122,3,Office Supplies,Office Supplies item 3,16,77.18,2026-02-05 12:44:10
5001231,500123,1,Software Licenses,Software Licenses item 1,1,8195.21,2025-03-06 10:43:01
5001241,500124,1,Facilities Maintenance,Facilities Maintenance item 1,1,37709.07,2026-05-29 12:43:23
5001242,500124,2,Facilities Maintenance,Facilities Maintenance item 2,1,19637.01,2026-05-29 12:43:23
5001243,500124,3,Facilities Maintenance,Facilities Maintenance item 3,1,17399.01,2026-05-29 12:43:23
5001251,500125,1,IT Hardware,IT Hardware item 1,39,2933.29,2025-02-03 12:35:06
5001252,500125,2,IT Hardware,IT Hardware item 2,6,8655.87,2025-02-03 12:35:06
5001261,500126,1,Professional Services,Professional Services item 1,1,141505.07,2026-03-23 09:08:19
5001262,500126,2,Professional Services,Professional Services item 2,1,145409.38,2026-03-23 09:08:19
5001263,500126,3,Professional Services,Professional Services item 3,1,93752.49,2026-03-23 09:08:19
5001271,500127,1,IT Hardware,IT Hardware item 1,19,2281.37,2025-02-03 10:07:29
5001281,500128,1,Facilities Maintenance,Facilities Maintenance item 1,1,29831.74,2025-12-10 11:10:19
5001282,500128,2,Facilities Maintenance,Facilities Maintenance item 2,1,36985.44,2025-12-10 11:10:19
5001283,500128,3,Facilities Maintenance,Facilities Maintenance item 3,1,36293.77,2025-12-10 11:10:19
5001291,500129,1,Marketing Materials,Marketing Materials item 1,30,11481.64,2025-08-28 10:47:33
5001301,500130,1,IT Hardware,IT Hardware item 1,10,6127.87,2025-08-13 09:37:20
5001311,500131,1,Professional Services,Professional Services item 1,1,97177.54,2026-01-12 15:17:16
5001321,500132,1,Facilities Maintenance,Facilities Maintenance item 1,1,10227.57,2025-11-13 11:22:19
5001331,500133,1,Software Licenses,Software Licenses item 1,1,15234.56,2026-04-30 12:41:26
5001341,500134,1,Software Licenses,Software Licenses item 1,1,33171.14,2025-07-14 10:07:45
5001351,500135,1,Professional Services,Professional Services item 1,1,18707.11,2026-07-02 10:32:30
5001361,500136,1,Professional Services,Professional Services item 1,1,29393.12,2026-01-05 08:45:41
5001371,500137,1,Software Licenses,Software Licenses item 1,1,7198.46,2025-05-09 16:36:16
5001381,500138,1,IT Hardware,IT Hardware item 1,17,7683.8,2025-07-03 10:32:22
5001391,500139,1,Office Supplies,Office Supplies item 1,1,67.41,2025-07-07 17:36:26
5001401,500140,1,Software Licenses,Software Licenses item 1,1,42193.18,2025-11-07 09:07:04
5001402,500140,2,Software Licenses,Software Licenses item 2,1,32910.61,2025-11-07 09:07:04
5001403,500140,3,Software Licenses,Software Licenses item 3,1,16669.42,2025-11-07 09:07:04
5001411,500141,1,Professional Services,Professional Services item 1,1,91050.83,2024-11-25 08:43:38
5001412,500141,2,Professional Services,Professional Services item 2,1,21974.86,2024-11-25 08:43:38
5001421,500142,1,Software Licenses,Software Licenses item 1,1,4556.11,2025-01-02 10:54:47
5001431,500143,1,Software Licenses,Software Licenses item 1,1,57250.12,2026-03-17 08:40:26
5001432,500143,2,Software Licenses,Software Licenses item 2,1,21227.88,2026-03-17 08:40:26
5001441,500144,1,Professional Services,Professional Services item 1,1,70135.62,2026-01-01 09:50:35
5001451,500145,1,Office Supplies,Office Supplies item 1,24,116.72,2025-10-14 12:05:08
5001452,500145,2,Office Supplies,Office Supplies item 2,6,71.05,2025-10-14 12:05:08
5001453,500145,3,Office Supplies,Office Supplies item 3,6,132.12,2025-10-14 12:05:08
5001461,500146,1,Software Licenses,Software Licenses item 1,1,36046.21,2025-11-05 08:31:34
5001471,500147,1,Software Licenses,Software Licenses item 1,1,59666.93,2026-07-20 10:11:36
5001472,500147,2,Software Licenses,Software Licenses item 2,1,34955.07,2026-07-20 10:11:36
5001473,500147,3,Software Licenses,Software Licenses item 3,1,48350.46,2026-07-20 10:11:36
5001481,500148,1,Marketing Materials,Marketing Materials item 1,1,14870.73,2025-08-22 10:52:31
5001491,500149,1,Office Supplies,Office Supplies item 1,5,262.77,2026-01-29 10:28:38
5001501,500150,1,Office Supplies,Office Supplies item 1,4,337.87,2026-05-06 08:51:22
5001511,500151,1,Software Licenses,Software Licenses item 1,1,36792.29,2026-01-30 08:39:02
5001512,500151,2,Software Licenses,Software Licenses item 2,1,58922.12,2026-01-30 08:39:02
5001513,500151,3,Software Licenses,Software Licenses item 3,1,42386.29,2026-01-30 08:39:02
5001521,500152,1,Software Licenses,Software Licenses item 1,1,10208.86,2024-12-11 08:17:37
5001522,500152,2,Software Licenses,Software Licenses item 2,1,13844.76,2024-12-11 08:17:37
5001531,500153,1,Office Supplies,Office Supplies item 1,27,377.31,2026-08-31 09:47:59
5001541,500154,1,Office Supplies,Office Supplies item 1,25,242.71,2026-07-28 10:26:47
5001542,500154,2,Office Supplies,Office Supplies item 2,27,305.94,2026-07-28 10:26:47
5001551,500155,1,Software Licenses,Software Licenses item 1,1,23949.27,2025-06-17 09:01:56
5001552,500155,2,Software Licenses,Software Licenses item 2,1,5320.01,2025-06-17 09:01:56
5001561,500156,1,IT Hardware,IT Hardware item 1,16,2795.52,2026-01-28 12:25:02
5001562,500156,2,IT Hardware,IT Hardware item 2,11,6976.67,2026-01-28 12:25:02
5001571,500157,1,Office Supplies,Office Supplies item 1,7,170.22,2025-05-20 10:36:23
5001572,500157,2,Office Supplies,Office Supplies item 2,35,343.9,2025-05-20 10:36:23
5001581,500158,1,Marketing Materials,Marketing Materials item 1,36,6209.7,2026-04-23 12:36:20
5001582,500158,2,Marketing Materials,Marketing Materials item 2,9,5189.57,2026-04-23 12:36:20
5001591,500159,1,Software Licenses,Software Licenses item 1,1,59266.26,2026-02-13 10:50:48
5001592,500159,2,Software Licenses,Software Licenses item 2,1,29810.91,2026-02-13 10:50:48
5001601,500160,1,IT Hardware,IT Hardware item 1,13,1961.67,2026-06-09 10:09:53
5001611,500161,1,IT Hardware,IT Hardware item 1,37,7896.27,2025-11-07 12:05:16
5001621,500162,1,Marketing Materials,Marketing Materials item 1,32,12221.03,2025-08-04 14:12:56
5001622,500162,2,Marketing Materials,Marketing Materials item 2,1,14451.41,2025-08-04 14:12:56
5001631,500163,1,IT Hardware,IT Hardware item 1,30,3494.12,2025-06-19 10:16:23
5001641,500164,1,IT Hardware,IT Hardware item 1,32,7358.52,2026-02-27 08:40:05
5001651,500165,1,IT Hardware,IT Hardware item 1,18,8921.27,2026-07-28 15:14:39
5001661,500166,1,IT Hardware,IT Hardware item 1,39,1786.91,2026-06-26 08:34:43
5001662,500166,2,IT Hardware,IT Hardware item 2,38,8740.31,2026-06-26 08:34:43
5001671,500167,1,Office Supplies,Office Supplies item 1,3,222.76,2025-04-29 12:19:45
5001681,500168,1,IT Hardware,IT Hardware item 1,17,7934.21,2025-04-15 10:11:28
5001682,500168,2,IT Hardware,IT Hardware item 2,39,5317.2,2025-04-15 10:11:28
5001683,500168,3,IT Hardware,IT Hardware item 3,29,2609.24,2025-04-15 10:11:28
5001691,500169,1,Marketing Materials,Marketing Materials item 1,8,3755.58,2026-08-19 09:39:13
5001701,500170,1,Office Supplies,Office Supplies item 1,16,165.61,2025-11-07 17:09:46
5001711,500171,1,IT Hardware,IT Hardware item 1,3,5754.22,2025-02-05 10:03:16
5001721,500172,1,IT Hardware,IT Hardware item 1,20,869.53,2025-06-17 11:18:04
5001731,500173,1,Facilities Maintenance,Facilities Maintenance item 1,1,32199.25,2025-08-27 13:18:41
5001732,500173,2,Facilities Maintenance,Facilities Maintenance item 2,1,35962.69,2025-08-27 13:18:41
5001733,500173,3,Facilities Maintenance,Facilities Maintenance item 3,1,20708.12,2025-08-27 13:18:41
5001741,500174,1,Professional Services,Professional Services item 1,1,19026.01,2025-06-09 09:13:03
5001751,500175,1,Office Supplies,Office Supplies item 1,21,25.39,2026-07-09 08:02:28
5001761,500176,1,IT Hardware,IT Hardware item 1,33,7516.22,2025-06-16 17:34:33
5001762,500176,2,IT Hardware,IT Hardware item 2,8,6534.4,2025-06-16 17:34:33
5001763,500176,3,IT Hardware,IT Hardware item 3,30,4195.24,2025-06-16 17:34:33
5001771,500177,1,Marketing Materials,Marketing Materials item 1,27,973.78,2024-10-28 10:27:36
5001781,500178,1,Office Supplies,Office Supplies item 1,2,302.09,2026-01-01 08:59:02
5001782,500178,2,Office Supplies,Office Supplies item 2,9,393.7,2026-01-01 08:59:02
5001791,500179,1,Professional Services,Professional Services item 1,1,65991.9,2025-02-10 08:46:01
5001792,500179,2,Professional Services,Professional Services item 2,1,37027.59,2025-02-10 08:46:01
5001801,500180,1,Marketing Materials,Marketing Materials item 1,27,10390.91,2025-05-22 12:40:03
5001802,500180,2,Marketing Materials,Marketing Materials item 2,28,5107.86,2025-05-22 12:40:03
5001811,500181,1,Office Supplies,Office Supplies item 1,21,347.52,2026-03-25 16:00:47
5001821,500182,1,Marketing Materials,Marketing Materials item 1,33,2032.08,2025-06-20 12:11:57
5001822,500182,2,Marketing Materials,Marketing Materials item 2,9,3672.38,2025-06-20 12:11:57
5001831,500183,1,Software Licenses,Software Licenses item 1,1,25464.45,2025-03-17 09:57:53
5001832,500183,2,Software Licenses,Software Licenses item 2,1,24787.35,2025-03-17 09:57:53
5001841,500184,1,Professional Services,Professional Services item 1,1,52158.76,2026-01-26 09:40:48
5001842,500184,2,Professional Services,Professional Services item 2,1,56723.44,2026-01-26 09:40:48
5001843,500184,3,Professional Services,Professional Services item 3,1,82496.35,2026-01-26 09:40:48
5001851,500185,1,Facilities Maintenance,Facilities Maintenance item 1,1,9867.02,2026-05-18 09:37:24
5001861,500186,1,Professional Services,Professional Services item 1,1,68870.79,2025-07-23 09:57:52
5001871,500187,1,Marketing Materials,Marketing Materials item 1,4,10672.8,2026-03-19 08:53:48
5001872,500187,2,Marketing Materials,Marketing Materials item 2,34,2590.2,2026-03-19 08:53:48
5001881,500188,1,Software Licenses,Software Licenses item 1,1,8967.34,2025-07-10 08:22:59
5001891,500189,1,Professional Services,Professional Services item 1,1,42414.84,2026-04-10 11:16:27
5001901,500190,1,Software Licenses,Software Licenses item 1,1,38277.3,2026-06-19 15:23:54
5001921,500192,1,IT Hardware,IT Hardware item 1,15,6132.76,2025-08-06 13:18:24
5001931,500193,1,Office Supplies,Office Supplies item 1,9,250.33,2026-08-07 10:06:06
5001932,500193,2,Office Supplies,Office Supplies item 2,31,269.88,2026-08-07 10:06:06
5001933,500193,3,Office Supplies,Office Supplies item 3,5,49.02,2026-08-07 10:06:06
5001941,500194,1,Facilities Maintenance,Facilities Maintenance item 1,1,24251.91,2026-05-20 09:47:04
5001942,500194,2,Facilities Maintenance,Facilities Maintenance item 2,1,30654.21,2026-05-20 09:47:04
5001943,500194,3,Facilities Maintenance,Facilities Maintenance item 3,1,14626.36,2026-05-20 09:47:04
5001951,500195,1,Facilities Maintenance,Facilities Maintenance item 1,1,25768.02,2025-01-20 09:37:56
5001961,500196,1,Facilities Maintenance,Facilities Maintenance item 1,1,15679.62,2025-05-08 15:04:04
5001971,500197,1,Software Licenses,Software Licenses item 1,1,15326.27,2026-09-10 08:07:00
5001972,500197,2,Software Licenses,Software Licenses item 2,1,50013.62,2026-09-10 08:07:00
5001981,500198,1,IT Hardware,IT Hardware item 1,27,5972.82,2026-03-11 08:41:17
5001982,500198,2,IT Hardware,IT Hardware item 2,28,3172.19,2026-03-11 08:41:17
5001983,500198,3,IT Hardware,IT Hardware item 3,31,6540.93,2026-03-11 08:41:17
5001991,500199,1,Marketing Materials,Marketing Materials item 1,33,5362.39,2025-08-26 09:56:24
5002001,500200,1,Office Supplies,Office Supplies item 1,15,352.51,2025-11-03 09:38:43
5002002,500200,2,Office Supplies,Office Supplies item 2,32,206.28,2025-11-03 09:38:43
5002003,500200,3,Office Supplies,Office Supplies item 3,26,247.18,2025-11-03 09:38:43
5002011,500201,1,Office Supplies,Office Supplies item 1,34,99.98,2025-01-27 11:15:12
5002012,500201,2,Office Supplies,Office Supplies item 2,35,95.41,2025-01-27 11:15:12
5002021,500202,1,Office Supplies,Office Supplies item 1,38,321.2,2025-02-19 10:17:30
5002031,500203,1,IT Hardware,IT Hardware item 1,20,6872.19,2026-05-25 10:50:24
5002041,500204,1,IT Hardware,IT Hardware item 1,19,6703.53,2026-07-08 09:59:08
5002051,500205,1,Office Supplies,Office Supplies item 1,14,126.39,2025-04-09 08:32:59
5002061,500206,1,Software Licenses,Software Licenses item 1,1,51611.59,2025-08-01 13:20:48
5002062,500206,2,Software Licenses,Software Licenses item 2,1,46703.2,2025-08-01 13:20:48
5002063,500206,3,Software Licenses,Software Licenses item 3,1,22067.51,2025-08-01 13:20:48
5002071,500207,1,IT Hardware,IT Hardware item 1,4,3376.74,2026-06-09 17:51:58
5002072,500207,2,IT Hardware,IT Hardware item 2,35,3075.32,2026-06-09 17:51:58
5002081,500208,1,Facilities Maintenance,Facilities Maintenance item 1,1,11684.99,2025-11-24 10:49:36
5002082,500208,2,Facilities Maintenance,Facilities Maintenance item 2,1,20360.6,2025-11-24 10:49:36
5002091,500209,1,Professional Services,Professional Services item 1,1,45360.47,2026-02-02 08:01:05
5002092,500209,2,Professional Services,Professional Services item 2,1,62250.07,2026-02-02 08:01:05
5002093,500209,3,Professional Services,Professional Services item 3,1,57302.96,2026-02-02 08:01:05
5002101,500210,1,Professional Services,Professional Services item 1,1,140936.74,2025-07-21 09:27:49
5002111,500211,1,Marketing Materials,Marketing Materials item 1,24,2119.25,2026-06-23 14:52:55
5002112,500211,2,Marketing Materials,Marketing Materials item 2,12,14720.65,2026-06-23 14:52:55
5002113,500211,3,Marketing Materials,Marketing Materials item 3,35,11514.36,2026-06-23 14:52:55
5002121,500212,1,Facilities Maintenance,Facilities Maintenance item 1,1,2361.76,2026-08-17 09:13:42
5002131,500213,1,Marketing Materials,Marketing Materials item 1,25,7396.24,2025-11-12 08:47:38
5002141,500214,1,Marketing Materials,Marketing Materials item 1,23,11393.57,2025-04-22 09:18:38
5002142,500214,2,Marketing Materials,Marketing Materials item 2,27,13556.65,2025-04-22 09:18:38
5002151,500215,1,Marketing Materials,Marketing Materials item 1,16,12052.93,2026-08-31 09:04:33
5002161,500216,1,IT Hardware,IT Hardware item 1,5,4557.58,2026-03-31 10:56:47
5002162,500216,2,IT Hardware,IT Hardware item 2,32,6970.52,2026-03-31 10:56:47
5002171,500217,1,Software Licenses,Software Licenses item 1,1,30071.91,2025-07-01 13:48:57
5002181,500218,1,Facilities Maintenance,Facilities Maintenance item 1,1,30109.75,2026-03-09 15:29:01
5002191,500219,1,Facilities Maintenance,Facilities Maintenance item 1,1,20465.3,2025-09-30 13:44:05
5002192,500219,2,Facilities Maintenance,Facilities Maintenance item 2,1,8296.48,2025-09-30 13:44:05
5002201,500220,1,Software Licenses,Software Licenses item 1,1,20778.39,2025-07-15 13:22:10
5002202,500220,2,Software Licenses,Software Licenses item 2,1,13130.44,2025-07-15 13:22:10
5002211,500221,1,Professional Services,Professional Services item 1,1,148170.09,2025-12-03 09:07:05
5002221,500222,1,Software Licenses,Software Licenses item 1,1,28726.61,2025-06-02 09:02:48
5002231,500223,1,Professional Services,Professional Services item 1,1,97316.56,2025-07-11 09:11:17
5002241,500224,1,IT Hardware,IT Hardware item 1,33,8288.92,2025-09-17 12:34:48
5002242,500224,2,IT Hardware,IT Hardware item 2,34,1797.97,2025-09-17 12:34:48
5002243,500224,3,IT Hardware,IT Hardware item 3,14,1786.94,2025-09-17 12:34:48
5002251,500225,1,IT Hardware,IT Hardware item 1,3,5223.69,2024-10-17 10:22:51
5002252,500225,2,IT Hardware,IT Hardware item 2,39,6724.69,2024-10-17 10:22:51
5002253,500225,3,IT Hardware,IT Hardware item 3,11,2097.02,2024-10-17 10:22:51
5002261,500226,1,Marketing Materials,Marketing Materials item 1,12,707.67,2025-04-14 09:28:59
5002262,500226,2,Marketing Materials,Marketing Materials item 2,3,12613.0,2025-04-14 09:28:59
5002271,500227,1,Office Supplies,Office Supplies item 1,33,89.39,2025-02-24 10:09:24
5002272,500227,2,Office Supplies,Office Supplies item 2,33,94.05,2025-02-24 10:09:24
5002273,500227,3,Office Supplies,Office Supplies item 3,15,314.85,2025-02-24 10:09:24
5002281,500228,1,Marketing Materials,Marketing Materials item 1,5,13263.29,2026-03-26 10:55:36
5002291,500229,1,Software Licenses,Software Licenses item 1,1,36282.9,2026-01-26 10:26:03
5002301,500230,1,Software Licenses,Software Licenses item 1,1,33742.11,2025-07-21 09:12:45
5002302,500230,2,Software Licenses,Software Licenses item 2,1,20669.11,2025-07-21 09:12:45
5002311,500231,1,Facilities Maintenance,Facilities Maintenance item 1,1,4665.15,2025-08-14 09:48:52
5002312,500231,2,Facilities Maintenance,Facilities Maintenance item 2,1,39978.4,2025-08-14 09:48:52
5002321,500232,1,IT Hardware,IT Hardware item 1,35,3370.58,2025-06-13 09:30:31
5002322,500232,2,IT Hardware,IT Hardware item 2,39,2668.16,2025-06-13 09:30:31
5002331,500233,1,Office Supplies,Office Supplies item 1,11,298.37,2026-04-10 08:54:02
5002332,500233,2,Office Supplies,Office Supplies item 2,16,392.32,2026-04-10 08:54:02
5002341,500234,1,Office Supplies,Office Supplies item 1,29,31.53,2025-05-19 08:42:33
5002342,500234,2,Office Supplies,Office Supplies item 2,3,375.41,2025-05-19 08:42:33
5002343,500234,3,Office Supplies,Office Supplies item 3,8,326.74,2025-05-19 08:42:33
5002351,500235,1,IT Hardware,IT Hardware item 1,20,8115.16,2025-10-21 08:38:59
5002352,500235,2,IT Hardware,IT Hardware item 2,37,5250.85,2025-10-21 08:38:59
5002353,500235,3,IT Hardware,IT Hardware item 3,21,6861.91,2025-10-21 08:38:59
5002361,500236,1,Facilities Maintenance,Facilities Maintenance item 1,1,34437.06,2025-04-11 08:27:46
5002371,500237,1,IT Hardware,IT Hardware item 1,27,5047.99,2025-02-07 08:41:08
5002372,500237,2,IT Hardware,IT Hardware item 2,2,5872.41,2025-02-07 08:41:08
5002381,500238,1,Marketing Materials,Marketing Materials item 1,25,7221.0,2025-06-19 15:30:28
5002391,500239,1,Software Licenses,Software Licenses item 1,1,56115.17,2025-12-16 08:23:47
5002401,500240,1,Marketing Materials,Marketing Materials item 1,38,8792.7,2025-11-13 08:32:37
5002402,500240,2,Marketing Materials,Marketing Materials item 2,29,13462.83,2025-11-13 08:32:37
5002403,500240,3,Marketing Materials,Marketing Materials item 3,32,14225.76,2025-11-13 08:32:37
5002411,500241,1,Professional Services,Professional Services item 1,1,137867.84,2024-10-21 10:04:19
5002412,500241,2,Professional Services,Professional Services item 2,1,130607.08,2024-10-21 10:04:19
5002413,500241,3,Professional Services,Professional Services item 3,1,135414.68,2024-10-21 10:04:19
5002421,500242,1,IT Hardware,IT Hardware item 1,21,7001.55,2025-03-17 16:35:45
5002431,500243,1,Professional Services,Professional Services item 1,1,75014.96,2025-07-08 12:07:13
5002432,500243,2,Professional Services,Professional Services item 2,1,31375.88,2025-07-08 12:07:13
5002433,500243,3,Professional Services,Professional Services item 3,1,113300.29,2025-07-08 12:07:13
5002441,500244,1,Professional Services,Professional Services item 1,1,39323.84,2025-05-26 10:37:05
5002451,500245,1,Professional Services,Professional Services item 1,1,85083.42,2026-01-19 08:41:14
5002452,500245,2,Professional Services,Professional Services item 2,1,125379.1,2026-01-19 08:41:14
5002461,500246,1,IT Hardware,IT Hardware item 1,37,1122.93,2025-10-03 16:30:13
5002471,500247,1,Software Licenses,Software Licenses item 1,1,15311.35,2025-09-19 09:12:35
5002481,500248,1,Office Supplies,Office Supplies item 1,31,233.12,2025-01-08 08:19:59
5002482,500248,2,Office Supplies,Office Supplies item 2,19,322.1,2025-01-08 08:19:59
5002483,500248,3,Office Supplies,Office Supplies item 3,16,49.52,2025-01-08 08:19:59
5002491,500249,1,Marketing Materials,Marketing Materials item 1,18,10793.58,2025-04-18 09:34:43
5002492,500249,2,Marketing Materials,Marketing Materials item 2,31,3439.13,2025-04-18 09:34:43
5002493,500249,3,Marketing Materials,Marketing Materials item 3,18,853.99,2025-04-18 09:34:43
5002501,500250,1,Marketing Materials,Marketing Materials item 1,26,8085.25,2025-06-11 08:44:48
5002502,500250,2,Marketing Materials,Marketing Materials item 2,26,3676.54,2025-06-11 08:44:48
5002511,500251,1,Marketing Materials,Marketing Materials item 1,31,997.96,2025-05-15 09:41:26
5002521,500252,1,Professional Services,Professional Services item 1,1,29488.74,2026-03-19 09:04:16
5002531,500253,1,IT Hardware,IT Hardware item 1,18,5601.7,2026-05-06 08:30:14
5002532,500253,2,IT Hardware,IT Hardware item 2,1,3287.42,2026-05-06 08:30:14
5002541,500254,1,Software Licenses,Software Licenses item 1,1,24809.51,2025-09-02 11:00:34
5002551,500255,1,Marketing Materials,Marketing Materials item 1,36,5156.57,2025-02-06 09:07:26
5002552,500255,2,Marketing Materials,Marketing Materials item 2,30,8935.36,2025-02-06 09:07:26
5002561,500256,1,Facilities Maintenance,Facilities Maintenance item 1,1,22817.84,2025-05-20 08:57:45
5002571,500257,1,Professional Services,Professional Services item 1,1,127350.65,2025-06-26 15:12:36
5002572,500257,2,Professional Services,Professional Services item 2,1,94917.55,2025-06-26 15:12:36
5002581,500258,1,Software Licenses,Software Licenses item 1,1,11664.47,2024-11-20 09:52:37
5002591,500259,1,Marketing Materials,Marketing Materials item 1,39,11440.45,2024-12-02 15:53:31
5002601,500260,1,Professional Services,Professional Services item 1,1,114891.54,2025-05-09 14:53:42
5002602,500260,2,Professional Services,Professional Services item 2,1,100869.98,2025-05-09 14:53:42
5002611,500261,1,Software Licenses,Software Licenses item 1,1,3431.64,2025-03-10 08:42:28
5002621,500262,1,Facilities Maintenance,Facilities Maintenance item 1,1,9935.14,2025-01-30 13:03:53
5002622,500262,2,Facilities Maintenance,Facilities Maintenance item 2,1,36732.66,2025-01-30 13:03:53
5002631,500263,1,Software Licenses,Software Licenses item 1,1,55847.77,2024-11-20 13:29:52
5002641,500264,1,IT Hardware,IT Hardware item 1,24,6365.67,2026-07-23 09:52:05
5002651,500265,1,Professional Services,Professional Services item 1,1,15151.67,2026-06-22 08:01:48
5002652,500265,2,Professional Services,Professional Services item 2,1,18224.73,2026-06-22 08:01:48
5002661,500266,1,Software Licenses,Software Licenses item 1,1,57509.63,2026-03-05 10:47:53
5002662,500266,2,Software Licenses,Software Licenses item 2,1,54623.8,2026-03-05 10:47:53
5002671,500267,1,Software Licenses,Software Licenses item 1,1,4770.3,2024-11-28 16:29:59
5002681,500268,1,Facilities Maintenance,Facilities Maintenance item 1,1,26102.37,2025-01-21 17:03:57
5002682,500268,2,Facilities Maintenance,Facilities Maintenance item 2,1,4434.69,2025-01-21 17:03:57
5002691,500269,1,Marketing Materials,Marketing Materials item 1,15,12600.41,2026-01-12 10:00:21
5002692,500269,2,Marketing Materials,Marketing Materials item 2,32,8583.14,2026-01-12 10:00:21
5002693,500269,3,Marketing Materials,Marketing Materials item 3,30,6115.5,2026-01-12 10:00:21
5002701,500270,1,Marketing Materials,Marketing Materials item 1,4,2484.93,2024-12-11 12:23:35
5002711,500271,1,Marketing Materials,Marketing Materials item 1,8,6380.4,2025-02-24 09:06:37
5002731,500273,1,Professional Services,Professional Services item 1,1,40879.19,2026-07-15 08:57:37
5002741,500274,1,Office Supplies,Office Supplies item 1,25,199.3,2025-02-26 09:31:49
5002751,500275,1,Office Supplies,Office Supplies item 1,16,36.78,2026-02-02 08:05:08
5002752,500275,2,Office Supplies,Office Supplies item 2,18,225.61,2026-02-02 08:05:08
5002761,500276,1,Software Licenses,Software Licenses item 1,1,15296.91,2026-05-08 09:17:05
5002771,500277,1,Office Supplies,Office Supplies item 1,16,365.04,2025-10-29 10:09:16
5002772,500277,2,Office Supplies,Office Supplies item 2,33,346.16,2025-10-29 10:09:16
5002781,500278,1,IT Hardware,IT Hardware item 1,19,2938.59,2025-01-20 09:01:26
5002782,500278,2,IT Hardware,IT Hardware item 2,6,5275.36,2025-01-20 09:01:26
5002791,500279,1,IT Hardware,IT Hardware item 1,34,2315.08,2026-05-07 10:04:15
5002792,500279,2,IT Hardware,IT Hardware item 2,5,1297.84,2026-05-07 10:04:15
5002801,500280,1,Office Supplies,Office Supplies item 1,2,274.09,2025-09-05 08:54:38
5002811,500281,1,Facilities Maintenance,Facilities Maintenance item 1,1,17155.91,2024-10-31 13:12:29
5002821,500282,1,Software Licenses,Software Licenses item 1,1,37014.1,2026-05-11 10:38:56
5002831,500283,1,IT Hardware,IT Hardware item 1,24,4002.84,2026-02-03 12:21:04
5002832,500283,2,IT Hardware,IT Hardware item 2,39,1524.71,2026-02-03 12:21:04
5002833,500283,3,IT Hardware,IT Hardware item 3,2,3967.53,2026-02-03 12:21:04
5002841,500284,1,Facilities Maintenance,Facilities Maintenance item 1,1,37496.02,2025-08-28 09:05:05
5002842,500284,2,Facilities Maintenance,Facilities Maintenance item 2,1,29014.13,2025-08-28 09:05:05
5002851,500285,1,Professional Services,Professional Services item 1,1,14272.85,2025-05-19 09:12:48
5002852,500285,2,Professional Services,Professional Services item 2,1,71878.51,2025-05-19 09:12:48
5002853,500285,3,Professional Services,Professional Services item 3,1,114898.72,2025-05-19 09:12:48
5002861,500286,1,Office Supplies,Office Supplies item 1,3,344.76,2025-03-12 10:52:50
5002862,500286,2,Office Supplies,Office Supplies item 2,11,201.8,2025-03-12 10:52:50
5002871,500287,1,Professional Services,Professional Services item 1,1,89158.99,2026-05-12 09:06:08
5002872,500287,2,Professional Services,Professional Services item 2,1,140547.92,2026-05-12 09:06:08
5002873,500287,3,Professional Services,Professional Services item 3,1,19351.18,2026-05-12 09:06:08
5002881,500288,1,Facilities Maintenance,Facilities Maintenance item 1,1,10605.54,2024-12-16 10:12:16
5002882,500288,2,Facilities Maintenance,Facilities Maintenance item 2,1,9388.28,2024-12-16 10:12:16
5002883,500288,3,Facilities Maintenance,Facilities Maintenance item 3,1,11129.85,2024-12-16 10:12:16
5002901,500290,1,Office Supplies,Office Supplies item 1,26,388.19,2026-03-30 15:51:33
5002911,500291,1,Professional Services,Professional Services item 1,1,20918.86,2025-12-19 10:02:35
5002921,500292,1,Software Licenses,Software Licenses item 1,1,36428.51,2025-02-24 08:34:37
5002931,500293,1,IT Hardware,IT Hardware item 1,32,7138.63,2025-04-28 11:37:32
5002941,500294,1,Office Supplies,Office Supplies item 1,4,249.93,2026-05-27 17:25:04
5002951,500295,1,Software Licenses,Software Licenses item 1,1,15315.26,2026-01-09 08:18:27
5002961,500296,1,Software Licenses,Software Licenses item 1,1,37181.6,2026-06-24 15:19:14
5002971,500297,1,IT Hardware,IT Hardware item 1,13,4431.77,2026-01-13 10:58:06
5002972,500297,2,IT Hardware,IT Hardware item 2,14,8391.52,2026-01-13 10:58:06
5002981,500298,1,Software Licenses,Software Licenses item 1,1,56630.1,2025-11-18 12:29:18
5002991,500299,1,Facilities Maintenance,Facilities Maintenance item 1,1,22097.1,2026-08-12 10:20:00
5003001,500300,1,Professional Services,Professional Services item 1,1,112445.76,2025-01-23 08:07:55
5003002,500300,2,Professional Services,Professional Services item 2,1,26178.34,2025-01-23 08:07:55
5003011,500301,1,Office Supplies,Office Supplies item 1,19,86.93,2024-12-16 08:09:27
5003021,500302,1,Facilities Maintenance,Facilities Maintenance item 1,1,13317.39,2026-07-27 08:38:54
5003031,500303,1,Facilities Maintenance,Facilities Maintenance item 1,1,18548.27,2026-01-30 08:14:40
5003051,500305,1,IT Hardware,IT Hardware item 1,1,3536.85,2026-09-21 08:02:41
5003061,500306,1,IT Hardware,IT Hardware item 1,32,6265.6,2025-01-08 08:52:15
5003071,500307,1,Office Supplies,Office Supplies item 1,25,383.07,2025-01-20 08:06:57
5003081,500308,1,Office Supplies,Office Supplies item 1,38,190.46,2024-12-04 09:33:31
5003082,500308,2,Office Supplies,Office Supplies item 2,10,361.03,2024-12-04 09:33:31
5003091,500309,1,Marketing Materials,Marketing Materials item 1,38,5642.3,2026-03-09 09:46:31
5003101,500310,1,Software Licenses,Software Licenses item 1,1,22623.14,2025-07-30 10:28:58
5003102,500310,2,Software Licenses,Software Licenses item 2,1,46082.85,2025-07-30 10:28:58
5003103,500310,3,Software Licenses,Software Licenses item 3,1,49880.15,2025-07-30 10:28:58
5003111,500311,1,Marketing Materials,Marketing Materials item 1,37,6537.67,2026-06-02 13:06:13
5003121,500312,1,Facilities Maintenance,Facilities Maintenance item 1,1,13571.89,2026-01-21 10:51:03
5003131,500313,1,Facilities Maintenance,Facilities Maintenance item 1,1,31934.36,2025-05-15 09:51:07
5003141,500314,1,Marketing Materials,Marketing Materials item 1,9,11575.23,2025-12-24 08:00:20
5003151,500315,1,Software Licenses,Software Licenses item 1,1,26944.86,2026-02-16 10:20:26
5003161,500316,1,Marketing Materials,Marketing Materials item 1,11,7594.64,2026-05-25 09:45:57
5003162,500316,2,Marketing Materials,Marketing Materials item 2,2,3278.61,2026-05-25 09:45:57
5003171,500317,1,Software Licenses,Software Licenses item 1,1,41929.17,2025-09-01 16:13:18
5003172,500317,2,Software Licenses,Software Licenses item 2,1,29556.46,2025-09-01 16:13:18
5003173,500317,3,Software Licenses,Software Licenses item 3,1,37933.38,2025-09-01 16:13:18
5003181,500318,1,Facilities Maintenance,Facilities Maintenance item 1,1,36325.5,2026-05-25 10:35:21
5003191,500319,1,Software Licenses,Software Licenses item 1,1,20520.83,2025-03-28 08:22:12
5003201,500320,1,Software Licenses,Software Licenses item 1,1,27927.21,2025-05-22 14:50:03
5003211,500321,1,Professional Services,Professional Services item 1,1,21012.3,2026-06-05 10:39:17
5003231,500323,1,Marketing Materials,Marketing Materials item 1,4,1418.86,2025-07-17 10:56:24
5003241,500324,1,IT Hardware,IT Hardware item 1,28,1463.14,2026-06-29 13:01:46
5003251,500325,1,IT Hardware,IT Hardware item 1,10,3684.72,2025-11-13 15:52:34
5003261,500326,1,Facilities Maintenance,Facilities Maintenance item 1,1,15068.91,2025-07-17 08:29:59
5003262,500326,2,Facilities Maintenance,Facilities Maintenance item 2,1,15522.55,2025-07-17 08:29:59
5003271,500327,1,Office Supplies,Office Supplies item 1,21,330.68,2026-09-21 09:51:18
5003272,500327,2,Office Supplies,Office Supplies item 2,18,285.48,2026-09-21 09:51:18
5003273,500327,3,Office Supplies,Office Supplies item 3,6,279.38,2026-09-21 09:51:18
5003281,500328,1,IT Hardware,IT Hardware item 1,19,1328.16,2025-12-25 09:30:49
5003282,500328,2,IT Hardware,IT Hardware item 2,35,3259.11,2025-12-25 09:30:49
5003291,500329,1,Software Licenses,Software Licenses item 1,1,51648.67,2024-11-25 14:52:16
5003301,500330,1,IT Hardware,IT Hardware item 1,16,4236.46,2025-06-11 08:46:35
5003302,500330,2,IT Hardware,IT Hardware item 2,12,7338.18,2025-06-11 08:46:35
5003303,500330,3,IT Hardware,IT Hardware item 3,10,4552.1,2025-06-11 08:46:35
5003311,500331,1,IT Hardware,IT Hardware item 1,31,5186.82,2025-07-01 09:10:21
5003312,500331,2,IT Hardware,IT Hardware item 2,39,7836.26,2025-07-01 09:10:21
5003313,500331,3,IT Hardware,IT Hardware item 3,5,5289.41,2025-07-01 09:10:21
5003321,500332,1,Marketing Materials,Marketing Materials item 1,39,3846.73,2026-05-19 08:41:02
5003331,500333,1,Professional Services,Professional Services item 1,1,108059.67,2026-08-03 08:36:15
5003341,500334,1,Office Supplies,Office Supplies item 1,39,381.14,2025-01-16 10:58:00
5003342,500334,2,Office Supplies,Office Supplies item 2,40,57.27,2025-01-16 10:58:00
5003343,500334,3,Office Supplies,Office Supplies item 3,40,373.52,2025-01-16 10:58:00
5003351,500335,1,Professional Services,Professional Services item 1,1,63523.09,2025-08-11 14:04:46
5003352,500335,2,Professional Services,Professional Services item 2,1,122965.06,2025-08-11 14:04:46
5003361,500336,1,Professional Services,Professional Services item 1,1,137044.45,2026-07-13 09:52:20
5003371,500337,1,Marketing Materials,Marketing Materials item 1,29,14020.22,2025-10-10 09:29:01
5003372,500337,2,Marketing Materials,Marketing Materials item 2,5,856.51,2025-10-10 09:29:01
5003373,500337,3,Marketing Materials,Marketing Materials item 3,24,5219.51,2025-10-10 09:29:01
5003381,500338,1,Facilities Maintenance,Facilities Maintenance item 1,1,28110.81,2025-03-13 08:48:45
5003382,500338,2,Facilities Maintenance,Facilities Maintenance item 2,1,33389.76,2025-03-13 08:48:45
5003383,500338,3,Facilities Maintenance,Facilities Maintenance item 3,1,31595.92,2025-03-13 08:48:45
5003391,500339,1,Office Supplies,Office Supplies item 1,39,130.97,2026-09-11 15:44:21
5003392,500339,2,Office Supplies,Office Supplies item 2,10,151.52,2026-09-11 15:44:21
5003401,500340,1,Marketing Materials,Marketing Materials item 1,25,9090.16,2025-08-20 08:19:43
5003402,500340,2,Marketing Materials,Marketing Materials item 2,14,9068.55,2025-08-20 08:19:43
5003411,500341,1,Office Supplies,Office Supplies item 1,12,108.61,2025-01-01 14:04:45
5003412,500341,2,Office Supplies,Office Supplies item 2,10,37.36,2025-01-01 14:04:45
5003421,500342,1,IT Hardware,IT Hardware item 1,23,3380.82,2025-03-17 08:03:39
5003431,500343,1,Software Licenses,Software Licenses item 1,1,47562.75,2025-05-15 10:30:19
5003432,500343,2,Software Licenses,Software Licenses item 2,1,47919.01,2025-05-15 10:30:19
5003441,500344,1,Software Licenses,Software Licenses item 1,1,2589.32,2025-05-12 10:45:47
5003461,500346,1,IT Hardware,IT Hardware item 1,21,6628.2,2025-04-23 17:46:41
5003462,500346,2,IT Hardware,IT Hardware item 2,10,5466.46,2025-04-23 17:46:41
5003471,500347,1,Facilities Maintenance,Facilities Maintenance item 1,1,4107.25,2026-02-12 09:13:39
5003481,500348,1,Marketing Materials,Marketing Materials item 1,35,4792.07,2024-12-04 09:46:18
5003491,500349,1,Marketing Materials,Marketing Materials item 1,35,4585.34,2025-04-03 11:22:58
5003511,500351,1,Software Licenses,Software Licenses item 1,1,2087.45,2025-02-24 15:37:46
5003512,500351,2,Software Licenses,Software Licenses item 2,1,33295.55,2025-02-24 15:37:46
5003521,500352,1,Marketing Materials,Marketing Materials item 1,19,2196.87,2025-05-20 09:48:00
5003531,500353,1,IT Hardware,IT Hardware item 1,10,1573.76,2026-05-20 14:49:00
5003541,500354,1,Software Licenses,Software Licenses item 1,1,12456.97,2025-12-15 10:49:14
5003551,500355,1,Software Licenses,Software Licenses item 1,1,33890.33,2026-02-27 08:15:14
5003552,500355,2,Software Licenses,Software Licenses item 2,1,2110.84,2026-02-27 08:15:14
5003553,500355,3,Software Licenses,Software Licenses item 3,1,22606.13,2026-02-27 08:15:14
5003561,500356,1,IT Hardware,IT Hardware item 1,24,7569.28,2026-07-09 09:37:08
5003562,500356,2,IT Hardware,IT Hardware item 2,11,851.45,2026-07-09 09:37:08
5003571,500357,1,Facilities Maintenance,Facilities Maintenance item 1,1,24901.45,2025-12-29 10:39:11
5003572,500357,2,Facilities Maintenance,Facilities Maintenance item 2,1,18634.49,2025-12-29 10:39:11
5003601,500360,1,Facilities Maintenance,Facilities Maintenance item 1,1,38777.28,2025-06-19 08:26:46
5003611,500361,1,Marketing Materials,Marketing Materials item 1,2,4249.99,2025-05-13 09:51:41
5003621,500362,1,Facilities Maintenance,Facilities Maintenance item 1,1,8466.37,2026-01-23 16:34:25
5003631,500363,1,Professional Services,Professional Services item 1,1,41114.38,2025-03-10 09:34:32
5003632,500363,2,Professional Services,Professional Services item 2,1,27473.65,2025-03-10 09:34:32
5003651,500365,1,Marketing Materials,Marketing Materials item 1,6,8334.39,2025-07-25 09:52:20
5003661,500366,1,Office Supplies,Office Supplies item 1,17,371.67,2026-05-06 08:36:33
5003671,500367,1,Software Licenses,Software Licenses item 1,1,3158.56,2025-01-03 08:56:42
5003672,500367,2,Software Licenses,Software Licenses item 2,1,45175.97,2025-01-03 08:56:42
5003681,500368,1,Software Licenses,Software Licenses item 1,1,12784.37,2025-06-11 11:08:39
5003691,500369,1,Office Supplies,Office Supplies item 1,14,372.09,2026-05-04 09:07:55
5003692,500369,2,Office Supplies,Office Supplies item 2,37,176.47,2026-05-04 09:07:55
5003701,500370,1,Professional Services,Professional Services item 1,1,72046.25,2026-08-24 11:00:44
5003702,500370,2,Professional Services,Professional Services item 2,1,114637.81,2026-08-24 11:00:44
5003711,500371,1,Professional Services,Professional Services item 1,1,143665.21,2026-07-27 11:55:03
5003731,500373,1,Office Supplies,Office Supplies item 1,31,356.15,2025-03-06 17:19:27
5003732,500373,2,Office Supplies,Office Supplies item 2,25,208.33,2025-03-06 17:19:27
5003741,500374,1,Facilities Maintenance,Facilities Maintenance item 1,1,19766.72,2025-12-22 10:29:20
5003742,500374,2,Facilities Maintenance,Facilities Maintenance item 2,1,8441.34,2025-12-22 10:29:20
5003751,500375,1,IT Hardware,IT Hardware item 1,37,1871.16,2025-08-18 10:08:37
5003761,500376,1,IT Hardware,IT Hardware item 1,36,5055.78,2025-04-01 08:01:21
5003771,500377,1,Office Supplies,Office Supplies item 1,16,185.13,2025-03-25 10:23:10
5003772,500377,2,Office Supplies,Office Supplies item 2,7,294.74,2025-03-25 10:23:10
5003781,500378,1,Facilities Maintenance,Facilities Maintenance item 1,1,9332.95,2026-04-06 12:56:22
5003791,500379,1,Software Licenses,Software Licenses item 1,1,8216.61,2025-07-30 16:19:33
5003792,500379,2,Software Licenses,Software Licenses item 2,1,8739.33,2025-07-30 16:19:33
5003801,500380,1,Professional Services,Professional Services item 1,1,129298.23,2024-10-23 14:15:28
5003802,500380,2,Professional Services,Professional Services item 2,1,51978.41,2024-10-23 14:15:28
5003803,500380,3,Professional Services,Professional Services item 3,1,125530.44,2024-10-23 14:15:28
5003811,500381,1,Software Licenses,Software Licenses item 1,1,17768.76,2025-03-04 08:01:00
5003821,500382,1,Professional Services,Professional Services item 1,1,12560.12,2026-09-30 10:39:55
5003822,500382,2,Professional Services,Professional Services item 2,1,128543.91,2026-09-30 10:39:55
5003823,500382,3,Professional Services,Professional Services item 3,1,124318.21,2026-09-30 10:39:55
5003841,500384,1,Marketing Materials,Marketing Materials item 1,40,7314.73,2026-05-25 10:55:38
5003851,500385,1,IT Hardware,IT Hardware item 1,1,2584.2,2025-06-20 13:44:32
5003861,500386,1,Professional Services,Professional Services item 1,1,44549.47,2025-06-03 10:02:15
5003871,500387,1,Professional Services,Professional Services item 1,1,78134.64,2025-05-19 08:28:03
5003881,500388,1,Office Supplies,Office Supplies item 1,38,278.18,2026-04-13 08:20:38
5003882,500388,2,Office Supplies,Office Supplies item 2,12,41.86,2026-04-13 08:20:38
5003883,500388,3,Office Supplies,Office Supplies item 3,22,316.47,2026-04-13 08:20:38
5003891,500389,1,Office Supplies,Office Supplies item 1,18,338.12,2025-08-07 08:13:34
5003901,500390,1,Professional Services,Professional Services item 1,1,118994.53,2026-07-02 08:47:15
5003911,500391,1,Professional Services,Professional Services item 1,1,56357.88,2025-02-05 08:26:26
5003921,500392,1,Software Licenses,Software Licenses item 1,1,48180.45,2026-02-04 08:22:46
5003931,500393,1,Facilities Maintenance,Facilities Maintenance item 1,1,36396.96,2025-07-04 08:46:38
5003941,500394,1,Software Licenses,Software Licenses item 1,1,39111.14,2025-05-08 08:23:45
5003951,500395,1,Software Licenses,Software Licenses item 1,1,59198.29,2024-12-11 08:49:48
5003952,500395,2,Software Licenses,Software Licenses item 2,1,26939.91,2024-12-11 08:49:48
5003961,500396,1,Marketing Materials,Marketing Materials item 1,20,6984.72,2025-11-10 12:16:17
5003971,500397,1,Software Licenses,Software Licenses item 1,1,42300.01,2025-10-24 08:43:44
5003972,500397,2,Software Licenses,Software Licenses item 2,1,26352.58,2025-10-24 08:43:44
5003973,500397,3,Software Licenses,Software Licenses item 3,1,3233.53,2025-10-24 08:43:44
5003981,500398,1,Marketing Materials,Marketing Materials item 1,11,4661.95,2025-03-11 12:02:16
5003991,500399,1,IT Hardware,IT Hardware item 1,31,5175.77,2024-11-11 10:54:33
5003992,500399,2,IT Hardware,IT Hardware item 2,17,6310.09,2024-11-11 10:54:33
5004001,500400,1,Software Licenses,Software Licenses item 1,1,26638.74,2025-10-03 09:49:22
5004011,500401,1,IT Hardware,IT Hardware item 1,9,7593.17,2026-01-14 08:30:44
5004012,500401,2,IT Hardware,IT Hardware item 2,30,1281.2,2026-01-14 08:30:44
5004021,500402,1,Marketing Materials,Marketing Materials item 1,20,10462.77,2026-04-10 09:50:05
5004022,500402,2,Marketing Materials,Marketing Materials item 2,39,10538.77,2026-04-10 09:50:05
5004023,500402,3,Marketing Materials,Marketing Materials item 3,8,4593.02,2026-04-10 09:50:05
5004041,500404,1,Marketing Materials,Marketing Materials item 1,34,5230.61,2025-10-08 11:44:36
5004042,500404,2,Marketing Materials,Marketing Materials item 2,2,10077.44,2025-10-08 11:44:36
5004043,500404,3,Marketing Materials,Marketing Materials item 3,2,7135.83,2025-10-08 11:44:36
5004051,500405,1,Facilities Maintenance,Facilities Maintenance item 1,1,15896.5,2024-10-16 10:48:29
5004052,500405,2,Facilities Maintenance,Facilities Maintenance item 2,1,17201.14,2024-10-16 10:48:29
5004061,500406,1,IT Hardware,IT Hardware item 1,20,5448.97,2025-09-16 14:07:27
5004071,500407,1,Software Licenses,Software Licenses item 1,1,36981.11,2026-03-24 08:50:23
5004081,500408,1,Professional Services,Professional Services item 1,1,122055.95,2025-04-24 08:15:13
5004082,500408,2,Professional Services,Professional Services item 2,1,97133.94,2025-04-24 08:15:13
5004091,500409,1,Professional Services,Professional Services item 1,1,15644.07,2025-05-05 09:31:38
5004101,500410,1,Professional Services,Professional Services item 1,1,115987.78,2024-11-29 10:10:15
5004111,500411,1,IT Hardware,IT Hardware item 1,38,2815.81,2026-06-03 10:34:08
5004121,500412,1,Office Supplies,Office Supplies item 1,21,79.83,2026-02-16 11:08:24
5004131,500413,1,IT Hardware,IT Hardware item 1,3,3221.2,2026-02-02 17:25:41
5004132,500413,2,IT Hardware,IT Hardware item 2,30,7349.51,2026-02-02 17:25:41
5004141,500414,1,IT Hardware,IT Hardware item 1,8,889.78,2025-12-05 10:38:28
5004142,500414,2,IT Hardware,IT Hardware item 2,14,5610.46,2025-12-05 10:38:28
5004151,500415,1,Office Supplies,Office Supplies item 1,23,221.17,2025-04-23 12:13:24
5004161,500416,1,Marketing Materials,Marketing Materials item 1,24,3600.02,2025-05-22 16:47:23
5004162,500416,2,Marketing Materials,Marketing Materials item 2,21,10568.75,2025-05-22 16:47:23
5004163,500416,3,Marketing Materials,Marketing Materials item 3,30,8961.11,2025-05-22 16:47:23
5004171,500417,1,Professional Services,Professional Services item 1,1,109275.21,2025-10-30 08:19:51
5004172,500417,2,Professional Services,Professional Services item 2,1,41336.81,2025-10-30 08:19:51
5004181,500418,1,IT Hardware,IT Hardware item 1,33,6538.72,2026-03-13 11:48:20
5004182,500418,2,IT Hardware,IT Hardware item 2,3,8630.52,2026-03-13 11:48:20
5004183,500418,3,IT Hardware,IT Hardware item 3,26,8414.35,2026-03-13 11:48:20
5004191,500419,1,Office Supplies,Office Supplies item 1,37,338.68,2025-12-05 09:18:43
5004192,500419,2,Office Supplies,Office Supplies item 2,18,340.0,2025-12-05 09:18:43
5004201,500420,1,Marketing Materials,Marketing Materials item 1,30,11324.59,2026-02-16 08:46:19
5004211,500421,1,Marketing Materials,Marketing Materials item 1,27,14290.71,2026-08-04 15:51:01
5004212,500421,2,Marketing Materials,Marketing Materials item 2,22,7739.3,2026-08-04 15:51:01
5004221,500422,1,Software Licenses,Software Licenses item 1,1,25850.31,2026-04-29 09:42:18
5004222,500422,2,Software Licenses,Software Licenses item 2,1,12054.79,2026-04-29 09:42:18
5004231,500423,1,Office Supplies,Office Supplies item 1,22,242.1,2026-01-19 09:33:27
5004232,500423,2,Office Supplies,Office Supplies item 2,36,37.16,2026-01-19 09:33:27
5004241,500424,1,IT Hardware,IT Hardware item 1,25,6674.74,2025-08-01 10:59:07
5004242,500424,2,IT Hardware,IT Hardware item 2,18,2159.12,2025-08-01 10:59:07
5004251,500425,1,Marketing Materials,Marketing Materials item 1,29,1306.62,2025-09-09 16:17:55
5004252,500425,2,Marketing Materials,Marketing Materials item 2,36,4568.24,2025-09-09 16:17:55
5004261,500426,1,Marketing Materials,Marketing Materials item 1,35,1946.64,2025-11-11 13:48:21
5004262,500426,2,Marketing Materials,Marketing Materials item 2,37,9882.09,2025-11-11 13:48:21
5004271,500427,1,Software Licenses,Software Licenses item 1,1,37836.3,2026-03-17 08:45:48
5004272,500427,2,Software Licenses,Software Licenses item 2,1,41179.11,2026-03-17 08:45:48
5004281,500428,1,Software Licenses,Software Licenses item 1,1,26781.83,2024-10-17 10:13:07
5004282,500428,2,Software Licenses,Software Licenses item 2,1,19293.46,2024-10-17 10:13:07
5004291,500429,1,Facilities Maintenance,Facilities Maintenance item 1,1,34092.52,2025-07-11 14:24:33
5004292,500429,2,Facilities Maintenance,Facilities Maintenance item 2,1,28797.23,2025-07-11 14:24:33
5004301,500430,1,Professional Services,Professional Services item 1,1,27236.0,2026-03-23 15:22:49
5004311,500431,1,Office Supplies,Office Supplies item 1,25,359.58,2026-04-03 10:25:58
5004312,500431,2,Office Supplies,Office Supplies item 2,22,155.29,2026-04-03 10:25:58
5004321,500432,1,Office Supplies,Office Supplies item 1,4,57.96,2025-03-25 17:09:08
5004322,500432,2,Office Supplies,Office Supplies item 2,35,202.56,2025-03-25 17:09:08
5004331,500433,1,IT Hardware,IT Hardware item 1,3,1645.39,2024-11-27 08:42:12
5004341,500434,1,Software Licenses,Software Licenses item 1,1,26942.81,2025-02-06 09:40:37
5004342,500434,2,Software Licenses,Software Licenses item 2,1,13212.95,2025-02-06 09:40:37
5004351,500435,1,Facilities Maintenance,Facilities Maintenance item 1,1,13734.56,2025-03-20 09:05:53
5004361,500436,1,IT Hardware,IT Hardware item 1,15,6325.25,2025-09-25 08:06:20
5004371,500437,1,Office Supplies,Office Supplies item 1,38,347.02,2025-12-01 08:21:26
5004381,500438,1,Office Supplies,Office Supplies item 1,4,382.91,2026-06-17 12:20:42
5004391,500439,1,Office Supplies,Office Supplies item 1,35,165.22,2024-12-03 17:15:36
5004401,500440,1,IT Hardware,IT Hardware item 1,11,2845.93,2024-11-25 17:10:02
5004402,500440,2,IT Hardware,IT Hardware item 2,10,1775.56,2024-11-25 17:10:02
5004403,500440,3,IT Hardware,IT Hardware item 3,19,7991.22,2024-11-25 17:10:02
5004411,500441,1,Professional Services,Professional Services item 1,1,28657.66,2026-01-20 08:18:51
5004421,500442,1,Professional Services,Professional Services item 1,1,80210.31,2024-12-25 10:37:44
5004431,500443,1,Facilities Maintenance,Facilities Maintenance item 1,1,3075.99,2025-10-20 08:59:45
5004432,500443,2,Facilities Maintenance,Facilities Maintenance item 2,1,30728.08,2025-10-20 08:59:45
5004441,500444,1,Facilities Maintenance,Facilities Maintenance item 1,1,23030.95,2026-09-21 09:58:21
5004442,500444,2,Facilities Maintenance,Facilities Maintenance item 2,1,28849.19,2026-09-21 09:58:21
5004443,500444,3,Facilities Maintenance,Facilities Maintenance item 3,1,2460.09,2026-09-21 09:58:21
5004451,500445,1,Office Supplies,Office Supplies item 1,26,132.39,2026-05-27 08:19:26
5004452,500445,2,Office Supplies,Office Supplies item 2,20,194.74,2026-05-27 08:19:26
5004461,500446,1,Office Supplies,Office Supplies item 1,18,27.7,2026-05-19 08:38:05
5004471,500447,1,Software Licenses,Software Licenses item 1,1,7522.74,2025-11-26 08:53:58
5004481,500448,1,Office Supplies,Office Supplies item 1,10,106.22,2026-08-31 17:15:56
5004482,500448,2,Office Supplies,Office Supplies item 2,19,321.69,2026-08-31 17:15:56
5004483,500448,3,Office Supplies,Office Supplies item 3,23,296.24,2026-08-31 17:15:56
5004491,500449,1,IT Hardware,IT Hardware item 1,31,5987.41,2025-01-20 08:38:27
5004492,500449,2,IT Hardware,IT Hardware item 2,14,3549.46,2025-01-20 08:38:27
5004501,500450,1,Software Licenses,Software Licenses item 1,1,7466.36,2026-04-16 13:48:02
5004511,500451,1,Facilities Maintenance,Facilities Maintenance item 1,1,12799.95,2025-08-06 08:09:55
5004521,500452,1,Facilities Maintenance,Facilities Maintenance item 1,1,39382.69,2026-02-09 10:43:46
5004531,500453,1,Facilities Maintenance,Facilities Maintenance item 1,1,39724.77,2025-03-06 16:07:12
5004541,500454,1,IT Hardware,IT Hardware item 1,5,1302.26,2024-11-18 14:47:52
5004561,500456,1,Facilities Maintenance,Facilities Maintenance item 1,1,28665.19,2025-10-28 08:06:34
5004571,500457,1,IT Hardware,IT Hardware item 1,13,8519.29,2024-10-09 13:23:28
5004581,500458,1,Marketing Materials,Marketing Materials item 1,29,14789.11,2026-02-04 09:54:13
5004582,500458,2,Marketing Materials,Marketing Materials item 2,7,11482.17,2026-02-04 09:54:13
5004583,500458,3,Marketing Materials,Marketing Materials item 3,28,14052.8,2026-02-04 09:54:13
5004591,500459,1,Office Supplies,Office Supplies item 1,25,112.14,2026-02-05 09:00:05
5004592,500459,2,Office Supplies,Office Supplies item 2,33,371.17,2026-02-05 09:00:05
5004593,500459,3,Office Supplies,Office Supplies item 3,25,344.16,2026-02-05 09:00:05
5004601,500460,1,Office Supplies,Office Supplies item 1,40,279.52,2024-11-11 14:57:24
5004602,500460,2,Office Supplies,Office Supplies item 2,40,301.05,2024-11-11 14:57:24
5004611,500461,1,IT Hardware,IT Hardware item 1,28,4727.28,2026-07-07 17:19:14
5004612,500461,2,IT Hardware,IT Hardware item 2,7,4974.51,2026-07-07 17:19:14
5004613,500461,3,IT Hardware,IT Hardware item 3,31,4064.65,2026-07-07 17:19:14
5004621,500462,1,Office Supplies,Office Supplies item 1,35,29.36,2025-08-14 10:23:01
5004622,500462,2,Office Supplies,Office Supplies item 2,2,371.23,2025-08-14 10:23:01
5004623,500462,3,Office Supplies,Office Supplies item 3,19,67.42,2025-08-14 10:23:01
5004631,500463,1,Professional Services,Professional Services item 1,1,11909.61,2024-10-21 08:44:53
5004632,500463,2,Professional Services,Professional Services item 2,1,143311.58,2024-10-21 08:44:53
5004633,500463,3,Professional Services,Professional Services item 3,1,99451.41,2024-10-21 08:44:53
5004641,500464,1,Software Licenses,Software Licenses item 1,1,47619.84,2026-06-10 10:18:21
5004642,500464,2,Software Licenses,Software Licenses item 2,1,34570.73,2026-06-10 10:18:21
5004651,500465,1,IT Hardware,IT Hardware item 1,32,8237.28,2026-06-01 08:19:56
5004661,500466,1,Professional Services,Professional Services item 1,1,74500.67,2025-04-11 11:58:32
5004671,500467,1,Facilities Maintenance,Facilities Maintenance item 1,1,39064.71,2026-01-22 09:15:10
5004681,500468,1,Facilities Maintenance,Facilities Maintenance item 1,1,37526.76,2026-01-21 10:09:35
5004691,500469,1,Software Licenses,Software Licenses item 1,1,23605.71,2024-10-29 09:01:23
5004692,500469,2,Software Licenses,Software Licenses item 2,1,55090.39,2024-10-29 09:01:23
5004693,500469,3,Software Licenses,Software Licenses item 3,1,6904.27,2024-10-29 09:01:23
5004701,500470,1,Office Supplies,Office Supplies item 1,29,264.52,2025-06-09 10:59:01
5004711,500471,1,Office Supplies,Office Supplies item 1,16,335.44,2026-01-26 08:46:06
5004721,500472,1,Office Supplies,Office Supplies item 1,12,102.34,2024-10-14 09:27:33
5004731,500473,1,Software Licenses,Software Licenses item 1,1,40006.05,2026-03-04 09:12:48
5004741,500474,1,Software Licenses,Software Licenses item 1,1,55390.98,2026-03-10 11:55:00
5004742,500474,2,Software Licenses,Software Licenses item 2,1,15214.57,2026-03-10 11:55:00
5004751,500475,1,IT Hardware,IT Hardware item 1,18,5279.54,2025-07-25 16:03:54
5004761,500476,1,Facilities Maintenance,Facilities Maintenance item 1,1,28280.88,2025-03-20 12:52:59
5004762,500476,2,Facilities Maintenance,Facilities Maintenance item 2,1,5924.39,2025-03-20 12:52:59
5004771,500477,1,Professional Services,Professional Services item 1,1,24881.12,2025-02-25 13:01:05
5004772,500477,2,Professional Services,Professional Services item 2,1,108450.1,2025-02-25 13:01:05
5004773,500477,3,Professional Services,Professional Services item 3,1,35507.6,2025-02-25 13:01:05
5004791,500479,1,Marketing Materials,Marketing Materials item 1,4,6471.02,2025-05-14 09:07:24
5004792,500479,2,Marketing Materials,Marketing Materials item 2,16,3180.0,2025-05-14 09:07:24
5004793,500479,3,Marketing Materials,Marketing Materials item 3,16,6791.25,2025-05-14 09:07:24
5004801,500480,1,Software Licenses,Software Licenses item 1,1,12174.85,2025-02-13 09:27:12
5004802,500480,2,Software Licenses,Software Licenses item 2,1,38782.05,2025-02-13 09:27:12
5004811,500481,1,Facilities Maintenance,Facilities Maintenance item 1,1,29507.15,2025-02-10 08:15:46
5004821,500482,1,Professional Services,Professional Services item 1,1,85445.15,2025-11-26 09:55:43
5004831,500483,1,Office Supplies,Office Supplies item 1,35,243.37,2026-07-07 17:43:22
5004841,500484,1,Professional Services,Professional Services item 1,1,37202.42,2025-08-04 09:05:13
5004851,500485,1,Office Supplies,Office Supplies item 1,16,377.56,2025-01-10 09:26:57
5004852,500485,2,Office Supplies,Office Supplies item 2,33,290.89,2025-01-10 09:26:57
5004861,500486,1,Marketing Materials,Marketing Materials item 1,3,4273.31,2024-11-25 15:20:16
5004862,500486,2,Marketing Materials,Marketing Materials item 2,2,12904.27,2024-11-25 15:20:16
5004863,500486,3,Marketing Materials,Marketing Materials item 3,37,11184.51,2024-11-25 15:20:16
5004871,500487,1,Software Licenses,Software Licenses item 1,1,18574.81,2024-10-16 10:32:00
5004881,500488,1,IT Hardware,IT Hardware item 1,1,1959.1,2025-04-21 08:16:16
5004882,500488,2,IT Hardware,IT Hardware item 2,33,3865.88,2025-04-21 08:16:16
5004891,500489,1,Facilities Maintenance,Facilities Maintenance item 1,1,24918.25,2025-06-25 08:15:41
5004901,500490,1,Facilities Maintenance,Facilities Maintenance item 1,1,22996.93,2026-09-01 16:41:15
5004921,500492,1,Software Licenses,Software Licenses item 1,1,4704.33,2026-01-07 10:51:09
5004931,500493,1,Office Supplies,Office Supplies item 1,28,169.01,2024-12-13 10:39:47
5004932,500493,2,Office Supplies,Office Supplies item 2,17,97.61,2024-12-13 10:39:47
5004941,500494,1,Marketing Materials,Marketing Materials item 1,15,4960.57,2024-12-11 10:33:29
5004942,500494,2,Marketing Materials,Marketing Materials item 2,9,8631.52,2024-12-11 10:33:29
5004943,500494,3,Marketing Materials,Marketing Materials item 3,38,5696.9,2024-12-11 10:33:29
5004951,500495,1,Marketing Materials,Marketing Materials item 1,37,7386.69,2025-06-16 10:40:16
5004952,500495,2,Marketing Materials,Marketing Materials item 2,10,1650.57,2025-06-16 10:40:16
5004961,500496,1,Professional Services,Professional Services item 1,1,22020.61,2026-01-21 09:00:48
5004962,500496,2,Professional Services,Professional Services item 2,1,113097.14,2026-01-21 09:00:48
5004963,500496,3,Professional Services,Professional Services item 3,1,90585.01,2026-01-21 09:00:48
5004971,500497,1,Marketing Materials,Marketing Materials item 1,24,11199.01,2026-03-05 10:23:01
5004972,500497,2,Marketing Materials,Marketing Materials item 2,11,14726.17,2026-03-05 10:23:01
5004973,500497,3,Marketing Materials,Marketing Materials item 3,23,14562.82,2026-03-05 10:23:01
5004981,500498,1,Professional Services,Professional Services item 1,1,52418.93,2025-12-22 09:50:06
5004991,500499,1,Software Licenses,Software Licenses item 1,1,58051.42,2025-12-30 12:55:42
5005001,500500,1,Software Licenses,Software Licenses item 1,1,22259.37,2025-05-21 09:04:50
5005011,500501,1,Facilities Maintenance,Facilities Maintenance item 1,1,24382.33,2024-11-18 11:18:56
5005012,500501,2,Facilities Maintenance,Facilities Maintenance item 2,1,3250.8,2024-11-18 11:18:56
5005021,500502,1,Professional Services,Professional Services item 1,1,75922.58,2026-04-15 10:34:11
5005022,500502,2,Professional Services,Professional Services item 2,1,92781.65,2026-04-15 10:34:11
5005023,500502,3,Professional Services,Professional Services item 3,1,47018.32,2026-04-15 10:34:11
5005031,500503,1,Office Supplies,Office Supplies item 1,14,188.93,2026-04-16 15:39:35
5005032,500503,2,Office Supplies,Office Supplies item 2,28,214.94,2026-04-16 15:39:35
5005041,500504,1,Professional Services,Professional Services item 1,1,86384.02,2026-06-02 14:13:24
5005051,500505,1,Professional Services,Professional Services item 1,1,64776.38,2026-08-19 08:35:17
5005061,500506,1,IT Hardware,IT Hardware item 1,6,2034.44,2025-10-28 14:08:15
5005071,500507,1,Marketing Materials,Marketing Materials item 1,15,12720.0,2024-11-08 09:44:28
5005072,500507,2,Marketing Materials,Marketing Materials item 2,31,11524.41,2024-11-08 09:44:28
5005081,500508,1,Office Supplies,Office Supplies item 1,17,383.52,2025-06-16 09:38:13
5005082,500508,2,Office Supplies,Office Supplies item 2,25,220.8,2025-06-16 09:38:13
5005091,500509,1,Office Supplies,Office Supplies item 1,25,28.57,2025-07-29 08:25:12
5005101,500510,1,Facilities Maintenance,Facilities Maintenance item 1,1,38578.79,2026-07-14 17:06:42
5005111,500511,1,Office Supplies,Office Supplies item 1,12,238.99,2026-01-22 14:18:25
5005112,500511,2,Office Supplies,Office Supplies item 2,8,200.08,2026-01-22 14:18:25
5005121,500512,1,Software Licenses,Software Licenses item 1,1,23602.86,2025-01-14 10:21:05
5005122,500512,2,Software Licenses,Software Licenses item 2,1,57236.14,2025-01-14 10:21:05
5005131,500513,1,Office Supplies,Office Supplies item 1,7,150.59,2026-05-06 08:07:19
5005132,500513,2,Office Supplies,Office Supplies item 2,24,367.5,2026-05-06 08:07:19
5005141,500514,1,Office Supplies,Office Supplies item 1,25,157.52,2024-12-26 08:18:05
5005151,500515,1,Professional Services,Professional Services item 1,1,11784.75,2025-04-11 10:48:51
5005152,500515,2,Professional Services,Professional Services item 2,1,11613.57,2025-04-11 10:48:51
5005153,500515,3,Professional Services,Professional Services item 3,1,19208.55,2025-04-11 10:48:51
5005161,500516,1,Facilities Maintenance,Facilities Maintenance item 1,1,6310.23,2025-12-08 10:55:37
5005162,500516,2,Facilities Maintenance,Facilities Maintenance item 2,1,25340.86,2025-12-08 10:55:37
5005171,500517,1,Marketing Materials,Marketing Materials item 1,23,5201.86,2026-06-09 10:43:59
5005181,500518,1,Marketing Materials,Marketing Materials item 1,32,12945.66,2025-05-20 12:50:12
5005191,500519,1,Office Supplies,Office Supplies item 1,39,98.71,2025-04-23 10:52:19
5005201,500520,1,Marketing Materials,Marketing Materials item 1,15,1220.89,2025-11-26 10:32:59
5005202,500520,2,Marketing Materials,Marketing Materials item 2,26,9253.08,2025-11-26 10:32:59
5005203,500520,3,Marketing Materials,Marketing Materials item 3,34,11523.41,2025-11-26 10:32:59
5005211,500521,1,Facilities Maintenance,Facilities Maintenance item 1,1,2707.0,2026-03-04 09:15:16
5005212,500521,2,Facilities Maintenance,Facilities Maintenance item 2,1,39750.82,2026-03-04 09:15:16
5005221,500522,1,Professional Services,Professional Services item 1,1,27835.27,2024-10-30 08:11:50
5005231,500523,1,Professional Services,Professional Services item 1,1,76308.95,2025-12-16 13:34:43
5005241,500524,1,Marketing Materials,Marketing Materials item 1,38,12161.44,2025-07-03 10:40:01
5005242,500524,2,Marketing Materials,Marketing Materials item 2,40,2315.32,2025-07-03 10:40:01
5005243,500524,3,Marketing Materials,Marketing Materials item 3,21,12781.48,2025-07-03 10:40:01
5005251,500525,1,Facilities Maintenance,Facilities Maintenance item 1,1,23854.04,2025-10-24 09:47:32
5005252,500525,2,Facilities Maintenance,Facilities Maintenance item 2,1,36962.63,2025-10-24 09:47:32
5005261,500526,1,Professional Services,Professional Services item 1,1,92731.88,2025-09-08 08:28:52
5005262,500526,2,Professional Services,Professional Services item 2,1,81227.18,2025-09-08 08:28:52
5005263,500526,3,Professional Services,Professional Services item 3,1,82347.03,2025-09-08 08:28:52
5005271,500527,1,Professional Services,Professional Services item 1,1,79343.39,2026-03-12 08:17:20
5005281,500528,1,Marketing Materials,Marketing Materials item 1,1,12780.85,2025-03-20 09:56:35
5005291,500529,1,Software Licenses,Software Licenses item 1,1,19571.41,2026-05-22 09:40:37
5005292,500529,2,Software Licenses,Software Licenses item 2,1,58347.78,2026-05-22 09:40:37
5005301,500530,1,Professional Services,Professional Services item 1,1,127124.16,2025-01-20 10:20:06
5005321,500532,1,Facilities Maintenance,Facilities Maintenance item 1,1,22104.71,2024-10-11 11:55:30
5005331,500533,1,Marketing Materials,Marketing Materials item 1,30,3735.99,2026-07-24 14:05:04
5005341,500534,1,Software Licenses,Software Licenses item 1,1,26263.81,2026-09-17 10:07:42
5005351,500535,1,IT Hardware,IT Hardware item 1,7,4816.37,2026-08-17 09:53:35
5005352,500535,2,IT Hardware,IT Hardware item 2,20,1970.15,2026-08-17 09:53:35
5005361,500536,1,Professional Services,Professional Services item 1,1,147644.37,2025-04-22 10:00:01
5005371,500537,1,IT Hardware,IT Hardware item 1,38,7339.34,2025-05-09 10:20:12
5005372,500537,2,IT Hardware,IT Hardware item 2,15,950.24,2025-05-09 10:20:12
5005381,500538,1,Office Supplies,Office Supplies item 1,36,347.1,2026-01-15 16:12:11
5005382,500538,2,Office Supplies,Office Supplies item 2,33,170.69,2026-01-15 16:12:11
5005391,500539,1,Facilities Maintenance,Facilities Maintenance item 1,1,18841.92,2025-09-26 09:29:33
5005392,500539,2,Facilities Maintenance,Facilities Maintenance item 2,1,30618.62,2025-09-26 09:29:33
5005393,500539,3,Facilities Maintenance,Facilities Maintenance item 3,1,36994.41,2025-09-26 09:29:33
5005401,500540,1,Office Supplies,Office Supplies item 1,11,76.47,2025-02-21 10:42:53
5005411,500541,1,Marketing Materials,Marketing Materials item 1,10,7425.33,2026-03-13 11:40:37
5005421,500542,1,Professional Services,Professional Services item 1,1,69372.44,2026-08-10 17:25:20
5005422,500542,2,Professional Services,Professional Services item 2,1,140078.34,2026-08-10 17:25:20
5005423,500542,3,Professional Services,Professional Services item 3,1,12432.08,2026-08-10 17:25:20
5005431,500543,1,Office Supplies,Office Supplies item 1,8,165.31,2026-03-30 09:28:50
5005432,500543,2,Office Supplies,Office Supplies item 2,5,229.47,2026-03-30 09:28:50
5005433,500543,3,Office Supplies,Office Supplies item 3,13,280.63,2026-03-30 09:28:50
5005441,500544,1,Marketing Materials,Marketing Materials item 1,22,3064.82,2025-04-03 08:34:43
5005442,500544,2,Marketing Materials,Marketing Materials item 2,30,3654.02,2025-04-03 08:34:43
5005443,500544,3,Marketing Materials,Marketing Materials item 3,36,7253.76,2025-04-03 08:34:43
5005451,500545,1,Facilities Maintenance,Facilities Maintenance item 1,1,16858.02,2024-10-17 17:39:45
5005461,500546,1,Facilities Maintenance,Facilities Maintenance item 1,1,27913.99,2026-08-03 15:01:28
5005471,500547,1,Office Supplies,Office Supplies item 1,28,322.56,2025-10-20 12:53:03
5005472,500547,2,Office Supplies,Office Supplies item 2,26,301.79,2025-10-20 12:53:03
5005473,500547,3,Office Supplies,Office Supplies item 3,39,189.97,2025-10-20 12:53:03
5005481,500548,1,Marketing Materials,Marketing Materials item 1,5,14451.32,2025-04-04 09:44:50
5005491,500549,1,Facilities Maintenance,Facilities Maintenance item 1,1,8218.44,2025-03-31 08:27:56
5005501,500550,1,Marketing Materials,Marketing Materials item 1,25,13489.28,2025-10-08 17:12:16
5005511,500551,1,Software Licenses,Software Licenses item 1,1,9616.54,2025-01-07 08:08:40
5005521,500552,1,Marketing Materials,Marketing Materials item 1,25,6775.47,2025-05-19 10:53:36
5005522,500552,2,Marketing Materials,Marketing Materials item 2,3,13714.32,2025-05-19 10:53:36
5005531,500553,1,IT Hardware,IT Hardware item 1,31,4480.45,2026-08-21 12:41:55
5005532,500553,2,IT Hardware,IT Hardware item 2,15,7615.53,2026-08-21 12:41:55
5005533,500553,3,IT Hardware,IT Hardware item 3,29,8753.58,2026-08-21 12:41:55
5005541,500554,1,Office Supplies,Office Supplies item 1,22,164.44,2026-07-31 08:00:54
5005542,500554,2,Office Supplies,Office Supplies item 2,1,132.87,2026-07-31 08:00:54
5005543,500554,3,Office Supplies,Office Supplies item 3,18,215.66,2026-07-31 08:00:54
5005551,500555,1,Software Licenses,Software Licenses item 1,1,48870.75,2025-05-27 12:07:04
5005561,500556,1,Marketing Materials,Marketing Materials item 1,33,2878.37,2025-05-22 08:12:22
5005562,500556,2,Marketing Materials,Marketing Materials item 2,5,6218.19,2025-05-22 08:12:22
5005571,500557,1,Office Supplies,Office Supplies item 1,16,363.61,2025-05-22 10:14:02
5005581,500558,1,IT Hardware,IT Hardware item 1,20,5395.96,2026-08-17 08:42:53
5005582,500558,2,IT Hardware,IT Hardware item 2,11,5868.17,2026-08-17 08:42:53
5005591,500559,1,Professional Services,Professional Services item 1,1,20725.84,2025-07-14 09:45:16
5005592,500559,2,Professional Services,Professional Services item 2,1,135211.22,2025-07-14 09:45:16
5005593,500559,3,Professional Services,Professional Services item 3,1,76464.9,2025-07-14 09:45:16
5005601,500560,1,IT Hardware,IT Hardware item 1,21,5087.9,2024-10-14 09:12:01
5005611,500561,1,Marketing Materials,Marketing Materials item 1,36,14210.48,2026-09-21 10:53:32
5005612,500561,2,Marketing Materials,Marketing Materials item 2,18,5663.03,2026-09-21 10:53:32
5005621,500562,1,Office Supplies,Office Supplies item 1,14,287.16,2025-10-23 09:22:51
5005622,500562,2,Office Supplies,Office Supplies item 2,5,47.62,2025-10-23 09:22:51
5005631,500563,1,Software Licenses,Software Licenses item 1,1,36048.61,2026-07-17 16:08:09
5005641,500564,1,Professional Services,Professional Services item 1,1,102507.3,2025-06-04 09:54:19
5005651,500565,1,Marketing Materials,Marketing Materials item 1,3,1268.8,2025-11-06 09:11:35
5005652,500565,2,Marketing Materials,Marketing Materials item 2,29,685.01,2025-11-06 09:11:35
5005661,500566,1,IT Hardware,IT Hardware item 1,33,2777.16,2026-04-09 17:24:57
5005662,500566,2,IT Hardware,IT Hardware item 2,37,4551.31,2026-04-09 17:24:57
5005663,500566,3,IT Hardware,IT Hardware item 3,20,2214.19,2026-04-09 17:24:57
5005671,500567,1,Professional Services,Professional Services item 1,1,128102.26,2025-11-18 15:59:17
5005672,500567,2,Professional Services,Professional Services item 2,1,86903.93,2025-11-18 15:59:17
5005673,500567,3,Professional Services,Professional Services item 3,1,40101.09,2025-11-18 15:59:17
5005681,500568,1,Professional Services,Professional Services item 1,1,104777.44,2024-12-10 11:24:34
5005691,500569,1,Facilities Maintenance,Facilities Maintenance item 1,1,30762.17,2025-11-20 08:34:11
5005701,500570,1,Software Licenses,Software Licenses item 1,1,13455.79,2025-03-26 10:07:26
5005711,500571,1,Marketing Materials,Marketing Materials item 1,29,3374.18,2025-10-20 13:21:09
5005712,500571,2,Marketing Materials,Marketing Materials item 2,39,6715.81,2025-10-20 13:21:09
5005721,500572,1,IT Hardware,IT Hardware item 1,26,2784.51,2026-01-30 08:25:15
5005731,500573,1,Software Licenses,Software Licenses item 1,1,13861.3,2025-11-14 08:54:55
5005732,500573,2,Software Licenses,Software Licenses item 2,1,55251.2,2025-11-14 08:54:55
5005733,500573,3,Software Licenses,Software Licenses item 3,1,28217.02,2025-11-14 08:54:55
5005741,500574,1,Facilities Maintenance,Facilities Maintenance item 1,1,32021.84,2025-10-30 11:28:10
5005742,500574,2,Facilities Maintenance,Facilities Maintenance item 2,1,28013.65,2025-10-30 11:28:10
5005743,500574,3,Facilities Maintenance,Facilities Maintenance item 3,1,38788.42,2025-10-30 11:28:10
5005751,500575,1,Facilities Maintenance,Facilities Maintenance item 1,1,35182.32,2025-06-18 09:26:21
5005761,500576,1,IT Hardware,IT Hardware item 1,20,1805.51,2025-03-07 12:19:23
5005762,500576,2,IT Hardware,IT Hardware item 2,34,5737.86,2025-03-07 12:19:23
5005771,500577,1,Professional Services,Professional Services item 1,1,99881.46,2025-01-16 08:08:11
5005772,500577,2,Professional Services,Professional Services item 2,1,95444.76,2025-01-16 08:08:11
5005781,500578,1,Facilities Maintenance,Facilities Maintenance item 1,1,7968.71,2025-08-18 16:08:44
5005782,500578,2,Facilities Maintenance,Facilities Maintenance item 2,1,6038.37,2025-08-18 16:08:44
5005791,500579,1,Marketing Materials,Marketing Materials item 1,37,11560.75,2025-05-05 08:56:07
5005792,500579,2,Marketing Materials,Marketing Materials item 2,36,1201.83,2025-05-05 08:56:07
5005801,500580,1,Marketing Materials,Marketing Materials item 1,23,7087.36,2026-06-12 12:19:27
5005811,500581,1,Professional Services,Professional Services item 1,1,64632.16,2025-02-05 09:23:56
5005821,500582,1,Marketing Materials,Marketing Materials item 1,9,11021.22,2026-03-27 08:46:02
5005831,500583,1,Professional Services,Professional Services item 1,1,22982.13,2025-09-22 08:50:53
5005841,500584,1,Marketing Materials,Marketing Materials item 1,36,866.01,2025-04-04 08:40:29
5005842,500584,2,Marketing Materials,Marketing Materials item 2,3,14781.12,2025-04-04 08:40:29
5005851,500585,1,Office Supplies,Office Supplies item 1,8,279.74,2025-06-23 08:39:14
5005861,500586,1,Software Licenses,Software Licenses item 1,1,35835.55,2025-03-06 15:10:24
5005862,500586,2,Software Licenses,Software Licenses item 2,1,4612.1,2025-03-06 15:10:24
5005863,500586,3,Software Licenses,Software Licenses item 3,1,55349.85,2025-03-06 15:10:24
5005871,500587,1,Office Supplies,Office Supplies item 1,3,362.05,2025-07-16 11:11:59
5005872,500587,2,Office Supplies,Office Supplies item 2,26,270.85,2025-07-16 11:11:59
5005881,500588,1,Facilities Maintenance,Facilities Maintenance item 1,1,20321.15,2025-08-29 10:01:30
5005891,500589,1,Facilities Maintenance,Facilities Maintenance item 1,1,2214.1,2026-09-07 09:11:35
5005892,500589,2,Facilities Maintenance,Facilities Maintenance item 2,1,33810.96,2026-09-07 09:11:35
5005901,500590,1,Facilities Maintenance,Facilities Maintenance item 1,1,38654.93,2026-01-30 09:04:57
5005911,500591,1,Office Supplies,Office Supplies item 1,25,166.3,2026-01-01 08:35:45
5005912,500591,2,Office Supplies,Office Supplies item 2,17,331.32,2026-01-01 08:35:45
5005921,500592,1,IT Hardware,IT Hardware item 1,25,2591.07,2026-05-14 12:37:20
5005931,500593,1,Professional Services,Professional Services item 1,1,75706.57,2026-09-18 10:11:31
5005932,500593,2,Professional Services,Professional Services item 2,1,82571.75,2026-09-18 10:11:31
5005941,500594,1,Professional Services,Professional Services item 1,1,85297.87,2026-01-12 10:43:28
5005951,500595,1,IT Hardware,IT Hardware item 1,24,4372.85,2025-12-23 09:22:32
5005952,500595,2,IT Hardware,IT Hardware item 2,22,2067.02,2025-12-23 09:22:32
5005961,500596,1,Facilities Maintenance,Facilities Maintenance item 1,1,28789.44,2025-10-10 08:00:36
5005962,500596,2,Facilities Maintenance,Facilities Maintenance item 2,1,9874.31,2025-10-10 08:00:36
5005971,500597,1,Office Supplies,Office Supplies item 1,8,356.21,2026-06-01 09:38:03
5005981,500598,1,Office Supplies,Office Supplies item 1,17,370.37,2026-06-02 17:05:27
5005991,500599,1,IT Hardware,IT Hardware item 1,14,2469.01,2024-11-13 08:40:11
5005992,500599,2,IT Hardware,IT Hardware item 2,31,6534.71,2024-11-13 08:40:11
5005993,500599,3,IT Hardware,IT Hardware item 3,27,4201.04,2024-11-13 08:40:11
5006001,500600,1,Professional Services,Professional Services item 1,1,133475.82,2026-07-01 10:48:44
5006011,500601,1,Marketing Materials,Marketing Materials item 1,21,5289.08,2025-08-13 15:25:00
5006021,500602,1,Facilities Maintenance,Facilities Maintenance item 1,1,32303.19,2026-07-01 10:27:47
5006031,500603,1,Facilities Maintenance,Facilities Maintenance item 1,1,17240.64,2025-05-19 10:03:15
5006032,500603,2,Facilities Maintenance,Facilities Maintenance item 2,1,25652.96,2025-05-19 10:03:15
5006033,500603,3,Facilities Maintenance,Facilities Maintenance item 3,1,10564.15,2025-05-19 10:03:15
5006041,500604,1,IT Hardware,IT Hardware item 1,10,8156.41,2025-10-30 08:02:40
5006042,500604,2,IT Hardware,IT Hardware item 2,9,1691.63,2025-10-30 08:02:40
5006051,500605,1,Software Licenses,Software Licenses item 1,1,8538.61,2026-08-21 09:55:50
5006052,500605,2,Software Licenses,Software Licenses item 2,1,2446.81,2026-08-21 09:55:50
5006061,500606,1,IT Hardware,IT Hardware item 1,3,3297.61,2026-06-09 10:49:29
5006071,500607,1,Marketing Materials,Marketing Materials item 1,34,2072.39,2025-07-14 14:18:56
5006081,500608,1,Professional Services,Professional Services item 1,1,10938.91,2024-10-14 08:35:49
5006082,500608,2,Professional Services,Professional Services item 2,1,46534.36,2024-10-14 08:35:49
5006083,500608,3,Professional Services,Professional Services item 3,1,35189.72,2024-10-14 08:35:49
5006091,500609,1,IT Hardware,IT Hardware item 1,37,828.6,2025-11-07 09:29:43
5006101,500610,1,Software Licenses,Software Licenses item 1,1,49325.36,2026-06-01 10:33:13
5006111,500611,1,Software Licenses,Software Licenses item 1,1,4093.6,2024-11-29 08:13:01
5006121,500612,1,Office Supplies,Office Supplies item 1,24,66.44,2025-03-24 09:53:35
5006131,500613,1,Software Licenses,Software Licenses item 1,1,13569.1,2024-12-16 10:04:10
5006141,500614,1,Facilities Maintenance,Facilities Maintenance item 1,1,3548.61,2024-12-12 10:45:28
5006151,500615,1,Office Supplies,Office Supplies item 1,37,398.18,2025-06-17 10:46:51
5006161,500616,1,Facilities Maintenance,Facilities Maintenance item 1,1,4092.48,2026-06-29 10:43:36
5006162,500616,2,Facilities Maintenance,Facilities Maintenance item 2,1,36334.45,2026-06-29 10:43:36
5006163,500616,3,Facilities Maintenance,Facilities Maintenance item 3,1,28320.73,2026-06-29 10:43:36
5006171,500617,1,Software Licenses,Software Licenses item 1,1,40745.44,2026-08-12 08:35:41
5006181,500618,1,Professional Services,Professional Services item 1,1,53531.15,2025-01-08 13:45:16
5006191,500619,1,Marketing Materials,Marketing Materials item 1,21,10640.08,2024-12-20 14:55:32
5006192,500619,2,Marketing Materials,Marketing Materials item 2,15,8555.49,2024-12-20 14:55:32
5006201,500620,1,Software Licenses,Software Licenses item 1,1,56193.11,2026-05-12 09:16:16
5006211,500621,1,Facilities Maintenance,Facilities Maintenance item 1,1,28529.41,2026-06-01 10:36:11
5006221,500622,1,Office Supplies,Office Supplies item 1,2,30.17,2026-04-30 16:03:18
5006222,500622,2,Office Supplies,Office Supplies item 2,35,56.3,2026-04-30 16:03:18
5006231,500623,1,Marketing Materials,Marketing Materials item 1,6,7592.26,2026-04-27 08:08:45
5006241,500624,1,Marketing Materials,Marketing Materials item 1,3,4095.64,2025-09-16 08:28:06
5006242,500624,2,Marketing Materials,Marketing Materials item 2,7,5543.62,2025-09-16 08:28:06
5006251,500625,1,Marketing Materials,Marketing Materials item 1,35,14594.7,2026-07-09 10:47:53
5006252,500625,2,Marketing Materials,Marketing Materials item 2,38,13943.37,2026-07-09 10:47:53
5006253,500625,3,Marketing Materials,Marketing Materials item 3,11,9842.99,2026-07-09 10:47:53
5006261,500626,1,Professional Services,Professional Services item 1,1,127615.04,2026-01-19 09:28:21
5006271,500627,1,IT Hardware,IT Hardware item 1,13,1285.34,2025-03-31 08:22:44
5006272,500627,2,IT Hardware,IT Hardware item 2,33,4293.24,2025-03-31 08:22:44
5006273,500627,3,IT Hardware,IT Hardware item 3,19,2809.5,2025-03-31 08:22:44
5006281,500628,1,Professional Services,Professional Services item 1,1,53773.81,2025-12-16 10:41:42
5006282,500628,2,Professional Services,Professional Services item 2,1,117022.65,2025-12-16 10:41:42
5006283,500628,3,Professional Services,Professional Services item 3,1,89922.56,2025-12-16 10:41:42
5006291,500629,1,Facilities Maintenance,Facilities Maintenance item 1,1,20073.31,2025-04-28 09:34:41
5006301,500630,1,Software Licenses,Software Licenses item 1,1,27540.89,2025-01-14 16:20:18
5006311,500631,1,Marketing Materials,Marketing Materials item 1,19,10375.28,2026-06-16 09:45:11
5006321,500632,1,Marketing Materials,Marketing Materials item 1,27,7610.34,2026-04-27 09:07:30
5006331,500633,1,Office Supplies,Office Supplies item 1,37,395.49,2024-11-11 14:52:59
5006341,500634,1,Office Supplies,Office Supplies item 1,28,348.22,2026-06-29 10:44:44
5006351,500635,1,Marketing Materials,Marketing Materials item 1,21,13742.92,2026-02-04 10:12:39
5006361,500636,1,IT Hardware,IT Hardware item 1,14,8006.28,2024-12-23 08:51:54
5006371,500637,1,Professional Services,Professional Services item 1,1,58849.7,2025-01-29 10:02:18
5006372,500637,2,Professional Services,Professional Services item 2,1,92176.89,2025-01-29 10:02:18
5006373,500637,3,Professional Services,Professional Services item 3,1,61437.43,2025-01-29 10:02:18
5006381,500638,1,Office Supplies,Office Supplies item 1,25,110.58,2026-07-20 10:46:56
5006391,500639,1,Facilities Maintenance,Facilities Maintenance item 1,1,11454.85,2026-07-28 08:25:32
5006392,500639,2,Facilities Maintenance,Facilities Maintenance item 2,1,31551.8,2026-07-28 08:25:32
5006393,500639,3,Facilities Maintenance,Facilities Maintenance item 3,1,17666.52,2026-07-28 08:25:32
5006401,500640,1,IT Hardware,IT Hardware item 1,3,4196.06,2025-12-11 17:09:16
5006411,500641,1,Facilities Maintenance,Facilities Maintenance item 1,1,38217.4,2025-03-07 09:42:39
5006421,500642,1,Professional Services,Professional Services item 1,1,127384.02,2024-11-07 10:20:52
5006422,500642,2,Professional Services,Professional Services item 2,1,134102.36,2024-11-07 10:20:52
5006431,500643,1,Software Licenses,Software Licenses item 1,1,11028.21,2025-02-17 08:03:45
5006441,500644,1,Marketing Materials,Marketing Materials item 1,16,14111.19,2025-09-18 13:07:34
5006442,500644,2,Marketing Materials,Marketing Materials item 2,9,11469.12,2025-09-18 13:07:34
5006451,500645,1,Facilities Maintenance,Facilities Maintenance item 1,1,4870.06,2025-02-12 13:13:44
5006452,500645,2,Facilities Maintenance,Facilities Maintenance item 2,1,12581.2,2025-02-12 13:13:44
5006461,500646,1,Marketing Materials,Marketing Materials item 1,28,9858.14,2025-09-10 09:22:18
5006471,500647,1,Professional Services,Professional Services item 1,1,89711.65,2025-07-14 10:12:45
5006481,500648,1,Software Licenses,Software Licenses item 1,1,3910.36,2026-01-30 13:30:32
5006482,500648,2,Software Licenses,Software Licenses item 2,1,43545.35,2026-01-30 13:30:32
5006491,500649,1,Professional Services,Professional Services item 1,1,129038.77,2026-07-20 12:39:42
5006492,500649,2,Professional Services,Professional Services item 2,1,39500.12,2026-07-20 12:39:42
5006501,500650,1,Marketing Materials,Marketing Materials item 1,34,14377.61,2025-12-23 08:07:33
5006511,500651,1,IT Hardware,IT Hardware item 1,39,948.98,2026-04-10 10:37:13
5006512,500651,2,IT Hardware,IT Hardware item 2,16,1601.0,2026-04-10 10:37:13
5006521,500652,1,Software Licenses,Software Licenses item 1,1,41513.27,2024-10-24 10:22:47
5006531,500653,1,Facilities Maintenance,Facilities Maintenance item 1,1,32566.41,2026-08-10 09:26:52
5006541,500654,1,Office Supplies,Office Supplies item 1,8,341.77,2025-01-08 17:17:24
5006542,500654,2,Office Supplies,Office Supplies item 2,36,364.95,2025-01-08 17:17:24
5006551,500655,1,Software Licenses,Software Licenses item 1,1,44792.02,2024-11-05 10:09:28
5006552,500655,2,Software Licenses,Software Licenses item 2,1,7593.13,2024-11-05 10:09:28
5006561,500656,1,Marketing Materials,Marketing Materials item 1,36,3871.52,2026-03-04 12:43:41
5006571,500657,1,IT Hardware,IT Hardware item 1,37,2972.81,2026-09-16 09:48:59
5006581,500658,1,Office Supplies,Office Supplies item 1,31,355.71,2026-08-21 08:19:40
5006582,500658,2,Office Supplies,Office Supplies item 2,12,368.61,2026-08-21 08:19:40
5006583,500658,3,Office Supplies,Office Supplies item 3,16,38.51,2026-08-21 08:19:40
5006591,500659,1,Software Licenses,Software Licenses item 1,1,55844.64,2025-12-23 13:04:14
5006601,500660,1,Software Licenses,Software Licenses item 1,1,37310.65,2025-03-19 10:06:54
5006602,500660,2,Software Licenses,Software Licenses item 2,1,11885.32,2025-03-19 10:06:54
5006611,500661,1,Office Supplies,Office Supplies item 1,11,272.05,2025-07-02 09:48:30
5006621,500662,1,Professional Services,Professional Services item 1,1,128398.28,2026-01-28 10:03:30
5006622,500662,2,Professional Services,Professional Services item 2,1,17192.99,2026-01-28 10:03:30
5006631,500663,1,Office Supplies,Office Supplies item 1,26,320.43,2025-02-27 15:37:40
5006641,500664,1,Professional Services,Professional Services item 1,1,74075.93,2025-09-03 16:19:26
5006651,500665,1,Software Licenses,Software Licenses item 1,1,27520.95,2026-03-02 10:29:54
5006661,500666,1,Facilities Maintenance,Facilities Maintenance item 1,1,29421.3,2025-12-25 09:56:59
5006671,500667,1,Facilities Maintenance,Facilities Maintenance item 1,1,11055.32,2025-07-30 10:48:43
5006681,500668,1,Facilities Maintenance,Facilities Maintenance item 1,1,8713.57,2024-12-02 10:48:15
5006682,500668,2,Facilities Maintenance,Facilities Maintenance item 2,1,11540.77,2024-12-02 10:48:15
5006683,500668,3,Facilities Maintenance,Facilities Maintenance item 3,1,15800.83,2024-12-02 10:48:15
5006691,500669,1,IT Hardware,IT Hardware item 1,23,2655.02,2025-07-10 09:51:40
5006701,500670,1,Office Supplies,Office Supplies item 1,39,31.41,2026-08-06 09:56:22
5006711,500671,1,Facilities Maintenance,Facilities Maintenance item 1,1,22884.78,2024-11-22 08:58:27
5006712,500671,2,Facilities Maintenance,Facilities Maintenance item 2,1,19059.13,2024-11-22 08:58:27
5006721,500672,1,Facilities Maintenance,Facilities Maintenance item 1,1,33595.75,2026-09-17 10:12:38
5006731,500673,1,IT Hardware,IT Hardware item 1,37,5866.0,2025-07-16 14:14:04
5006741,500674,1,IT Hardware,IT Hardware item 1,33,4315.79,2025-01-29 09:00:23
5006742,500674,2,IT Hardware,IT Hardware item 2,8,1276.69,2025-01-29 09:00:23
5006751,500675,1,Office Supplies,Office Supplies item 1,12,156.22,2026-08-31 09:04:57
5006752,500675,2,Office Supplies,Office Supplies item 2,5,59.35,2026-08-31 09:04:57
5006761,500676,1,Facilities Maintenance,Facilities Maintenance item 1,1,5346.91,2025-02-21 10:53:07
5006771,500677,1,Software Licenses,Software Licenses item 1,1,27398.56,2025-10-17 08:22:00
5006781,500678,1,Marketing Materials,Marketing Materials item 1,35,634.06,2025-09-29 17:10:04
5006782,500678,2,Marketing Materials,Marketing Materials item 2,39,8396.64,2025-09-29 17:10:04
5006791,500679,1,Professional Services,Professional Services item 1,1,144201.67,2026-05-04 09:05:35
5006792,500679,2,Professional Services,Professional Services item 2,1,45131.22,2026-05-04 09:05:35
5006793,500679,3,Professional Services,Professional Services item 3,1,68515.33,2026-05-04 09:05:35
5006801,500680,1,IT Hardware,IT Hardware item 1,38,7469.26,2025-08-06 08:43:32
5006802,500680,2,IT Hardware,IT Hardware item 2,35,8600.03,2025-08-06 08:43:32
5006803,500680,3,IT Hardware,IT Hardware item 3,24,4432.84,2025-08-06 08:43:32
5006811,500681,1,IT Hardware,IT Hardware item 1,7,3983.15,2025-08-07 14:44:48
5006812,500681,2,IT Hardware,IT Hardware item 2,16,7102.55,2025-08-07 14:44:48
5006821,500682,1,Software Licenses,Software Licenses item 1,1,5246.74,2025-02-11 08:10:11
5006831,500683,1,Software Licenses,Software Licenses item 1,1,47414.16,2025-10-01 09:48:59
5006841,500684,1,Marketing Materials,Marketing Materials item 1,14,9143.8,2025-12-03 09:51:02
5006851,500685,1,Facilities Maintenance,Facilities Maintenance item 1,1,17087.16,2025-08-22 10:09:05
5006852,500685,2,Facilities Maintenance,Facilities Maintenance item 2,1,37906.71,2025-08-22 10:09:05
5006861,500686,1,Office Supplies,Office Supplies item 1,40,103.68,2025-02-28 09:02:27
5006871,500687,1,Facilities Maintenance,Facilities Maintenance item 1,1,18852.71,2025-12-15 12:23:32
5006881,500688,1,Software Licenses,Software Licenses item 1,1,31165.87,2025-08-28 11:37:44
5006882,500688,2,Software Licenses,Software Licenses item 2,1,47993.52,2025-08-28 11:37:44
5006883,500688,3,Software Licenses,Software Licenses item 3,1,28466.29,2025-08-28 11:37:44
5006891,500689,1,Professional Services,Professional Services item 1,1,27256.04,2026-03-23 16:33:50
5006901,500690,1,Facilities Maintenance,Facilities Maintenance item 1,1,23665.34,2025-01-27 12:16:41
5006902,500690,2,Facilities Maintenance,Facilities Maintenance item 2,1,30022.78,2025-01-27 12:16:41
5006911,500691,1,Professional Services,Professional Services item 1,1,118697.54,2024-10-23 08:44:45
5006921,500692,1,IT Hardware,IT Hardware item 1,5,2747.98,2024-10-31 10:17:05
5006931,500693,1,Office Supplies,Office Supplies item 1,26,222.01,2026-07-06 16:45:36
5006941,500694,1,Professional Services,Professional Services item 1,1,123737.1,2025-01-03 10:38:42
5006961,500696,1,IT Hardware,IT Hardware item 1,19,8226.88,2024-12-27 08:55:36
5006962,500696,2,IT Hardware,IT Hardware item 2,29,7601.57,2024-12-27 08:55:36
5006963,500696,3,IT Hardware,IT Hardware item 3,17,1982.33,2024-12-27 08:55:36
5006971,500697,1,Professional Services,Professional Services item 1,1,103730.18,2026-08-03 09:53:01
5006972,500697,2,Professional Services,Professional Services item 2,1,89591.46,2026-08-03 09:53:01
5006973,500697,3,Professional Services,Professional Services item 3,1,124064.05,2026-08-03 09:53:01
5006981,500698,1,Professional Services,Professional Services item 1,1,60799.65,2025-01-09 10:07:00
5006982,500698,2,Professional Services,Professional Services item 2,1,137984.36,2025-01-09 10:07:00
5006991,500699,1,Facilities Maintenance,Facilities Maintenance item 1,1,31143.56,2025-08-27 10:49:02
5007001,500700,1,Facilities Maintenance,Facilities Maintenance item 1,1,17657.93,2026-01-23 08:55:50
5007021,500702,1,IT Hardware,IT Hardware item 1,38,3589.6,2025-04-09 08:17:23
5007031,500703,1,Professional Services,Professional Services item 1,1,77494.91,2026-01-29 17:53:19
5007032,500703,2,Professional Services,Professional Services item 2,1,16732.34,2026-01-29 17:53:19
5007041,500704,1,Software Licenses,Software Licenses item 1,1,27838.38,2026-03-16 13:24:06
5007051,500705,1,IT Hardware,IT Hardware item 1,10,6630.25,2024-12-30 14:24:11
5007061,500706,1,IT Hardware,IT Hardware item 1,12,6485.84,2026-07-24 09:00:43
5007071,500707,1,Facilities Maintenance,Facilities Maintenance item 1,1,7472.83,2025-06-18 08:34:36
5007072,500707,2,Facilities Maintenance,Facilities Maintenance item 2,1,28169.75,2025-06-18 08:34:36
5007081,500708,1,IT Hardware,IT Hardware item 1,26,6868.28,2026-05-14 08:37:49
5007091,500709,1,Office Supplies,Office Supplies item 1,5,151.07,2025-05-05 09:24:30
5007092,500709,2,Office Supplies,Office Supplies item 2,12,103.06,2025-05-05 09:24:30
5007101,500710,1,Professional Services,Professional Services item 1,1,54818.6,2025-09-15 09:21:33
5007102,500710,2,Professional Services,Professional Services item 2,1,57452.64,2025-09-15 09:21:33
5007103,500710,3,Professional Services,Professional Services item 3,1,45136.41,2025-09-15 09:21:33
5007111,500711,1,Professional Services,Professional Services item 1,1,62060.3,2026-04-27 09:26:43
5007121,500712,1,Marketing Materials,Marketing Materials item 1,24,10095.52,2025-08-14 12:07:43
5007131,500713,1,Facilities Maintenance,Facilities Maintenance item 1,1,17876.17,2025-09-01 15:34:20
5007132,500713,2,Facilities Maintenance,Facilities Maintenance item 2,1,6161.08,2025-09-01 15:34:20
5007141,500714,1,Professional Services,Professional Services item 1,1,41415.24,2026-04-08 10:23:12
5007142,500714,2,Professional Services,Professional Services item 2,1,89682.73,2026-04-08 10:23:12
5007143,500714,3,Professional Services,Professional Services item 3,1,123991.09,2026-04-08 10:23:12
5007151,500715,1,Office Supplies,Office Supplies item 1,36,44.58,2026-05-04 17:22:23
5007152,500715,2,Office Supplies,Office Supplies item 2,35,366.54,2026-05-04 17:22:23
5007161,500716,1,Office Supplies,Office Supplies item 1,15,319.63,2025-09-17 10:55:47
5007162,500716,2,Office Supplies,Office Supplies item 2,26,100.24,2025-09-17 10:55:47
5007163,500716,3,Office Supplies,Office Supplies item 3,14,173.31,2025-09-17 10:55:47
5007171,500717,1,Marketing Materials,Marketing Materials item 1,39,2074.44,2025-02-12 14:28:18
5007181,500718,1,Professional Services,Professional Services item 1,1,15155.2,2026-08-20 10:07:52
5007182,500718,2,Professional Services,Professional Services item 2,1,48884.31,2026-08-20 10:07:52
5007183,500718,3,Professional Services,Professional Services item 3,1,63571.64,2026-08-20 10:07:52
5007191,500719,1,Facilities Maintenance,Facilities Maintenance item 1,1,30871.63,2025-04-18 08:34:51
5007201,500720,1,Office Supplies,Office Supplies item 1,7,298.66,2025-04-04 09:34:36
5007211,500721,1,Professional Services,Professional Services item 1,1,100463.39,2025-02-20 12:13:23
5007212,500721,2,Professional Services,Professional Services item 2,1,39293.23,2025-02-20 12:13:23
5007213,500721,3,Professional Services,Professional Services item 3,1,36141.58,2025-02-20 12:13:23
5007221,500722,1,Software Licenses,Software Licenses item 1,1,39875.24,2026-08-18 08:21:56
5007222,500722,2,Software Licenses,Software Licenses item 2,1,48964.87,2026-08-18 08:21:56
5007223,500722,3,Software Licenses,Software Licenses item 3,1,20034.48,2026-08-18 08:21:56
5007231,500723,1,IT Hardware,IT Hardware item 1,31,8882.24,2025-05-07 09:57:26
5007232,500723,2,IT Hardware,IT Hardware item 2,4,5108.73,2025-05-07 09:57:26
5007233,500723,3,IT Hardware,IT Hardware item 3,30,1478.61,2025-05-07 09:57:26
5007241,500724,1,Professional Services,Professional Services item 1,1,148178.6,2026-05-28 12:16:48
5007251,500725,1,Facilities Maintenance,Facilities Maintenance item 1,1,37533.89,2025-02-04 09:23:08
5007261,500726,1,Professional Services,Professional Services item 1,1,17605.15,2024-10-18 09:55:33
5007262,500726,2,Professional Services,Professional Services item 2,1,67989.85,2024-10-18 09:55:33
5007263,500726,3,Professional Services,Professional Services item 3,1,113948.73,2024-10-18 09:55:33
5007271,500727,1,Facilities Maintenance,Facilities Maintenance item 1,1,13722.95,2026-03-19 16:28:55
5007272,500727,2,Facilities Maintenance,Facilities Maintenance item 2,1,3559.93,2026-03-19 16:28:55
5007273,500727,3,Facilities Maintenance,Facilities Maintenance item 3,1,15047.53,2026-03-19 16:28:55
5007281,500728,1,Marketing Materials,Marketing Materials item 1,17,13238.75,2026-08-12 09:50:45
5007282,500728,2,Marketing Materials,Marketing Materials item 2,31,5098.0,2026-08-12 09:50:45
5007283,500728,3,Marketing Materials,Marketing Materials item 3,19,10053.73,2026-08-12 09:50:45
5007291,500729,1,Marketing Materials,Marketing Materials item 1,28,11506.32,2025-09-18 10:36:03
5007301,500730,1,IT Hardware,IT Hardware item 1,8,4574.87,2025-12-01 15:19:38
5007311,500731,1,Professional Services,Professional Services item 1,1,96302.08,2024-11-14 09:42:45
5007312,500731,2,Professional Services,Professional Services item 2,1,30086.36,2024-11-14 09:42:45
5007321,500732,1,Marketing Materials,Marketing Materials item 1,9,12430.25,2025-01-13 09:35:05
5007331,500733,1,IT Hardware,IT Hardware item 1,14,4452.18,2026-02-03 16:04:39
5007341,500734,1,Marketing Materials,Marketing Materials item 1,2,6029.22,2025-07-30 08:53:49
5007351,500735,1,Office Supplies,Office Supplies item 1,16,76.02,2026-05-25 09:35:06
5007352,500735,2,Office Supplies,Office Supplies item 2,21,43.04,2026-05-25 09:35:06
5007353,500735,3,Office Supplies,Office Supplies item 3,28,379.11,2026-05-25 09:35:06
5007361,500736,1,IT Hardware,IT Hardware item 1,17,7885.58,2024-11-28 08:13:46
5007371,500737,1,IT Hardware,IT Hardware item 1,24,5442.38,2025-03-31 08:52:30
5007372,500737,2,IT Hardware,IT Hardware item 2,39,984.46,2025-03-31 08:52:30
5007381,500738,1,Marketing Materials,Marketing Materials item 1,18,11627.64,2026-08-05 11:14:47
5007391,500739,1,Marketing Materials,Marketing Materials item 1,8,9220.13,2026-07-09 16:43:20
5007401,500740,1,Marketing Materials,Marketing Materials item 1,21,7145.22,2025-03-07 11:36:34
5007402,500740,2,Marketing Materials,Marketing Materials item 2,21,2416.69,2025-03-07 11:36:34
5007403,500740,3,Marketing Materials,Marketing Materials item 3,25,14903.74,2025-03-07 11:36:34
5007411,500741,1,Marketing Materials,Marketing Materials item 1,18,7619.1,2025-07-29 10:21:07
5007421,500742,1,Software Licenses,Software Licenses item 1,1,43534.33,2025-04-22 09:38:31
5007422,500742,2,Software Licenses,Software Licenses item 2,1,45957.84,2025-04-22 09:38:31
5007431,500743,1,Marketing Materials,Marketing Materials item 1,16,641.07,2026-09-04 12:53:10
5007441,500744,1,IT Hardware,IT Hardware item 1,29,3911.08,2026-06-19 08:50:30
5007451,500745,1,Marketing Materials,Marketing Materials item 1,14,3922.7,2025-12-15 10:10:43
5007461,500746,1,IT Hardware,IT Hardware item 1,2,8950.0,2026-07-06 10:26:52
5007462,500746,2,IT Hardware,IT Hardware item 2,3,8646.2,2026-07-06 10:26:52
5007463,500746,3,IT Hardware,IT Hardware item 3,22,1231.25,2026-07-06 10:26:52
5007471,500747,1,Office Supplies,Office Supplies item 1,32,61.56,2024-12-27 09:08:00
5007481,500748,1,Office Supplies,Office Supplies item 1,1,189.21,2025-07-07 09:26:10
5007491,500749,1,Professional Services,Professional Services item 1,1,94575.71,2026-05-21 09:34:15
5007492,500749,2,Professional Services,Professional Services item 2,1,32305.08,2026-05-21 09:34:15
5007501,500750,1,Software Licenses,Software Licenses item 1,1,40174.44,2026-04-22 09:48:48
5007511,500751,1,Office Supplies,Office Supplies item 1,35,367.61,2026-01-07 14:20:07
5007512,500751,2,Office Supplies,Office Supplies item 2,19,358.97,2026-01-07 14:20:07
5007513,500751,3,Office Supplies,Office Supplies item 3,4,393.25,2026-01-07 14:20:07
5007521,500752,1,Office Supplies,Office Supplies item 1,29,82.24,2024-10-11 08:53:10
5007522,500752,2,Office Supplies,Office Supplies item 2,21,105.0,2024-10-11 08:53:10
5007531,500753,1,Professional Services,Professional Services item 1,1,30355.89,2025-11-12 10:19:58
5007532,500753,2,Professional Services,Professional Services item 2,1,118402.33,2025-11-12 10:19:58
5007541,500754,1,Office Supplies,Office Supplies item 1,38,201.99,2025-03-26 13:17:11
5007542,500754,2,Office Supplies,Office Supplies item 2,27,316.8,2025-03-26 13:17:11
5007551,500755,1,Marketing Materials,Marketing Materials item 1,34,10539.75,2025-07-15 13:11:20
5007561,500756,1,Marketing Materials,Marketing Materials item 1,34,14798.14,2025-11-04 11:49:40
5007571,500757,1,Office Supplies,Office Supplies item 1,29,96.11,2024-11-28 08:17:57
5007581,500758,1,Office Supplies,Office Supplies item 1,21,340.15,2025-05-22 09:02:21
5007582,500758,2,Office Supplies,Office Supplies item 2,22,259.83,2025-05-22 09:02:21
5007591,500759,1,IT Hardware,IT Hardware item 1,24,4877.35,2026-01-12 10:44:09
5007601,500760,1,Marketing Materials,Marketing Materials item 1,7,7381.27,2025-10-22 08:06:19
5007611,500761,1,Marketing Materials,Marketing Materials item 1,21,14610.75,2025-05-05 10:40:14
5007621,500762,1,Professional Services,Professional Services item 1,1,17530.96,2026-08-27 10:51:02
5007622,500762,2,Professional Services,Professional Services item 2,1,149596.32,2026-08-27 10:51:02
5007623,500762,3,Professional Services,Professional Services item 3,1,135726.38,2026-08-27 10:51:02
5007631,500763,1,Marketing Materials,Marketing Materials item 1,16,9068.36,2025-12-16 10:06:41
5007641,500764,1,Facilities Maintenance,Facilities Maintenance item 1,1,14386.34,2025-01-23 10:22:09
5007651,500765,1,Office Supplies,Office Supplies item 1,24,264.26,2026-01-09 13:13:00
5007652,500765,2,Office Supplies,Office Supplies item 2,15,93.37,2026-01-09 13:13:00
5007653,500765,3,Office Supplies,Office Supplies item 3,14,46.86,2026-01-09 13:13:00
5007661,500766,1,Facilities Maintenance,Facilities Maintenance item 1,1,8390.96,2026-02-04 08:08:52
5007662,500766,2,Facilities Maintenance,Facilities Maintenance item 2,1,36566.88,2026-02-04 08:08:52
5007671,500767,1,Software Licenses,Software Licenses item 1,1,54657.11,2026-04-22 09:46:47
5007681,500768,1,Facilities Maintenance,Facilities Maintenance item 1,1,36048.38,2024-10-21 08:27:42
5007682,500768,2,Facilities Maintenance,Facilities Maintenance item 2,1,9959.53,2024-10-21 08:27:42
5007683,500768,3,Facilities Maintenance,Facilities Maintenance item 3,1,33660.61,2024-10-21 08:27:42
5007691,500769,1,Professional Services,Professional Services item 1,1,136885.21,2026-04-13 10:14:38
5007692,500769,2,Professional Services,Professional Services item 2,1,31438.29,2026-04-13 10:14:38
5007701,500770,1,Office Supplies,Office Supplies item 1,8,355.15,2024-12-18 14:26:19
5007702,500770,2,Office Supplies,Office Supplies item 2,40,43.84,2024-12-18 14:26:19
5007721,500772,1,Facilities Maintenance,Facilities Maintenance item 1,1,18255.35,2026-02-06 08:00:38
5007722,500772,2,Facilities Maintenance,Facilities Maintenance item 2,1,31267.27,2026-02-06 08:00:38
5007731,500773,1,Office Supplies,Office Supplies item 1,24,350.64,2025-10-29 10:45:47
5007732,500773,2,Office Supplies,Office Supplies item 2,7,100.07,2025-10-29 10:45:47
5007741,500774,1,Office Supplies,Office Supplies item 1,29,28.85,2025-06-17 17:58:08
5007742,500774,2,Office Supplies,Office Supplies item 2,28,353.13,2025-06-17 17:58:08
5007743,500774,3,Office Supplies,Office Supplies item 3,11,259.41,2025-06-17 17:58:08
5007751,500775,1,Office Supplies,Office Supplies item 1,22,192.1,2025-07-11 08:33:28
5007752,500775,2,Office Supplies,Office Supplies item 2,24,341.11,2025-07-11 08:33:28
5007753,500775,3,Office Supplies,Office Supplies item 3,32,321.0,2025-07-11 08:33:28
5007761,500776,1,Marketing Materials,Marketing Materials item 1,21,9584.96,2025-03-06 10:01:37
5007762,500776,2,Marketing Materials,Marketing Materials item 2,38,6058.13,2025-03-06 10:01:37
5007763,500776,3,Marketing Materials,Marketing Materials item 3,20,1563.11,2025-03-06 10:01:37
5007771,500777,1,Professional Services,Professional Services item 1,1,93774.11,2026-02-25 12:05:21
5007781,500778,1,Facilities Maintenance,Facilities Maintenance item 1,1,34896.49,2025-02-03 10:33:27
5007791,500779,1,Facilities Maintenance,Facilities Maintenance item 1,1,37982.98,2025-01-01 09:14:36
5007792,500779,2,Facilities Maintenance,Facilities Maintenance item 2,1,5369.05,2025-01-01 09:14:36
5007793,500779,3,Facilities Maintenance,Facilities Maintenance item 3,1,10021.55,2025-01-01 09:14:36
5007801,500780,1,Office Supplies,Office Supplies item 1,39,28.08,2024-12-13 09:52:47
5007802,500780,2,Office Supplies,Office Supplies item 2,14,84.29,2024-12-13 09:52:47
5007811,500781,1,Facilities Maintenance,Facilities Maintenance item 1,1,15998.9,2025-05-05 08:40:00
5007821,500782,1,IT Hardware,IT Hardware item 1,32,1285.84,2025-08-11 10:02:12
5007831,500783,1,Professional Services,Professional Services item 1,1,124323.39,2025-07-17 08:56:28
5007841,500784,1,Software Licenses,Software Licenses item 1,1,48940.64,2026-06-15 10:45:38
5007842,500784,2,Software Licenses,Software Licenses item 2,1,46739.5,2026-06-15 10:45:38
5007843,500784,3,Software Licenses,Software Licenses item 3,1,53142.4,2026-06-15 10:45:38
5007851,500785,1,IT Hardware,IT Hardware item 1,24,4187.84,2025-12-05 10:05:08
5007852,500785,2,IT Hardware,IT Hardware item 2,28,5787.92,2025-12-05 10:05:08
5007861,500786,1,Software Licenses,Software Licenses item 1,1,17242.04,2025-02-17 15:57:44
5007862,500786,2,Software Licenses,Software Licenses item 2,1,18660.08,2025-02-17 15:57:44
5007871,500787,1,Professional Services,Professional Services item 1,1,11368.3,2026-02-02 09:02:16
5007872,500787,2,Professional Services,Professional Services item 2,1,84132.11,2026-02-02 09:02:16
5007873,500787,3,Professional Services,Professional Services item 3,1,16613.53,2026-02-02 09:02:16
5007891,500789,1,IT Hardware,IT Hardware item 1,30,4110.05,2025-05-16 10:15:38
5007892,500789,2,IT Hardware,IT Hardware item 2,10,4989.38,2025-05-16 10:15:38
5007901,500790,1,IT Hardware,IT Hardware item 1,11,2695.83,2024-11-11 08:02:49
5007911,500791,1,Facilities Maintenance,Facilities Maintenance item 1,1,24356.05,2025-03-12 09:32:35
5007912,500791,2,Facilities Maintenance,Facilities Maintenance item 2,1,11163.8,2025-03-12 09:32:35
5007921,500792,1,IT Hardware,IT Hardware item 1,29,6710.3,2025-03-11 12:34:49
5007922,500792,2,IT Hardware,IT Hardware item 2,14,7065.26,2025-03-11 12:34:49
5007923,500792,3,IT Hardware,IT Hardware item 3,38,3192.37,2025-03-11 12:34:49
5007931,500793,1,Professional Services,Professional Services item 1,1,146329.79,2026-01-27 13:36:12
5007941,500794,1,IT Hardware,IT Hardware item 1,34,5281.71,2026-05-08 10:52:34
5007951,500795,1,Software Licenses,Software Licenses item 1,1,17085.86,2026-04-29 09:08:23
5007952,500795,2,Software Licenses,Software Licenses item 2,1,8107.29,2026-04-29 09:08:23
5007961,500796,1,Software Licenses,Software Licenses item 1,1,39546.35,2026-08-27 09:30:24
5007962,500796,2,Software Licenses,Software Licenses item 2,1,23476.81,2026-08-27 09:30:24
5007971,500797,1,Facilities Maintenance,Facilities Maintenance item 1,1,2420.62,2025-01-30 16:27:46
5007981,500798,1,IT Hardware,IT Hardware item 1,30,7583.16,2025-01-28 09:47:47
5007991,500799,1,Office Supplies,Office Supplies item 1,20,313.82,2024-12-11 08:00:49
5007992,500799,2,Office Supplies,Office Supplies item 2,26,329.5,2024-12-11 08:00:49
5008001,500800,1,Office Supplies,Office Supplies item 1,17,368.8,2025-02-03 09:01:10
5008011,500801,1,Marketing Materials,Marketing Materials item 1,37,11270.05,2025-02-25 08:56:25
5008021,500802,1,Office Supplies,Office Supplies item 1,33,361.31,2024-12-31 10:17:55
5008031,500803,1,IT Hardware,IT Hardware item 1,25,3336.88,2025-04-28 14:53:36
5008032,500803,2,IT Hardware,IT Hardware item 2,39,7217.09,2025-04-28 14:53:36
5008041,500804,1,Software Licenses,Software Licenses item 1,1,41558.24,2024-11-29 11:36:11
5008051,500805,1,Facilities Maintenance,Facilities Maintenance item 1,1,14136.05,2026-04-30 10:58:28
5008061,500806,1,Software Licenses,Software Licenses item 1,1,39639.6,2025-12-30 09:16:56
5008062,500806,2,Software Licenses,Software Licenses item 2,1,44628.52,2025-12-30 09:16:56
5008071,500807,1,IT Hardware,IT Hardware item 1,26,1302.72,2025-08-25 09:39:19
5008081,500808,1,Office Supplies,Office Supplies item 1,38,338.58,2026-08-10 12:49:54
5008082,500808,2,Office Supplies,Office Supplies item 2,14,302.07,2026-08-10 12:49:54
5008091,500809,1,Marketing Materials,Marketing Materials item 1,33,10845.48,2026-04-07 11:00:35
5008092,500809,2,Marketing Materials,Marketing Materials item 2,6,2056.06,2026-04-07 11:00:35
5008101,500810,1,Professional Services,Professional Services item 1,1,40954.06,2025-07-10 08:39:34
5008102,500810,2,Professional Services,Professional Services item 2,1,126147.87,2025-07-10 08:39:34
5008103,500810,3,Professional Services,Professional Services item 3,1,62349.8,2025-07-10 08:39:34
5008111,500811,1,Marketing Materials,Marketing Materials item 1,37,8259.63,2025-06-11 08:18:53
5008121,500812,1,Office Supplies,Office Supplies item 1,23,120.63,2025-08-12 10:58:19
5008122,500812,2,Office Supplies,Office Supplies item 2,10,163.5,2025-08-12 10:58:19
5008131,500813,1,Facilities Maintenance,Facilities Maintenance item 1,1,15146.21,2025-04-10 08:12:48
5008132,500813,2,Facilities Maintenance,Facilities Maintenance item 2,1,35557.6,2025-04-10 08:12:48
5008141,500814,1,Office Supplies,Office Supplies item 1,1,276.2,2025-01-08 09:31:57
5008151,500815,1,Professional Services,Professional Services item 1,1,87619.3,2026-01-26 08:50:15
5008152,500815,2,Professional Services,Professional Services item 2,1,61107.82,2026-01-26 08:50:15
5008153,500815,3,Professional Services,Professional Services item 3,1,86124.98,2026-01-26 08:50:15
5008161,500816,1,Office Supplies,Office Supplies item 1,25,96.09,2026-01-05 10:41:04
5008162,500816,2,Office Supplies,Office Supplies item 2,38,313.12,2026-01-05 10:41:04
5008171,500817,1,Marketing Materials,Marketing Materials item 1,17,13871.0,2024-12-02 10:19:41
5008181,500818,1,Marketing Materials,Marketing Materials item 1,10,10035.14,2025-12-18 10:17:14
5008191,500819,1,Office Supplies,Office Supplies item 1,30,166.81,2026-08-19 10:20:52
5008201,500820,1,Professional Services,Professional Services item 1,1,145483.86,2025-09-12 08:12:33
5008211,500821,1,Marketing Materials,Marketing Materials item 1,37,4551.43,2025-02-13 10:44:28
5008221,500822,1,Office Supplies,Office Supplies item 1,29,57.76,2025-07-29 08:44:34
5008222,500822,2,Office Supplies,Office Supplies item 2,17,104.87,2025-07-29 08:44:34
5008231,500823,1,Facilities Maintenance,Facilities Maintenance item 1,1,22203.46,2025-08-15 10:15:30
5008232,500823,2,Facilities Maintenance,Facilities Maintenance item 2,1,38788.26,2025-08-15 10:15:30
5008241,500824,1,Marketing Materials,Marketing Materials item 1,5,1144.84,2025-07-02 09:17:51
5008251,500825,1,Marketing Materials,Marketing Materials item 1,16,5340.12,2026-07-03 10:26:58
5008252,500825,2,Marketing Materials,Marketing Materials item 2,31,2729.59,2026-07-03 10:26:58
5008253,500825,3,Marketing Materials,Marketing Materials item 3,11,4218.81,2026-07-03 10:26:58
5008261,500826,1,Professional Services,Professional Services item 1,1,145723.37,2025-11-21 10:47:31
5008262,500826,2,Professional Services,Professional Services item 2,1,66847.84,2025-11-21 10:47:31
5008263,500826,3,Professional Services,Professional Services item 3,1,64363.9,2025-11-21 10:47:31
5008271,500827,1,Office Supplies,Office Supplies item 1,10,102.19,2025-11-05 08:01:10
5008281,500828,1,Marketing Materials,Marketing Materials item 1,19,1312.07,2026-07-10 08:46:46
5008282,500828,2,Marketing Materials,Marketing Materials item 2,35,11427.46,2026-07-10 08:46:46
5008291,500829,1,Professional Services,Professional Services item 1,1,13836.91,2025-11-21 08:11:22
5008301,500830,1,Software Licenses,Software Licenses item 1,1,39348.09,2025-11-26 11:38:09
5008311,500831,1,Office Supplies,Office Supplies item 1,9,194.07,2025-06-02 08:43:03
5008312,500831,2,Office Supplies,Office Supplies item 2,1,303.59,2025-06-02 08:43:03
5008321,500832,1,Professional Services,Professional Services item 1,1,134548.24,2026-02-26 10:55:32
5008331,500833,1,IT Hardware,IT Hardware item 1,31,3320.6,2024-10-23 11:22:11
5008332,500833,2,IT Hardware,IT Hardware item 2,38,6153.88,2024-10-23 11:22:11
5008341,500834,1,Facilities Maintenance,Facilities Maintenance item 1,1,5922.04,2025-01-03 13:39:10
5008342,500834,2,Facilities Maintenance,Facilities Maintenance item 2,1,38637.67,2025-01-03 13:39:10
5008351,500835,1,Marketing Materials,Marketing Materials item 1,5,12580.69,2026-08-13 08:33:03
5008352,500835,2,Marketing Materials,Marketing Materials item 2,38,14754.97,2026-08-13 08:33:03
5008361,500836,1,Professional Services,Professional Services item 1,1,79043.7,2025-10-07 15:06:01
5008371,500837,1,Software Licenses,Software Licenses item 1,1,32660.65,2025-03-18 10:17:25
5008381,500838,1,Facilities Maintenance,Facilities Maintenance item 1,1,16608.87,2025-06-30 10:16:39
5008391,500839,1,Office Supplies,Office Supplies item 1,35,114.16,2025-11-10 09:47:54
5008401,500840,1,IT Hardware,IT Hardware item 1,16,5998.9,2026-05-04 09:00:09
5008411,500841,1,Software Licenses,Software Licenses item 1,1,21747.68,2026-04-16 09:55:02
5008421,500842,1,Office Supplies,Office Supplies item 1,15,315.61,2025-09-04 09:10:26
5008431,500843,1,Marketing Materials,Marketing Materials item 1,20,10967.54,2025-03-18 16:36:28
5008432,500843,2,Marketing Materials,Marketing Materials item 2,22,757.56,2025-03-18 16:36:28
5008441,500844,1,Software Licenses,Software Licenses item 1,1,36968.07,2025-04-03 17:25:01
5008442,500844,2,Software Licenses,Software Licenses item 2,1,39444.45,2025-04-03 17:25:01
5008451,500845,1,Professional Services,Professional Services item 1,1,20527.1,2026-02-11 08:57:30
5008452,500845,2,Professional Services,Professional Services item 2,1,83849.22,2026-02-11 08:57:30
5008461,500846,1,Marketing Materials,Marketing Materials item 1,23,12065.71,2026-01-07 15:03:33
5008471,500847,1,Marketing Materials,Marketing Materials item 1,9,12433.06,2025-12-22 10:56:12
5008481,500848,1,Professional Services,Professional Services item 1,1,76320.04,2024-12-04 10:25:38
5008491,500849,1,Software Licenses,Software Licenses item 1,1,59802.1,2026-09-16 08:04:22
5008492,500849,2,Software Licenses,Software Licenses item 2,1,36664.02,2026-09-16 08:04:22
5008493,500849,3,Software Licenses,Software Licenses item 3,1,5199.33,2026-09-16 08:04:22
5008501,500850,1,IT Hardware,IT Hardware item 1,39,3736.96,2026-03-30 08:50:26
5008502,500850,2,IT Hardware,IT Hardware item 2,37,7056.3,2026-03-30 08:50:26
5008511,500851,1,Facilities Maintenance,Facilities Maintenance item 1,1,27052.51,2025-10-27 10:56:49
5008521,500852,1,Professional Services,Professional Services item 1,1,79104.06,2026-06-29 16:06:40
5008522,500852,2,Professional Services,Professional Services item 2,1,37444.17,2026-06-29 16:06:40
5008523,500852,3,Professional Services,Professional Services item 3,1,24329.88,2026-06-29 16:06:40
5008531,500853,1,Office Supplies,Office Supplies item 1,14,318.75,2026-09-14 08:00:49
5008532,500853,2,Office Supplies,Office Supplies item 2,2,362.4,2026-09-14 08:00:49
5008541,500854,1,Software Licenses,Software Licenses item 1,1,35591.3,2026-05-11 15:33:12
5008542,500854,2,Software Licenses,Software Licenses item 2,1,42229.5,2026-05-11 15:33:12
5008551,500855,1,Facilities Maintenance,Facilities Maintenance item 1,1,28138.34,2025-08-27 13:18:47
5008561,500856,1,Facilities Maintenance,Facilities Maintenance item 1,1,35537.34,2026-02-17 10:12:49
5008571,500857,1,Office Supplies,Office Supplies item 1,4,20.7,2025-03-03 08:24:13
5008572,500857,2,Office Supplies,Office Supplies item 2,5,82.58,2025-03-03 08:24:13
5008581,500858,1,Marketing Materials,Marketing Materials item 1,22,1820.6,2025-05-16 12:18:50
5008591,500859,1,Marketing Materials,Marketing Materials item 1,2,14485.6,2026-07-23 09:44:21
5008592,500859,2,Marketing Materials,Marketing Materials item 2,24,5369.35,2026-07-23 09:44:21
5008601,500860,1,IT Hardware,IT Hardware item 1,31,7479.39,2026-09-01 10:55:12
5008611,500861,1,Facilities Maintenance,Facilities Maintenance item 1,1,22202.42,2026-02-27 09:33:42
5008612,500861,2,Facilities Maintenance,Facilities Maintenance item 2,1,39235.61,2026-02-27 09:33:42
5008621,500862,1,Professional Services,Professional Services item 1,1,43929.53,2024-12-18 08:46:03
5008622,500862,2,Professional Services,Professional Services item 2,1,98761.36,2024-12-18 08:46:03
5008631,500863,1,Marketing Materials,Marketing Materials item 1,20,2739.58,2026-03-20 10:26:21
5008641,500864,1,IT Hardware,IT Hardware item 1,11,1072.14,2025-07-21 12:33:26
5008642,500864,2,IT Hardware,IT Hardware item 2,37,3877.44,2025-07-21 12:33:26
5008651,500865,1,Office Supplies,Office Supplies item 1,7,44.22,2025-03-03 10:15:36
5008661,500866,1,IT Hardware,IT Hardware item 1,25,1397.46,2025-01-17 10:42:14
5008671,500867,1,Software Licenses,Software Licenses item 1,1,30142.67,2024-12-26 09:50:27
5008672,500867,2,Software Licenses,Software Licenses item 2,1,6134.39,2024-12-26 09:50:27
5008681,500868,1,IT Hardware,IT Hardware item 1,32,8989.9,2024-10-18 11:01:09
5008682,500868,2,IT Hardware,IT Hardware item 2,1,5850.49,2024-10-18 11:01:09
5008683,500868,3,IT Hardware,IT Hardware item 3,27,6203.91,2024-10-18 11:01:09
5008691,500869,1,Office Supplies,Office Supplies item 1,4,119.85,2025-07-14 08:51:06
5008692,500869,2,Office Supplies,Office Supplies item 2,40,98.99,2025-07-14 08:51:06
5008701,500870,1,Marketing Materials,Marketing Materials item 1,13,11183.87,2024-12-30 16:56:33
5008711,500871,1,Professional Services,Professional Services item 1,1,37594.31,2026-09-01 10:06:31
5008712,500871,2,Professional Services,Professional Services item 2,1,105181.63,2026-09-01 10:06:31
5008721,500872,1,Professional Services,Professional Services item 1,1,109255.32,2025-08-13 10:57:14
5008722,500872,2,Professional Services,Professional Services item 2,1,149471.71,2025-08-13 10:57:14
5008723,500872,3,Professional Services,Professional Services item 3,1,19161.38,2025-08-13 10:57:14
5008731,500873,1,Professional Services,Professional Services item 1,1,128818.41,2024-12-18 10:19:28
5008732,500873,2,Professional Services,Professional Services item 2,1,21442.85,2024-12-18 10:19:28
5008741,500874,1,Professional Services,Professional Services item 1,1,76747.32,2026-05-14 10:11:45
5008742,500874,2,Professional Services,Professional Services item 2,1,49387.83,2026-05-14 10:11:45
5008743,500874,3,Professional Services,Professional Services item 3,1,71601.0,2026-05-14 10:11:45
5008761,500876,1,Software Licenses,Software Licenses item 1,1,42279.87,2025-04-21 08:37:20
5008771,500877,1,IT Hardware,IT Hardware item 1,15,3100.02,2026-04-30 11:47:28
5008781,500878,1,Office Supplies,Office Supplies item 1,27,150.21,2025-11-10 08:23:44
5008782,500878,2,Office Supplies,Office Supplies item 2,37,369.19,2025-11-10 08:23:44
5008783,500878,3,Office Supplies,Office Supplies item 3,14,290.92,2025-11-10 08:23:44
5008791,500879,1,Software Licenses,Software Licenses item 1,1,34312.32,2026-02-05 09:58:43
5008792,500879,2,Software Licenses,Software Licenses item 2,1,53464.74,2026-02-05 09:58:43
5008793,500879,3,Software Licenses,Software Licenses item 3,1,59839.06,2026-02-05 09:58:43
5008801,500880,1,IT Hardware,IT Hardware item 1,31,2657.14,2026-08-31 10:11:12
5008802,500880,2,IT Hardware,IT Hardware item 2,14,8341.35,2026-08-31 10:11:12
5008803,500880,3,IT Hardware,IT Hardware item 3,12,4446.08,2026-08-31 10:11:12
5008811,500881,1,Software Licenses,Software Licenses item 1,1,36535.48,2026-05-11 10:03:55
5008821,500882,1,Marketing Materials,Marketing Materials item 1,40,14230.97,2025-07-16 09:55:58
5008822,500882,2,Marketing Materials,Marketing Materials item 2,26,14082.67,2025-07-16 09:55:58
5008831,500883,1,IT Hardware,IT Hardware item 1,22,4185.21,2026-06-25 08:32:40
5008832,500883,2,IT Hardware,IT Hardware item 2,30,822.78,2026-06-25 08:32:40
5008841,500884,1,Software Licenses,Software Licenses item 1,1,8374.43,2026-04-06 10:29:18
5008851,500885,1,Marketing Materials,Marketing Materials item 1,10,2435.32,2025-05-20 12:36:28
5008852,500885,2,Marketing Materials,Marketing Materials item 2,31,9958.0,2025-05-20 12:36:28
5008861,500886,1,Facilities Maintenance,Facilities Maintenance item 1,1,23589.98,2026-05-25 10:13:48
5008862,500886,2,Facilities Maintenance,Facilities Maintenance item 2,1,19133.29,2026-05-25 10:13:48
5008871,500887,1,Facilities Maintenance,Facilities Maintenance item 1,1,16274.0,2026-08-17 12:05:02
5008872,500887,2,Facilities Maintenance,Facilities Maintenance item 2,1,5722.61,2026-08-17 12:05:02
5008881,500888,1,Marketing Materials,Marketing Materials item 1,10,3125.22,2026-05-11 10:01:01
5008882,500888,2,Marketing Materials,Marketing Materials item 2,4,4925.94,2026-05-11 10:01:01
5008883,500888,3,Marketing Materials,Marketing Materials item 3,34,4759.23,2026-05-11 10:01:01
5008891,500889,1,IT Hardware,IT Hardware item 1,25,4348.2,2026-06-24 10:02:20
5008892,500889,2,IT Hardware,IT Hardware item 2,22,6276.11,2026-06-24 10:02:20
5008893,500889,3,IT Hardware,IT Hardware item 3,14,3988.76,2026-06-24 10:02:20
5008901,500890,1,Facilities Maintenance,Facilities Maintenance item 1,1,19812.88,2025-03-24 16:12:01
5008902,500890,2,Facilities Maintenance,Facilities Maintenance item 2,1,22987.05,2025-03-24 16:12:01
5008903,500890,3,Facilities Maintenance,Facilities Maintenance item 3,1,7477.34,2025-03-24 16:12:01
5008911,500891,1,Software Licenses,Software Licenses item 1,1,32591.98,2026-04-08 10:00:53
5008912,500891,2,Software Licenses,Software Licenses item 2,1,18306.54,2026-04-08 10:00:53
5008913,500891,3,Software Licenses,Software Licenses item 3,1,59292.91,2026-04-08 10:00:53
5008921,500892,1,Software Licenses,Software Licenses item 1,1,2220.37,2026-04-27 10:47:37
5008922,500892,2,Software Licenses,Software Licenses item 2,1,31914.71,2026-04-27 10:47:37
5008941,500894,1,Facilities Maintenance,Facilities Maintenance item 1,1,2443.39,2024-10-30 14:57:24
5008951,500895,1,Professional Services,Professional Services item 1,1,13448.13,2024-11-04 09:24:58
5008961,500896,1,IT Hardware,IT Hardware item 1,28,2937.94,2025-12-12 12:17:50
5008962,500896,2,IT Hardware,IT Hardware item 2,10,3803.01,2025-12-12 12:17:50
5008971,500897,1,Professional Services,Professional Services item 1,1,116570.85,2025-01-10 13:22:59
5008972,500897,2,Professional Services,Professional Services item 2,1,77636.17,2025-01-10 13:22:59
5008981,500898,1,Professional Services,Professional Services item 1,1,11182.2,2025-01-17 10:40:16
5008991,500899,1,Office Supplies,Office Supplies item 1,30,244.6,2025-11-05 10:44:37
5009001,500900,1,Facilities Maintenance,Facilities Maintenance item 1,1,2876.71,2026-04-02 14:22:56
5009002,500900,2,Facilities Maintenance,Facilities Maintenance item 2,1,37024.09,2026-04-02 14:22:56
5009003,500900,3,Facilities Maintenance,Facilities Maintenance item 3,1,33541.03,2026-04-02 14:22:56
5009011,500901,1,Office Supplies,Office Supplies item 1,30,380.06,2025-12-19 10:12:06
5009021,500902,1,Office Supplies,Office Supplies item 1,3,117.67,2026-02-26 10:22:38
5009031,500903,1,Facilities Maintenance,Facilities Maintenance item 1,1,6431.46,2026-04-07 09:26:26
5009032,500903,2,Facilities Maintenance,Facilities Maintenance item 2,1,34657.89,2026-04-07 09:26:26
5009041,500904,1,Office Supplies,Office Supplies item 1,30,203.09,2024-12-26 17:08:09
5009042,500904,2,Office Supplies,Office Supplies item 2,1,57.73,2024-12-26 17:08:09
5009043,500904,3,Office Supplies,Office Supplies item 3,20,353.13,2024-12-26 17:08:09
5009051,500905,1,Software Licenses,Software Licenses item 1,1,26196.52,2024-12-10 10:55:36
5009052,500905,2,Software Licenses,Software Licenses item 2,1,15126.95,2024-12-10 10:55:36
5009053,500905,3,Software Licenses,Software Licenses item 3,1,39197.92,2024-12-10 10:55:36
5009061,500906,1,Facilities Maintenance,Facilities Maintenance item 1,1,2515.65,2025-04-24 09:28:01
5009062,500906,2,Facilities Maintenance,Facilities Maintenance item 2,1,26572.31,2025-04-24 09:28:01
5009071,500907,1,Marketing Materials,Marketing Materials item 1,13,9125.27,2025-06-27 09:09:10
5009072,500907,2,Marketing Materials,Marketing Materials item 2,12,13062.16,2025-06-27 09:09:10
5009081,500908,1,Software Licenses,Software Licenses item 1,1,26966.74,2025-12-11 14:59:11
5009082,500908,2,Software Licenses,Software Licenses item 2,1,46500.2,2025-12-11 14:59:11
5009083,500908,3,Software Licenses,Software Licenses item 3,1,2011.44,2025-12-11 14:59:11
5009091,500909,1,Marketing Materials,Marketing Materials item 1,27,4122.43,2026-03-23 10:38:01
5009092,500909,2,Marketing Materials,Marketing Materials item 2,15,10428.75,2026-03-23 10:38:01
5009101,500910,1,Professional Services,Professional Services item 1,1,18169.91,2026-05-21 08:26:43
5009111,500911,1,Marketing Materials,Marketing Materials item 1,36,2265.41,2025-12-09 08:21:44
5009112,500911,2,Marketing Materials,Marketing Materials item 2,14,10808.4,2025-12-09 08:21:44
5009121,500912,1,Professional Services,Professional Services item 1,1,130591.35,2026-06-26 08:55:18
5009131,500913,1,Software Licenses,Software Licenses item 1,1,53868.68,2025-10-01 10:35:34
5009132,500913,2,Software Licenses,Software Licenses item 2,1,54518.78,2025-10-01 10:35:34
5009141,500914,1,IT Hardware,IT Hardware item 1,30,7581.48,2025-01-10 08:03:01
5009151,500915,1,Marketing Materials,Marketing Materials item 1,26,4580.85,2025-08-13 09:54:15
5009161,500916,1,IT Hardware,IT Hardware item 1,17,1569.02,2026-09-21 10:30:48
5009162,500916,2,IT Hardware,IT Hardware item 2,18,6990.23,2026-09-21 10:30:48
5009163,500916,3,IT Hardware,IT Hardware item 3,3,6821.54,2026-09-21 10:30:48
5009171,500917,1,Software Licenses,Software Licenses item 1,1,19338.55,2026-01-02 08:41:23
5009181,500918,1,Office Supplies,Office Supplies item 1,40,362.13,2025-09-15 11:51:01
5009182,500918,2,Office Supplies,Office Supplies item 2,21,54.98,2025-09-15 11:51:01
5009183,500918,3,Office Supplies,Office Supplies item 3,26,169.02,2025-09-15 11:51:01
5009191,500919,1,Office Supplies,Office Supplies item 1,39,289.92,2026-03-05 09:20:05
5009192,500919,2,Office Supplies,Office Supplies item 2,12,22.93,2026-03-05 09:20:05
5009201,500920,1,Software Licenses,Software Licenses item 1,1,16687.73,2026-09-07 16:39:36
5009202,500920,2,Software Licenses,Software Licenses item 2,1,27426.8,2026-09-07 16:39:36
5009203,500920,3,Software Licenses,Software Licenses item 3,1,2141.57,2026-09-07 16:39:36
5009211,500921,1,Facilities Maintenance,Facilities Maintenance item 1,1,11104.78,2026-05-07 10:38:28
5009212,500921,2,Facilities Maintenance,Facilities Maintenance item 2,1,2930.08,2026-05-07 10:38:28
5009221,500922,1,IT Hardware,IT Hardware item 1,32,3101.17,2026-01-26 10:07:14
5009231,500923,1,Professional Services,Professional Services item 1,1,107618.12,2025-04-11 08:19:00
5009241,500924,1,Software Licenses,Software Licenses item 1,1,30813.13,2025-01-24 13:00:08
5009251,500925,1,Software Licenses,Software Licenses item 1,1,11093.02,2025-05-21 08:35:04
5009252,500925,2,Software Licenses,Software Licenses item 2,1,10331.75,2025-05-21 08:35:04
5009253,500925,3,Software Licenses,Software Licenses item 3,1,16985.01,2025-05-21 08:35:04
5009261,500926,1,Office Supplies,Office Supplies item 1,37,170.68,2026-08-05 10:22:43
5009262,500926,2,Office Supplies,Office Supplies item 2,33,238.99,2026-08-05 10:22:43
5009271,500927,1,Professional Services,Professional Services item 1,1,149897.98,2025-07-29 10:49:32
5009272,500927,2,Professional Services,Professional Services item 2,1,48110.13,2025-07-29 10:49:32
5009281,500928,1,Software Licenses,Software Licenses item 1,1,4416.69,2024-12-16 12:57:19
5009282,500928,2,Software Licenses,Software Licenses item 2,1,13060.29,2024-12-16 12:57:19
5009283,500928,3,Software Licenses,Software Licenses item 3,1,52435.98,2024-12-16 12:57:19
5009291,500929,1,IT Hardware,IT Hardware item 1,3,1057.27,2026-07-27 10:03:46
5009292,500929,2,IT Hardware,IT Hardware item 2,24,8240.84,2026-07-27 10:03:46
5009293,500929,3,IT Hardware,IT Hardware item 3,37,6192.27,2026-07-27 10:03:46
5009301,500930,1,Facilities Maintenance,Facilities Maintenance item 1,1,7994.33,2025-04-24 09:24:25
5009302,500930,2,Facilities Maintenance,Facilities Maintenance item 2,1,10302.38,2025-04-24 09:24:25
5009311,500931,1,Office Supplies,Office Supplies item 1,25,48.93,2026-02-19 08:33:25
5009321,500932,1,Software Licenses,Software Licenses item 1,1,2351.73,2026-06-03 17:36:13
5009322,500932,2,Software Licenses,Software Licenses item 2,1,57842.44,2026-06-03 17:36:13
5009331,500933,1,Office Supplies,Office Supplies item 1,14,165.79,2025-09-05 10:56:04
5009332,500933,2,Office Supplies,Office Supplies item 2,3,383.16,2025-09-05 10:56:04
5009341,500934,1,Marketing Materials,Marketing Materials item 1,1,4294.88,2026-02-25 15:32:49
5009351,500935,1,Facilities Maintenance,Facilities Maintenance item 1,1,12895.16,2026-01-06 10:20:42
5009352,500935,2,Facilities Maintenance,Facilities Maintenance item 2,1,17701.17,2026-01-06 10:20:42
5009361,500936,1,Facilities Maintenance,Facilities Maintenance item 1,1,24464.75,2025-12-25 11:39:43
5009371,500937,1,Office Supplies,Office Supplies item 1,24,349.69,2025-03-07 10:51:58
5009381,500938,1,Software Licenses,Software Licenses item 1,1,59949.98,2025-01-02 12:13:27
5009391,500939,1,Professional Services,Professional Services item 1,1,39067.26,2026-05-18 08:49:50
5009392,500939,2,Professional Services,Professional Services item 2,1,110417.16,2026-05-18 08:49:50
5009411,500941,1,Software Licenses,Software Licenses item 1,1,31272.26,2026-05-08 09:22:29
5009421,500942,1,Facilities Maintenance,Facilities Maintenance item 1,1,11350.25,2025-01-29 10:17:37
5009431,500943,1,Marketing Materials,Marketing Materials item 1,14,9195.68,2026-03-09 08:29:18
5009441,500944,1,Professional Services,Professional Services item 1,1,133721.07,2025-12-19 08:08:46
5009442,500944,2,Professional Services,Professional Services item 2,1,119108.13,2025-12-19 08:08:46
5009443,500944,3,Professional Services,Professional Services item 3,1,85165.56,2025-12-19 08:08:46
5009451,500945,1,Marketing Materials,Marketing Materials item 1,24,4888.18,2025-03-11 09:56:09
5009461,500946,1,Marketing Materials,Marketing Materials item 1,25,4765.9,2026-08-18 16:15:52
5009471,500947,1,Office Supplies,Office Supplies item 1,20,168.15,2026-01-02 08:10:43
5009481,500948,1,Professional Services,Professional Services item 1,1,21848.08,2024-10-14 10:50:17
5009491,500949,1,Marketing Materials,Marketing Materials item 1,31,13830.56,2026-01-21 08:37:01
5009492,500949,2,Marketing Materials,Marketing Materials item 2,16,8345.58,2026-01-21 08:37:01
5009501,500950,1,Software Licenses,Software Licenses item 1,1,5746.0,2026-02-02 08:44:13
5009511,500951,1,Software Licenses,Software Licenses item 1,1,32138.27,2026-06-15 13:52:13
5009512,500951,2,Software Licenses,Software Licenses item 2,1,32521.47,2026-06-15 13:52:13
5009513,500951,3,Software Licenses,Software Licenses item 3,1,21165.79,2026-06-15 13:52:13
5009521,500952,1,IT Hardware,IT Hardware item 1,22,6418.18,2025-10-20 09:03:27
5009522,500952,2,IT Hardware,IT Hardware item 2,7,5317.49,2025-10-20 09:03:27
5009531,500953,1,Marketing Materials,Marketing Materials item 1,1,14852.95,2025-11-10 10:29:28
5009541,500954,1,Marketing Materials,Marketing Materials item 1,18,12894.67,2025-11-19 08:49:48
5009542,500954,2,Marketing Materials,Marketing Materials item 2,20,12044.61,2025-11-19 08:49:48
5009551,500955,1,Office Supplies,Office Supplies item 1,4,326.54,2026-04-17 15:22:08
5009552,500955,2,Office Supplies,Office Supplies item 2,20,202.94,2026-04-17 15:22:08
5009561,500956,1,IT Hardware,IT Hardware item 1,33,4335.14,2026-04-01 13:36:42
5009571,500957,1,Marketing Materials,Marketing Materials item 1,21,9353.48,2025-01-17 08:24:53
5009591,500959,1,Marketing Materials,Marketing Materials item 1,25,6907.61,2026-06-15 08:25:02
5009592,500959,2,Marketing Materials,Marketing Materials item 2,38,10876.6,2026-06-15 08:25:02
5009601,500960,1,Office Supplies,Office Supplies item 1,7,205.13,2026-07-13 11:59:02
5009602,500960,2,Office Supplies,Office Supplies item 2,13,41.75,2026-07-13 11:59:02
5009611,500961,1,Professional Services,Professional Services item 1,1,14042.05,2025-09-01 09:24:48
5009612,500961,2,Professional Services,Professional Services item 2,1,141972.39,2025-09-01 09:24:48
5009621,500962,1,Software Licenses,Software Licenses item 1,1,53322.44,2025-05-28 08:01:54
5009631,500963,1,Professional Services,Professional Services item 1,1,110972.27,2026-06-17 10:27:46
5009641,500964,1,IT Hardware,IT Hardware item 1,9,846.61,2026-06-29 10:20:43
5009642,500964,2,IT Hardware,IT Hardware item 2,12,2104.7,2026-06-29 10:20:43
5009651,500965,1,Software Licenses,Software Licenses item 1,1,10330.87,2026-07-20 09:25:12
5009661,500966,1,Software Licenses,Software Licenses item 1,1,14192.32,2025-10-14 08:14:39
5009671,500967,1,Facilities Maintenance,Facilities Maintenance item 1,1,25979.18,2024-11-27 17:17:55
5009681,500968,1,Professional Services,Professional Services item 1,1,73074.5,2025-09-23 09:19:27
5009682,500968,2,Professional Services,Professional Services item 2,1,18189.15,2025-09-23 09:19:27
5009691,500969,1,Marketing Materials,Marketing Materials item 1,13,10378.29,2026-02-23 08:56:40
5009701,500970,1,Office Supplies,Office Supplies item 1,18,103.84,2025-01-17 09:15:01
5009702,500970,2,Office Supplies,Office Supplies item 2,16,151.29,2025-01-17 09:15:01
5009711,500971,1,Marketing Materials,Marketing Materials item 1,12,7240.25,2024-10-24 15:29:55
5009712,500971,2,Marketing Materials,Marketing Materials item 2,13,2256.23,2024-10-24 15:29:55
5009721,500972,1,Software Licenses,Software Licenses item 1,1,4575.39,2025-06-05 09:38:34
5009731,500973,1,Professional Services,Professional Services item 1,1,85250.52,2025-07-14 08:47:58
5009732,500973,2,Professional Services,Professional Services item 2,1,48446.21,2025-07-14 08:47:58
5009741,500974,1,Office Supplies,Office Supplies item 1,28,284.17,2025-08-13 10:51:30
5009742,500974,2,Office Supplies,Office Supplies item 2,20,64.01,2025-08-13 10:51:30
5009751,500975,1,Software Licenses,Software Licenses item 1,1,32665.11,2024-10-16 08:16:12
5009752,500975,2,Software Licenses,Software Licenses item 2,1,15954.94,2024-10-16 08:16:12
5009761,500976,1,Professional Services,Professional Services item 1,1,146388.23,2025-08-25 14:24:26
5009771,500977,1,Marketing Materials,Marketing Materials item 1,5,8913.22,2025-04-04 08:13:55
5009772,500977,2,Marketing Materials,Marketing Materials item 2,30,11633.98,2025-04-04 08:13:55
5009773,500977,3,Marketing Materials,Marketing Materials item 3,10,4365.22,2025-04-04 08:13:55
5009781,500978,1,Office Supplies,Office Supplies item 1,25,154.93,2026-03-19 09:44:31
5009782,500978,2,Office Supplies,Office Supplies item 2,19,372.0,2026-03-19 09:44:31
5009791,500979,1,Marketing Materials,Marketing Materials item 1,23,5338.19,2026-03-30 16:32:11
5009792,500979,2,Marketing Materials,Marketing Materials item 2,32,6276.09,2026-03-30 16:32:11
5009801,500980,1,Software Licenses,Software Licenses item 1,1,12352.97,2025-01-29 10:04:01
5009802,500980,2,Software Licenses,Software Licenses item 2,1,2628.49,2025-01-29 10:04:01
5009803,500980,3,Software Licenses,Software Licenses item 3,1,37197.62,2025-01-29 10:04:01
5009811,500981,1,Facilities Maintenance,Facilities Maintenance item 1,1,32552.91,2025-02-11 14:27:15
5009821,500982,1,IT Hardware,IT Hardware item 1,26,2929.12,2024-10-18 09:13:33
5009831,500983,1,IT Hardware,IT Hardware item 1,25,7842.36,2025-03-26 13:16:04
5009841,500984,1,Facilities Maintenance,Facilities Maintenance item 1,1,29668.71,2025-06-23 08:17:32
5009851,500985,1,Software Licenses,Software Licenses item 1,1,57564.12,2025-02-26 09:16:36
5009852,500985,2,Software Licenses,Software Licenses item 2,1,16627.64,2025-02-26 09:16:36
5009853,500985,3,Software Licenses,Software Licenses item 3,1,51652.51,2025-02-26 09:16:36
5009861,500986,1,IT Hardware,IT Hardware item 1,12,1015.47,2025-01-01 08:27:07
5009862,500986,2,IT Hardware,IT Hardware item 2,13,6206.9,2025-01-01 08:27:07
5009863,500986,3,IT Hardware,IT Hardware item 3,29,4437.06,2025-01-01 08:27:07
5009871,500987,1,IT Hardware,IT Hardware item 1,11,2188.88,2026-05-01 08:30:23
5009872,500987,2,IT Hardware,IT Hardware item 2,39,5403.74,2026-05-01 08:30:23
5009881,500988,1,Office Supplies,Office Supplies item 1,10,140.11,2025-04-24 10:52:35
5009882,500988,2,Office Supplies,Office Supplies item 2,37,181.91,2025-04-24 10:52:35
5009891,500989,1,Software Licenses,Software Licenses item 1,1,23772.21,2024-11-20 08:39:05
5009901,500990,1,Office Supplies,Office Supplies item 1,33,250.98,2026-01-15 10:16:21
5009911,500991,1,Office Supplies,Office Supplies item 1,25,160.42,2024-10-17 10:27:05
5009921,500992,1,Professional Services,Professional Services item 1,1,110570.2,2025-05-28 10:50:09
5009931,500993,1,Professional Services,Professional Services item 1,1,139306.99,2024-12-24 10:31:52
5009932,500993,2,Professional Services,Professional Services item 2,1,30254.31,2024-12-24 10:31:52
5009941,500994,1,Professional Services,Professional Services item 1,1,149634.21,2026-08-24 15:16:54
5009951,500995,1,Office Supplies,Office Supplies item 1,7,315.13,2025-04-09 12:27:25
5009961,500996,1,Office Supplies,Office Supplies item 1,20,121.14,2026-06-29 10:46:21
5009962,500996,2,Office Supplies,Office Supplies item 2,22,259.21,2026-06-29 10:46:21
5009971,500997,1,IT Hardware,IT Hardware item 1,40,7920.9,2024-10-25 09:13:33
5009981,500998,1,Facilities Maintenance,Facilities Maintenance item 1,1,11572.98,2026-02-20 15:23:16
5009991,500999,1,Professional Services,Professional Services item 1,1,102837.6,2026-04-06 12:32:25
5009992,500999,2,Professional Services,Professional Services item 2,1,26136.83,2026-04-06 12:32:25
5010001,501000,1,Facilities Maintenance,Facilities Maintenance item 1,1,16561.47,2024-12-30 09:14:01
5010011,501001,1,Marketing Materials,Marketing Materials item 1,7,3464.87,2025-01-02 10:45:28
5010021,501002,1,Professional Services,Professional Services item 1,1,18451.12,2026-07-29 09:37:12
5010031,501003,1,IT Hardware,IT Hardware item 1,18,5023.17,2025-12-18 13:38:20
5010032,501003,2,IT Hardware,IT Hardware item 2,12,1780.07,2025-12-18 13:38:20
5010041,501004,1,Office Supplies,Office Supplies item 1,2,171.97,2026-02-09 09:53:10
5010051,501005,1,Marketing Materials,Marketing Materials item 1,40,4760.13,2026-04-20 08:56:37
5010071,501007,1,Professional Services,Professional Services item 1,1,57057.65,2026-04-16 08:19:07
5010081,501008,1,IT Hardware,IT Hardware item 1,9,1172.66,2024-12-02 09:51:12
5010091,501009,1,Facilities Maintenance,Facilities Maintenance item 1,1,24852.38,2025-01-17 10:28:30
5010101,501010,1,Office Supplies,Office Supplies item 1,30,143.98,2025-06-16 08:40:06
5010111,501011,1,Software Licenses,Software Licenses item 1,1,39367.99,2026-03-30 08:00:05
5010112,501011,2,Software Licenses,Software Licenses item 2,1,6725.75,2026-03-30 08:00:05
5010141,501014,1,Professional Services,Professional Services item 1,1,111807.04,2026-05-28 08:39:36
5010142,501014,2,Professional Services,Professional Services item 2,1,137638.96,2026-05-28 08:39:36
5010143,501014,3,Professional Services,Professional Services item 3,1,54405.18,2026-05-28 08:39:36
5010151,501015,1,IT Hardware,IT Hardware item 1,26,4803.25,2024-10-16 08:39:03
5010152,501015,2,IT Hardware,IT Hardware item 2,32,5058.8,2024-10-16 08:39:03
5010153,501015,3,IT Hardware,IT Hardware item 3,33,1228.97,2024-10-16 08:39:03
5010161,501016,1,Professional Services,Professional Services item 1,1,23180.01,2025-04-21 10:24:56
5010162,501016,2,Professional Services,Professional Services item 2,1,15459.1,2025-04-21 10:24:56
5010163,501016,3,Professional Services,Professional Services item 3,1,34992.69,2025-04-21 10:24:56
5010171,501017,1,Office Supplies,Office Supplies item 1,9,148.24,2025-03-14 10:09:25
5010172,501017,2,Office Supplies,Office Supplies item 2,20,86.66,2025-03-14 10:09:25
5010181,501018,1,Office Supplies,Office Supplies item 1,39,211.51,2025-05-02 15:05:06
5010182,501018,2,Office Supplies,Office Supplies item 2,7,182.3,2025-05-02 15:05:06
5010201,501020,1,Software Licenses,Software Licenses item 1,1,49687.07,2025-01-07 10:50:18
5010211,501021,1,Software Licenses,Software Licenses item 1,1,9693.44,2024-11-08 09:03:37
5010212,501021,2,Software Licenses,Software Licenses item 2,1,4501.5,2024-11-08 09:03:37
5010213,501021,3,Software Licenses,Software Licenses item 3,1,16243.01,2024-11-08 09:03:37
5010221,501022,1,Facilities Maintenance,Facilities Maintenance item 1,1,28219.38,2024-11-06 08:03:12
5010222,501022,2,Facilities Maintenance,Facilities Maintenance item 2,1,3598.53,2024-11-06 08:03:12
5010223,501022,3,Facilities Maintenance,Facilities Maintenance item 3,1,35344.34,2024-11-06 08:03:12
5010241,501024,1,Facilities Maintenance,Facilities Maintenance item 1,1,27113.84,2025-05-22 17:17:35
5010251,501025,1,IT Hardware,IT Hardware item 1,39,5764.34,2025-10-10 10:35:56
5010252,501025,2,IT Hardware,IT Hardware item 2,24,8975.35,2025-10-10 10:35:56
5010261,501026,1,Marketing Materials,Marketing Materials item 1,25,2846.91,2024-12-02 09:02:07
5010262,501026,2,Marketing Materials,Marketing Materials item 2,26,13372.32,2024-12-02 09:02:07
5010263,501026,3,Marketing Materials,Marketing Materials item 3,40,8685.1,2024-12-02 09:02:07
5010271,501027,1,Marketing Materials,Marketing Materials item 1,6,7264.17,2024-10-17 08:22:47
5010281,501028,1,IT Hardware,IT Hardware item 1,15,1745.42,2025-09-24 14:13:34
5010282,501028,2,IT Hardware,IT Hardware item 2,21,7800.9,2025-09-24 14:13:34
5010283,501028,3,IT Hardware,IT Hardware item 3,15,3036.22,2025-09-24 14:13:34
5010301,501030,1,Facilities Maintenance,Facilities Maintenance item 1,1,37754.06,2026-02-23 10:26:22
5010311,501031,1,Software Licenses,Software Licenses item 1,1,42411.82,2025-07-14 08:15:18
5010321,501032,1,Software Licenses,Software Licenses item 1,1,51272.4,2025-08-15 10:26:17
5010331,501033,1,Facilities Maintenance,Facilities Maintenance item 1,1,16255.22,2026-08-26 11:15:13
5010341,501034,1,Facilities Maintenance,Facilities Maintenance item 1,1,36909.41,2026-06-26 09:23:00
5010342,501034,2,Facilities Maintenance,Facilities Maintenance item 2,1,27269.53,2026-06-26 09:23:00
5010343,501034,3,Facilities Maintenance,Facilities Maintenance item 3,1,27541.56,2026-06-26 09:23:00
5010351,501035,1,Professional Services,Professional Services item 1,1,132691.51,2024-11-25 17:56:50
5010361,501036,1,IT Hardware,IT Hardware item 1,6,6844.51,2026-01-12 09:23:18
5010371,501037,1,IT Hardware,IT Hardware item 1,22,8218.06,2026-08-12 08:10:17
5010381,501038,1,Software Licenses,Software Licenses item 1,1,50390.62,2025-09-29 08:45:00
5010391,501039,1,Marketing Materials,Marketing Materials item 1,3,986.47,2026-09-03 08:25:42
5010392,501039,2,Marketing Materials,Marketing Materials item 2,20,677.05,2026-09-03 08:25:42
5010393,501039,3,Marketing Materials,Marketing Materials item 3,10,3614.55,2026-09-03 08:25:42
5010401,501040,1,Professional Services,Professional Services item 1,1,51917.97,2026-04-28 10:16:50
5010411,501041,1,Professional Services,Professional Services item 1,1,106933.64,2025-01-29 08:10:24
5010421,501042,1,IT Hardware,IT Hardware item 1,6,7036.46,2026-02-10 08:33:32
5010422,501042,2,IT Hardware,IT Hardware item 2,6,6554.72,2026-02-10 08:33:32
5010423,501042,3,IT Hardware,IT Hardware item 3,33,4258.84,2026-02-10 08:33:32
5010431,501043,1,Office Supplies,Office Supplies item 1,2,232.64,2025-06-09 16:34:11
5010432,501043,2,Office Supplies,Office Supplies item 2,4,302.45,2025-06-09 16:34:11
5010441,501044,1,Office Supplies,Office Supplies item 1,34,283.71,2025-04-23 08:54:55
5010451,501045,1,IT Hardware,IT Hardware item 1,33,3576.24,2025-05-29 10:47:49
5010452,501045,2,IT Hardware,IT Hardware item 2,27,4527.06,2025-05-29 10:47:49
5010453,501045,3,IT Hardware,IT Hardware item 3,29,5119.07,2025-05-29 10:47:49
5010461,501046,1,Marketing Materials,Marketing Materials item 1,14,12985.01,2025-03-19 08:06:14
5010462,501046,2,Marketing Materials,Marketing Materials item 2,19,14536.99,2025-03-19 08:06:14
5010463,501046,3,Marketing Materials,Marketing Materials item 3,12,1904.16,2025-03-19 08:06:14
5010471,501047,1,Office Supplies,Office Supplies item 1,36,25.28,2024-10-18 13:45:44
5010481,501048,1,Marketing Materials,Marketing Materials item 1,34,10482.19,2025-03-18 11:12:59
5010482,501048,2,Marketing Materials,Marketing Materials item 2,1,7471.28,2025-03-18 11:12:59
5010491,501049,1,IT Hardware,IT Hardware item 1,11,4275.14,2025-09-04 09:10:14
5010492,501049,2,IT Hardware,IT Hardware item 2,36,3206.13,2025-09-04 09:10:14
5010493,501049,3,IT Hardware,IT Hardware item 3,5,8556.27,2025-09-04 09:10:14
5010501,501050,1,Marketing Materials,Marketing Materials item 1,9,12205.77,2026-06-03 16:33:55
5010502,501050,2,Marketing Materials,Marketing Materials item 2,19,7450.84,2026-06-03 16:33:55
5010503,501050,3,Marketing Materials,Marketing Materials item 3,2,13400.77,2026-06-03 16:33:55
5010511,501051,1,Professional Services,Professional Services item 1,1,37419.71,2025-04-23 13:46:31
5010512,501051,2,Professional Services,Professional Services item 2,1,42280.65,2025-04-23 13:46:31
5010521,501052,1,Facilities Maintenance,Facilities Maintenance item 1,1,35820.39,2025-07-01 11:01:38
5010522,501052,2,Facilities Maintenance,Facilities Maintenance item 2,1,1875.55,2025-07-01 11:01:38
5010523,501052,3,Facilities Maintenance,Facilities Maintenance item 3,1,21958.29,2025-07-01 11:01:38
5010531,501053,1,Software Licenses,Software Licenses item 1,1,20986.08,2026-05-12 09:47:09
5010541,501054,1,Software Licenses,Software Licenses item 1,1,26132.41,2026-05-11 16:07:23
5010542,501054,2,Software Licenses,Software Licenses item 2,1,47625.83,2026-05-11 16:07:23
5010551,501055,1,Software Licenses,Software Licenses item 1,1,44890.08,2025-04-21 10:57:29
5010552,501055,2,Software Licenses,Software Licenses item 2,1,56788.94,2025-04-21 10:57:29
5010561,501056,1,Marketing Materials,Marketing Materials item 1,4,3534.56,2026-06-16 10:20:58
5010571,501057,1,Office Supplies,Office Supplies item 1,32,397.11,2026-07-16 13:04:52
5010572,501057,2,Office Supplies,Office Supplies item 2,35,349.64,2026-07-16 13:04:52
5010591,501059,1,Facilities Maintenance,Facilities Maintenance item 1,1,35021.13,2026-09-10 10:59:06
5010601,501060,1,Office Supplies,Office Supplies item 1,40,282.63,2026-02-10 08:49:05
5010611,501061,1,Facilities Maintenance,Facilities Maintenance item 1,1,39009.39,2025-12-04 10:20:58
5010612,501061,2,Facilities Maintenance,Facilities Maintenance item 2,1,18533.22,2025-12-04 10:20:58
5010613,501061,3,Facilities Maintenance,Facilities Maintenance item 3,1,31756.44,2025-12-04 10:20:58
5010621,501062,1,Software Licenses,Software Licenses item 1,1,39552.16,2026-04-15 09:28:42
5010631,501063,1,Facilities Maintenance,Facilities Maintenance item 1,1,1848.41,2025-11-05 10:49:35
5010641,501064,1,Office Supplies,Office Supplies item 1,34,120.73,2025-12-25 09:03:15
5010651,501065,1,Professional Services,Professional Services item 1,1,26030.02,2024-11-29 10:57:11
5010652,501065,2,Professional Services,Professional Services item 2,1,142211.3,2024-11-29 10:57:11
5010653,501065,3,Professional Services,Professional Services item 3,1,14022.97,2024-11-29 10:57:11
5010661,501066,1,IT Hardware,IT Hardware item 1,12,4142.41,2026-05-05 09:44:57
5010662,501066,2,IT Hardware,IT Hardware item 2,33,8407.08,2026-05-05 09:44:57
5010671,501067,1,IT Hardware,IT Hardware item 1,40,3595.15,2026-09-21 13:15:23
5010672,501067,2,IT Hardware,IT Hardware item 2,17,8678.74,2026-09-21 13:15:23
5010681,501068,1,Facilities Maintenance,Facilities Maintenance item 1,1,3004.91,2025-07-03 11:01:04
5010682,501068,2,Facilities Maintenance,Facilities Maintenance item 2,1,14288.68,2025-07-03 11:01:04
5010691,501069,1,Facilities Maintenance,Facilities Maintenance item 1,1,23578.94,2026-05-18 10:15:46
5010701,501070,1,Professional Services,Professional Services item 1,1,95872.47,2025-03-12 09:56:47
5010702,501070,2,Professional Services,Professional Services item 2,1,115615.55,2025-03-12 09:56:47
5010711,501071,1,Facilities Maintenance,Facilities Maintenance item 1,1,26284.87,2024-12-18 09:28:44
5010721,501072,1,IT Hardware,IT Hardware item 1,18,3342.31,2026-07-23 09:00:40
5010731,501073,1,Office Supplies,Office Supplies item 1,14,310.18,2025-01-22 08:04:36
5010741,501074,1,Office Supplies,Office Supplies item 1,28,343.61,2025-09-22 17:28:54
5010742,501074,2,Office Supplies,Office Supplies item 2,20,390.3,2025-09-22 17:28:54
5010743,501074,3,Office Supplies,Office Supplies item 3,29,277.57,2025-09-22 17:28:54
5010751,501075,1,Software Licenses,Software Licenses item 1,1,24917.78,2025-04-07 11:02:09
5010761,501076,1,Facilities Maintenance,Facilities Maintenance item 1,1,13507.95,2026-02-12 10:29:17
5010771,501077,1,Professional Services,Professional Services item 1,1,64205.1,2026-01-06 09:01:06
5010772,501077,2,Professional Services,Professional Services item 2,1,138242.12,2026-01-06 09:01:06
5010773,501077,3,Professional Services,Professional Services item 3,1,96193.57,2026-01-06 09:01:06
5010781,501078,1,Marketing Materials,Marketing Materials item 1,27,683.9,2025-11-24 10:52:29
5010782,501078,2,Marketing Materials,Marketing Materials item 2,36,7945.91,2025-11-24 10:52:29
5010791,501079,1,Marketing Materials,Marketing Materials item 1,15,4769.52,2025-01-17 16:51:52
5010801,501080,1,Facilities Maintenance,Facilities Maintenance item 1,1,32111.88,2025-05-01 11:01:44
5010802,501080,2,Facilities Maintenance,Facilities Maintenance item 2,1,32504.41,2025-05-01 11:01:44
5010803,501080,3,Facilities Maintenance,Facilities Maintenance item 3,1,5569.32,2025-05-01 11:01:44
5010811,501081,1,Professional Services,Professional Services item 1,1,105170.22,2025-11-26 11:17:19
5010812,501081,2,Professional Services,Professional Services item 2,1,63673.57,2025-11-26 11:17:19
5010821,501082,1,Professional Services,Professional Services item 1,1,67826.75,2025-10-08 13:18:00
5010831,501083,1,Office Supplies,Office Supplies item 1,9,348.97,2026-09-01 09:40:38
5010841,501084,1,Professional Services,Professional Services item 1,1,76164.46,2026-08-24 08:26:32
5010842,501084,2,Professional Services,Professional Services item 2,1,120769.38,2026-08-24 08:26:32
5010851,501085,1,Office Supplies,Office Supplies item 1,29,134.76,2026-09-14 12:55:11
5010861,501086,1,Office Supplies,Office Supplies item 1,16,23.73,2024-10-30 10:01:44
5010862,501086,2,Office Supplies,Office Supplies item 2,9,316.25,2024-10-30 10:01:44
5010871,501087,1,Facilities Maintenance,Facilities Maintenance item 1,1,4363.19,2024-12-27 09:14:02
5010881,501088,1,Professional Services,Professional Services item 1,1,70357.55,2024-11-22 08:35:13
5010891,501089,1,IT Hardware,IT Hardware item 1,3,3281.72,2024-10-28 10:29:21
5010892,501089,2,IT Hardware,IT Hardware item 2,15,4961.21,2024-10-28 10:29:21
5010893,501089,3,IT Hardware,IT Hardware item 3,26,4935.48,2024-10-28 10:29:21
5010901,501090,1,IT Hardware,IT Hardware item 1,18,5190.53,2025-12-10 09:34:22
5010902,501090,2,IT Hardware,IT Hardware item 2,16,1457.59,2025-12-10 09:34:22
5010911,501091,1,IT Hardware,IT Hardware item 1,39,5065.74,2026-06-19 08:45:53
5010921,501092,1,Professional Services,Professional Services item 1,1,13425.88,2025-07-08 17:26:04
5010922,501092,2,Professional Services,Professional Services item 2,1,84066.7,2025-07-08 17:26:04
5010931,501093,1,Facilities Maintenance,Facilities Maintenance item 1,1,5779.01,2025-07-01 08:03:09
5010941,501094,1,Facilities Maintenance,Facilities Maintenance item 1,1,14645.59,2025-01-31 17:00:53
5010942,501094,2,Facilities Maintenance,Facilities Maintenance item 2,1,35617.86,2025-01-31 17:00:53
5010951,501095,1,Professional Services,Professional Services item 1,1,149962.89,2026-06-05 10:36:35
5010952,501095,2,Professional Services,Professional Services item 2,1,24786.22,2026-06-05 10:36:35
5010961,501096,1,Software Licenses,Software Licenses item 1,1,12242.56,2024-11-07 08:19:46
5010962,501096,2,Software Licenses,Software Licenses item 2,1,16352.18,2024-11-07 08:19:46
5010963,501096,3,Software Licenses,Software Licenses item 3,1,39438.11,2024-11-07 08:19:46
5010971,501097,1,Professional Services,Professional Services item 1,1,62293.12,2024-12-17 15:42:39
5010972,501097,2,Professional Services,Professional Services item 2,1,23741.64,2024-12-17 15:42:39
5010981,501098,1,Marketing Materials,Marketing Materials item 1,40,881.3,2025-05-01 14:25:51
5010991,501099,1,Office Supplies,Office Supplies item 1,38,156.73,2025-02-03 16:40:03
5010992,501099,2,Office Supplies,Office Supplies item 2,24,364.93,2025-02-03 16:40:03
5011001,501100,1,IT Hardware,IT Hardware item 1,34,2744.89,2025-05-19 08:01:12
